Unity Editor version:    2022.3.25f1 (530ae0ba3889)
Branch:                  2022.3/staging
Build type:              Release
Batch mode:              YES
macOS version:           Version 12.7.3 (Build 21H1015)
Darwin version:          21.6.0
Architecture:            x86_64
Running under Rosetta:   YES
Available memory:        32768 MB
Using pre-set license
Pro License: YES

COMMAND LINE ARGUMENTS:
/Applications/Unity/Hub/Editor/2022.3.25f1/Unity.app/Contents/MacOS/Unity
-adb2
-batchMode
-noUpm
-name
AssetImportWorker1
-projectPath
/private/var/folders/zj/9jmfnk556k794d0d38955qzh0000gn/T/e396d313abbd4411983a0ac144f8d49e
-logFile
Logs/AssetImportWorker1.log
-srvPort
57982
Successfully changed project path to: /private/var/folders/zj/9jmfnk556k794d0d38955qzh0000gn/T/e396d313abbd4411983a0ac144f8d49e
/private/var/folders/zj/9jmfnk556k794d0d38955qzh0000gn/T/e396d313abbd4411983a0ac144f8d49e
[UnityMemory] Configuration Parameters - Can be set up in boot.config
    "memorysetup-bucket-allocator-granularity=16"
    "memorysetup-bucket-allocator-bucket-count=8"
    "memorysetup-bucket-allocator-block-size=33554432"
    "memorysetup-bucket-allocator-block-count=8"
    "memorysetup-main-allocator-block-size=16777216"
    "memorysetup-thread-allocator-block-size=16777216"
    "memorysetup-gfx-main-allocator-block-size=16777216"
    "memorysetup-gfx-thread-allocator-block-size=16777216"
    "memorysetup-cache-allocator-block-size=4194304"
    "memorysetup-typetree-allocator-block-size=2097152"
    "memorysetup-profiler-bucket-allocator-granularity=16"
    "memorysetup-profiler-bucket-allocator-bucket-count=8"
    "memorysetup-profiler-bucket-allocator-block-size=33554432"
    "memorysetup-profiler-bucket-allocator-block-count=8"
    "memorysetup-profiler-allocator-block-size=16777216"
    "memorysetup-profiler-editor-allocator-block-size=1048576"
    "memorysetup-temp-allocator-size-main=16777216"
    "memorysetup-job-temp-allocator-block-size=2097152"
    "memorysetup-job-temp-allocator-block-size-background=1048576"
    "memorysetup-job-temp-allocator-reduction-small-platforms=262144"
    "memorysetup-allocator-temp-initial-block-size-main=262144"
    "memorysetup-allocator-temp-initial-block-size-worker=262144"
    "memorysetup-temp-allocator-size-background-worker=32768"
    "memorysetup-temp-allocator-size-job-worker=262144"
    "memorysetup-temp-allocator-size-preload-manager=33554432"
    "memorysetup-temp-allocator-size-nav-mesh-worker=65536"
    "memorysetup-temp-allocator-size-audio-worker=65536"
    "memorysetup-temp-allocator-size-cloud-worker=32768"
    "memorysetup-temp-allocator-size-gi-baking-worker=262144"
    "memorysetup-temp-allocator-size-gfx=262144"
Player connection [8770954752] Host "[IP] 192.168.1.9 [Port] 0 [Flags] 2 [Guid] 3916802369 [EditorId] 3916802369 [Version] 1048832 [Id] OSXEditor(0,192.168.1.9) [Debug] 1 [PackageName] OSXEditor [ProjectName] Editor" joined multi-casting on [225.0.0.222:54997]...

Player connection [8770954752] Host "[IP] 192.168.1.9 [Port] 0 [Flags] 2 [Guid] 3916802369 [EditorId] 3916802369 [Version] 1048832 [Id] OSXEditor(0,192.168.1.9) [Debug] 1 [PackageName] OSXEditor [ProjectName] Editor" joined alternative multi-casting on [225.0.0.222:34997]...

[Physics::Module] Initialized MultithreadedJobDispatcher with 9 workers.
Refreshing native plugins compatible for Editor in 0.01 ms, found 0 plugins.
Preloading 0 native plugins for Editor in 0.00 ms.
Initialize engine version: 2022.3.25f1 (530ae0ba3889)
[Subsystems] Discovering subsystems at path /Applications/Unity/Hub/Editor/2022.3.25f1/Unity.app/Contents/Resources/UnitySubsystems
[Subsystems] Discovering subsystems at path /private/var/folders/zj/9jmfnk556k794d0d38955qzh0000gn/T/e396d313abbd4411983a0ac144f8d49e/Assets
GfxDevice: creating device client; threaded=0; jobified=0
 preferred device: Apple M1 Max (high power)
Metal devices available: 1
0: Apple M1 Max (high power)
Using device Apple M1 Max (high power)
Initializing Metal device caps: Apple M1 Max
Initialize mono
Mono path[0] = '/Applications/Unity/Hub/Editor/2022.3.25f1/Unity.app/Contents/Managed'
Mono path[1] = '/Applications/Unity/Hub/Editor/2022.3.25f1/Unity.app/Contents/MonoBleedingEdge/lib/mono/unityjit-macos'
Mono config path = '/Applications/Unity/Hub/Editor/2022.3.25f1/Unity.app/Contents/MonoBleedingEdge/etc'
Using monoOptions --debugger-agent=transport=dt_socket,embedding=1,server=y,suspend=n,address=127.0.0.1:56593
Begin MonoManager ReloadAssembly
Registering precompiled unity dll's ...
Register platform support module: /Applications/Unity/Hub/Editor/2022.3.25f1/Unity.app/Contents/PlaybackEngines/MacStandaloneSupport/UnityEditor.OSXStandalone.Extensions.dll
Register platform support module: /Applications/Unity/Hub/Editor/2022.3.25f1/PlaybackEngines/AndroidPlayer/UnityEditor.Android.Extensions.dll
Register platform support module: /Applications/Unity/Hub/Editor/2022.3.25f1/PlaybackEngines/iOSSupport/UnityEditor.iOS.Extensions.dll
Registered in 0.001359 seconds.
- Loaded All Assemblies, in  0.699 seconds
[usbmuxd] Start listen thread
[usbmuxd] Listen thread started
[usbmuxd] Send listen message
[usbmuxd] Attached: 24 00008027-0002318E1E07002E
Native extension for iOS target not found
Native extension for Android target not found
Android Extension - Scanning For ADB Devices 217 ms
Native extension for OSXStandalone target not found
Mono: successfully reloaded assembly
- Finished resetting the current domain, in  1.564 seconds
Domain Reload Profiling: 2265ms
	BeginReloadAssembly (249ms)
		ExecutionOrderSort (0ms)
		DisableScriptedObjects (0ms)
		BackupInstance (0ms)
		ReleaseScriptingObjects (0ms)
		CreateAndSetChildDomain (3ms)
	RebuildCommonClasses (57ms)
	RebuildNativeTypeToScriptingClass (15ms)
	initialDomainReloadingComplete (156ms)
	LoadAllAssembliesAndSetupDomain (222ms)
		LoadAssemblies (246ms)
		RebuildTransferFunctionScriptingTraits (0ms)
		AnalyzeDomain (218ms)
			TypeCache.Refresh (213ms)
				TypeCache.ScanAssembly (197ms)
			ScanForSourceGeneratedMonoScriptInfo (1ms)
			ResolveRequiredComponents (3ms)
	FinalizeReload (1566ms)
		ReleaseScriptCaches (0ms)
		RebuildScriptCaches (0ms)
		SetupLoadedEditorAssemblies (1417ms)
			LogAssemblyErrors (0ms)
			InitializePlatformSupportModulesInManaged (735ms)
			SetLoadedEditorAssemblies (15ms)
			RefreshPlugins (0ms)
			BeforeProcessingInitializeOnLoad (9ms)
			ProcessInitializeOnLoadAttributes (450ms)
			ProcessInitializeOnLoadMethodAttributes (207ms)
			AfterProcessingInitializeOnLoad (0ms)
			EditorAssembliesLoaded (0ms)
		ExecutionOrderSort2 (0ms)
		AwakeInstancesAfterBackupRestoration (0ms)
========================================================================
Worker process is ready to serve import requests
Begin MonoManager ReloadAssembly
- Loaded All Assemblies, in  0.591 seconds
Refreshing native plugins compatible for Editor in 0.00 ms, found 0 plugins.
Native extension for iOS target not found
Native extension for Android target not found
Native extension for OSXStandalone target not found
Mono: successfully reloaded assembly
- Finished resetting the current domain, in  1.529 seconds
Domain Reload Profiling: 2123ms
	BeginReloadAssembly (357ms)
		ExecutionOrderSort (0ms)
		DisableScriptedObjects (41ms)
		BackupInstance (0ms)
		ReleaseScriptingObjects (0ms)
		CreateAndSetChildDomain (48ms)
	RebuildCommonClasses (58ms)
	RebuildNativeTypeToScriptingClass (16ms)
	initialDomainReloadingComplete (69ms)
	LoadAllAssembliesAndSetupDomain (93ms)
		LoadAssemblies (181ms)
		RebuildTransferFunctionScriptingTraits (0ms)
		AnalyzeDomain (81ms)
			TypeCache.Refresh (58ms)
				TypeCache.ScanAssembly (43ms)
			ScanForSourceGeneratedMonoScriptInfo (16ms)
			ResolveRequiredComponents (7ms)
	FinalizeReload (1531ms)
		ReleaseScriptCaches (0ms)
		RebuildScriptCaches (0ms)
		SetupLoadedEditorAssemblies (1007ms)
			LogAssemblyErrors (0ms)
			InitializePlatformSupportModulesInManaged (140ms)
			SetLoadedEditorAssemblies (14ms)
			RefreshPlugins (0ms)
			BeforeProcessingInitializeOnLoad (111ms)
			ProcessInitializeOnLoadAttributes (639ms)
			ProcessInitializeOnLoadMethodAttributes (102ms)
			AfterProcessingInitializeOnLoad (1ms)
			EditorAssembliesLoaded (0ms)
		ExecutionOrderSort2 (0ms)
		AwakeInstancesAfterBackupRestoration (12ms)
Launching external process: /Applications/Unity/Hub/Editor/2022.3.25f1/Unity.app/Contents/Tools/UnityShaderCompiler
Launched and connected shader compiler UnityShaderCompiler after 0.07 seconds
Refreshing native plugins compatible for Editor in 0.00 ms, found 0 plugins.
Preloading 0 native plugins for Editor in 0.00 ms.
Unloading 1041 Unused Serialized files (Serialized files now loaded: 0)
Unloading 18 unused Assets / (1.8 MB). Loaded Objects now: 1502.
Memory consumption went from 171.4 MB to 169.5 MB.
Total: 3.117417 ms (FindLiveObjects: 0.080209 ms CreateObjectMapping: 0.024917 ms MarkObjects: 2.536125 ms  DeleteObjects: 0.474917 ms)

AssetImportParameters requested are different than current active one (requested -> active):
  custom:video-decoder-ogg-theora: a1e56fd34408186e4bbccfd4996cb3dc -> 
  custom:container-muxer-webm: aa71ff27fc2769a1b78a27578f13a17b -> 
  custom:container-demuxer-webm: 4f35f7cbe854078d1ac9338744f61a02 -> 
  custom:video-encoder-webm-vp8: eb34c28f22e8b96e1ab97ce403110664 -> 
  custom:framework-osx-AVFoundation: e770b220cccbd017edd2c1fefb359320 -> 
  custom:CustomObjectIndexerAttribute: 9a22284fe3817be447336de3de66b15e -> 
  custom:audio-encoder-webm-vorbis: bf7c407c2cedff20999df2af8eb42d56 -> 
  custom:SearchIndexIgnoredProperties: e643bd26f0fe6173181afceb89e7c659 -> 
  custom:container-demuxer-ogg: 62fdf1f143b41e24485cea50d1cbac27 -> 
  custom:video-decoder-webm-vp8: 9c59270c3fd7afecdb556c50c9e8de78 -> 
  custom:audio-decoder-ogg-vorbis: bf7c407c2cedff20999df2af8eb42d56 -> 
  custom:AudioImporter_EditorPlatform: 3918e3fc78b5a79bad01e8451be0beb8 -> 
  custom:scripting/monoscript/fileName/FileSettingsRepository.cs:  -> 26dd9fac1ce03dccc58801e79f909037
  custom:scripting/monoscript/fileName/Decorators.cs:  -> 4533f6715dc3f8cdabbd37ff77d1dad7
  custom:scripting/monoscript/fileName/Button.cs:  -> 18874d3cd8f6e3668320e6beabdb6cbc
  custom:scripting/monoscript/fileName/LayoutUtility.cs:  -> 5aad751cb79650d7f92ebd417a09943c
  custom:scripting/monoscript/fileName/PreferenceKeys.cs:  -> 971ed4aae575beb1e198c26581764982
  custom:scripting/monoscript/fileName/OpenVertexColorEditor.cs:  -> 30ff560893ac054d11bcf5e0433eccba
  custom:scripting/monoscript/fileName/DefaultControls.cs:  -> 553a49af5274967d9937dc08d9e54483
  custom:scripting/monoscript/fileName/GlobalSettings.cs:  -> e5eb35b80bdfaee4ead1e1630fd77998
  custom:scripting/monoscript/fileName/IMaskable.cs:  -> 7d1a33632a371b7839c89496b37570f7
  custom:scripting/monoscript/fileName/PackageImporter.cs:  -> 1fe0039e0f1efd9d08d3a2da485c6f93
  custom:scripting/monoscript/fileName/TMP_FontFeatureTable.cs:  -> cbd25d300d7ed4d969d60cb9f98f2826
  custom:scripting/monoscript/fileName/TMP_FontAssetCommon.cs:  -> 2b5f11ccf8aacaf9b5ea6564bf2b0d57
  custom:scripting/monoscript/fileName/TMP_SDFShaderGUI.cs:  -> 1460619486eb6e8da302e26af5538aaa
  custom:scripting/monoscript/fileName/PostProcessRenderContext.cs:  -> 9e034c8bf7d42a1d6c2d4339915eccb0
  custom:scripting/monoscript/fileName/PostProcessEffectBaseEditor.cs:  -> 972bdf00f442be0d879dcb6868e25c8e
  custom:scripting/monoscript/fileName/RectangularVertexClipper.cs:  -> b6da5fc33d733831211174eb77db8240
  custom:scripting/monoscript/fileName/IClipRegion.cs:  -> 7f6cd92e6d4df0295c24c7c4ddc064ba
  custom:scripting/monoscript/fileName/TMP_RichTextTagsCommon.cs:  -> 5462d55f8a9ad882f9a7f2d708a6978b
  custom:scripting/monoscript/fileName/SmoothGroupEditor.cs:  -> 8bc2610f365dc4634fc8c31ccc969585
  custom:scripting/monoscript/fileName/TMPro_ExtensionMethods.cs:  -> 479bffcc157b89693ffc4c2ef2374861
  custom:scripting/monoscript/fileName/DTSweep.cs:  -> b489dbbdebbb3b9e956ffbc2a0d88071
  custom:scripting/monoscript/fileName/MeshValidation.cs:  -> 96702c51dfa78152e589ae8ca081a783
  custom:scripting/monoscript/fileName/ContentSizeFitter.cs:  -> e2715cebc3fc71ede47fde6d9e9995cc
  custom:scripting/monoscript/fileName/UVRenderOptions.cs:  -> cbafaf027c1745bc7e47ed02d4fc6533
  custom:scripting/monoscript/fileName/WingedEdgeEnumerator.cs:  -> adbd097edcaa08879624b3dbf9fed71f
  custom:scripting/monoscript/fileName/RuntimeUtilities.cs:  -> 76964d36e50cc48cfa29643bdde8d9a5
  custom:scripting/monoscript/fileName/TooltipEditor.cs:  -> 051c4adf0743255fa06a6508fb451a66
  custom:scripting/monoscript/fileName/HyperRect.cs:  -> 90647cc400823b41df847a6cbfc29026
  custom:scripting/monoscript/fileName/TextEditor.cs:  -> 0795927915f8ee9dc27f674f60e96764
  custom:scripting/monoscript/fileName/EditorHandleUtility.cs:  -> 0ac2d22f358476e1b744f1f8895e1aba
  custom:scripting/monoscript/fileName/SemVer.cs:  -> 3cf48f4591710125c2a8f6dc6ca94475
  custom:scripting/monoscript/fileName/ColorUtility.cs:  -> 955d148b2d9eeb72c61392d743a13c8c
  custom:scripting/monoscript/fileName/PostProcessManager.cs:  -> 28ef7780d543a8111635e1f5051383d0
  custom:scripting/monoscript/fileName/SpriteState.cs:  -> 57b3309510f8493daf4f3019efe64711
  custom:scripting/monoscript/fileName/RepairActions.cs:  -> c98caac95a1bd550b46a8909c4bd3f4b
  custom:scripting/monoscript/fileName/FloatMath.cs:  -> 0fe73a55cac7bdb87b1e039ac908242b
  custom:scripting/monoscript/fileName/UvUnwrapping.cs:  -> 6dc18e949826aea52a2968ed7b10cc47
  custom:scripting/monoscript/fileName/PrefabLayoutRebuilder.cs:  -> a5c4903b52cf08d0d76a12531586d566
  custom:scripting/monoscript/fileName/IMeshModifier.cs:  -> d34ea46c6ec982082dceca7968209d0b
  custom:scripting/monoscript/fileName/ISettingsRepository.cs:  -> c644889b75049794adfff59de4a57ec6
  custom:scripting/monoscript/fileName/PlayModeStateListener.cs:  -> ba78ae5abba643d510dbfde3cfe9c012
  custom:scripting/monoscript/fileName/TMPro_EventManager.cs:  -> 4c7492301243f935f7a463360f91d217
  custom:scripting/monoscript/fileName/VertexPositionEditor.cs:  -> 46d235253e54e23a363ea17144ac2a77
  custom:scripting/monoscript/fileName/ToggleSelectBackFaces.cs:  -> cd800d355c36b0670ead69c584432936
  custom:scripting/monoscript/fileName/TMP_SubMeshUI.cs:  -> 748262c65738bc5e1c553ae7a37a0c73
  custom:scripting/monoscript/fileName/GlyphRectPropertyDrawer.cs:  -> bdec415148eac17379112822c8814df5
  custom:scripting/monoscript/fileName/ConnectElements.cs:  -> b040b3cb3e9da34e655bb3a47bd46193
  custom:scripting/monoscript/fileName/ShrinkSelection.cs:  -> fe8a97f4f165a36f66e0120cfbdfd1a0
  custom:scripting/monoscript/fileName/Toggle.cs:  -> fc59b554e8aca13c5f78dc9bb5f2dcbb
  custom:scripting/monoscript/fileName/RaycastResult.cs:  -> 3da05e5f8945f9e35dd9f158a0fc91b7
  custom:scripting/monoscript/fileName/ButtonEditor.cs:  -> 5ac506fb7c7a0164c335183377af7ab2
  custom:scripting/monoscript/fileName/StencilMaterial.cs:  -> c69bffbf7b7d04b1aed525ae7043b52a
  custom:scripting/monoscript/fileName/WeldVertices.cs:  -> 150ff8957179426a96725d6e78b916cf
  custom:scripting/monoscript/fileName/TMPro_UGUI_Private.cs:  -> 90647cc400823b41df847a6cbfc29026
  custom:scripting/monoscript/fileName/Bloom.cs:  -> 6f6d579a64201b97313a62a1e91b3575
  custom:scripting/monoscript/fileName/EditorStyles.cs:  -> d933620442e94f395abad499f0a07844
  custom:scripting/monoscript/fileName/SettingsGUILayout.cs:  -> 1bf4073b7b90c06a4199be7cdd2735ca
  custom:scripting/monoscript/fileName/IntVec4.cs:  -> 4a457fdc2b6edfff9af20f31f74bc367
  custom:scripting/monoscript/fileName/Misc.cs:  -> 7ed2e50827551a4e78c69f183dffa2c9
  custom:scripting/monoscript/fileName/MeshHandle.cs:  -> 4fb552a16b062d468ef698bbde7ead52
  custom:scripting/monoscript/fileName/CoroutineTween.cs:  -> 145a57fb4b19fcfb123b1dcc9c6ec846
  custom:scripting/monoscript/fileName/Image.cs:  -> dab426e5f5622a0f37965b80d0c94886
  custom:scripting/monoscript/fileName/pb_Stl.cs:  -> 9b07f4f149309491c5f1435ec678ae63
  custom:scripting/monoscript/fileName/ShapeGenerator.cs:  -> 8279205acb8a1e8bdcbaa5ab6a730a68
  custom:scripting/monoscript/fileName/VertexColorPalette.cs:  -> e5d6bcbfe423cc4ee23c4be5f46b1637
  custom:scripting/monoscript/fileName/Spline.cs:  -> f8384952784bb95e08e1e29156fe4db5
  custom:scripting/monoscript/fileName/InternalUtility.cs:  -> b46a4bbee8883c649a48eca82d9c5113
  custom:scripting/monoscript/fileName/EditorToolbarLoader.cs:  -> fdf9b8f64a6e826326906d3119503c10
  custom:scripting/monoscript/fileName/IconUtility.cs:  -> 45ed954b9dd197048f268e19e52aa10b
  custom:scripting/monoscript/fileName/MeshHandles.cs:  -> 9078a2010039bebdb66a21ef9e570477
  custom:scripting/monoscript/fileName/ColorGrading.cs:  -> ef67493fb3cf9676ba5f25862510a595
  custom:scripting/monoscript/fileName/Monitor.cs:  -> e0eb5d32b3aade2e0ce8680b00ac2b78
  custom:scripting/monoscript/fileName/TMPro_ContextMenus.cs:  -> 06b3d4b27f337b8d846ca7117f3251e1
  custom:scripting/monoscript/fileName/EventTriggerEditor.cs:  -> 6ea4cbbbbfa1cf486ec109d8109386ab
  custom:scripting/monoscript/fileName/TouchInputModule.cs:  -> f649e6d16e6a2b3e3d9ef2fc7f32a42a
  custom:scripting/monoscript/fileName/AutoExposure.cs:  -> 0e7c21b17f53209ee8c5c61ab59d7835
  custom:scripting/monoscript/fileName/VolumeFactory.cs:  -> cc77136700c9e1ff894d234886ccb852
  custom:scripting/monoscript/fileName/MaskUtilities.cs:  -> 1ac31d7c3f0aeeb6154c06c4f379fbda
  custom:scripting/monoscript/fileName/DestroyListener.cs:  -> 6be46e6f4b52a4b0718c2fb44268f9ce
  custom:scripting/monoscript/fileName/TMPro_MeshUtilities.cs:  -> 2237d160e4d9e81a7d899dc235029cb3
  custom:scripting/monoscript/fileName/TMP_TextInfo.cs:  -> 9e4eb698c4c168829682cbe659418e8f
  custom:scripting/monoscript/fileName/BaseEventData.cs:  -> fe1c8385b48c0521893f28f747b6fc69
  custom:scripting/precompiled-assembly-types:Unity.Postprocessing.Runtime:  -> 655cd018e42ac91ed9a03cfbdae17956
  custom:scripting/monoscript/fileName/TMP_TextElement_Legacy.cs:  -> 6e11e173cb695b15e8cce3cd1e1cb2a7
  custom:scripting/monoscript/fileName/TMP_Compatibility.cs:  -> 3ef1f12d3c823dd740c7c596ab076c61
  custom:scripting/monoscript/fileName/NavigationDrawer.cs:  -> d6f1c1b7e626587e232b7c29fd8317ca
  custom:scripting/monoscript/fileName/MenuAction.cs:  -> 898ec4fe99f46e9006b47eb12b400bce
  custom:scripting/monoscript/fileName/TextContainer.cs:  -> 245c032a15fbc12850861c707e37b027
  custom:scripting/monoscript/fileName/IntVec2.cs:  -> 08f3ad76946da3616135c08e32f0dd9a
  custom:scripting/monoscript/fileName/Pipe.cs:  -> 5ab339b2fd460f209f184462230f3149
  custom:scripting/monoscript/fileName/VectorscopeMonitor.cs:  -> cb70c6437b976f01b752cd219cc47f32
  custom:scripting/monoscript/fileName/FaceRebuildData.cs:  -> 84b2db0355125c47a227c7fa1701067f
  custom:scripting/monoscript/fileName/MirrorObjects.cs:  -> 352699d4a7651efc5cce5eea885082ac
  custom:scripting/monoscript/fileName/IMaterialModifier.cs:  -> 22379bdba952e76eedc3495376a7f365
  custom:scripting/monoscript/fileName/PreferenceDictionaryEditor.cs:  -> 9fa6284d94bac21a015ed6b0842b4204
  custom:scripting/monoscript/fileName/TextureTool.cs:  -> 993795ee2a60353f3a850d19c84178be
  custom:scripting/monoscript/fileName/StandaloneInputModule.cs:  -> bdd0257dc8587dc277481ed15f006d00
  custom:scripting/monoscript/fileName/MeshSelection.cs:  -> 1023d69f6dc6c80d3619702d1b000c52
  custom:scripting/monoscript/fileName/PolyShapeTool.cs:  -> 7bc678380b9081ce72ddf75ffd2e71dd
  custom:scripting/monoscript/fileName/EditorMeshUtility.cs:  -> 07524f479fd6253ffe9cec9107fd0db3
  custom:scripting/monoscript/fileName/PointSet.cs:  -> 856b6b7048d351f3361fd73be98c133e
  custom:scripting/monoscript/fileName/BaseInput.cs:  -> 2124093b3f8a7fbb31af4584d7906f17
  custom:scripting/monoscript/fileName/BuiltinMaterials.cs:  -> f1801187dcebf42d4c70a9f4b283cc9a
  custom:scripting/monoscript/fileName/Plane.cs:  -> 10495ff9b800b2afa8268aeffb6ada07
  custom:scripting/monoscript/fileName/InterceptedEventsPreview.cs:  -> 94e846ba0cdb752454d2d472cfe36d16
  custom:scripting/monoscript/fileName/HandleGUI.cs:  -> d5e044de315c4ae729548743aabbcc7c
  custom:scripting/monoscript/fileName/Dropdown.cs:  -> e2499375dbab18b142e2db07a091d792
  custom:scripting/monoscript/fileName/TMP_EditorResourceManager.cs:  -> f56b80268a934198a76acc6f4cef503c
  custom:scripting/monoscript/fileName/TMPro_FontAssetCreatorWindow.cs:  -> 0d0900483ed9b57d4ccc2ff58d1220b3
  custom:scripting/monoscript/fileName/PointerInputModule.cs:  -> c4d4fe7ccbecd5087b916bc87196dbe9
  custom:scripting/monoscript/fileName/ChromaticAberrationEditor.cs:  -> 3043bf57519b71f64b7a6de970c2487b
  custom:scripting/monoscript/fileName/Export.cs:  -> 078559a78b86060d1b211241c5c67779
  custom:scripting/monoscript/fileName/LayoutPropertiesPreview.cs:  -> 464f6e736bc56387abed9e1345b58e03
  custom:scripting/monoscript/fileName/IHasDefault.cs:  -> d3ac6d93a1f2a0255a9ab45bb4e61b9c
  custom:scripting/monoscript/fileName/TriangulationPoint.cs:  -> 32917afe2890c1499ece497286a4d04a
  custom:scripting/monoscript/fileName/TemporalAntialiasing.cs:  -> 71e40fdab49d34f4e07f83936454d904
  custom:scripting/monoscript/fileName/AutoUVEditor.cs:  -> a2d70cd5a5b723a42dd96d8849970c6c
  custom:scripting/monoscript/fileName/HandleConstraint2D.cs:  -> 0be005422d79e45e5239b3f12629e4ee
  custom:scripting/monoscript/fileName/TMP_SubMesh_Editor.cs:  -> b381eb4c2ad4ef265088242d67c5b140
  custom:scripting/monoscript/fileName/TMP_Settings.cs:  -> 68d1204aae2aa6d0a54c151b7af443e7
  custom:scripting/monoscript/fileName/Selectable.cs:  -> 355ffa2236bbfbbd4ecc059e599154f4
  custom:scripting/monoscript/fileName/TMPro_SortingLayerHelper.cs:  -> 8b86ad735987eff6a1277352e9e8d9b6
  custom:scripting/monoscript/fileName/SelectionPickerRenderer.cs:  -> ebb4947fce4540eba10b7d1df3164b8c
  custom:scripting/monoscript/fileName/PostProcessEffectRenderer.cs:  -> 577c5acf8157ecea944bb95c8c6d9a95
  custom:scripting/monoscript/fileName/UserSettingsProvider.cs:  -> cf93c9e7f0242ada7160bbcb19be7d9f
  custom:scripting/monoscript/fileName/Extrude.cs:  -> 34a5e82da627ee072b8b3873fd02e1ab
  custom:scripting/monoscript/fileName/TMP_TextElement.cs:  -> 5dfb95666bd41ecc32948097824aba23
  custom:scripting/monoscript/fileName/TMP_Text.cs:  -> 5cba61e283281e8dbf7dadaabcd638dc
  custom:scripting/monoscript/fileName/TMP_InputFieldEditor.cs:  -> a6f05406e9cdb59679382b884c14216a
  custom:scripting/monoscript/fileName/IgnoreSnap.cs:  -> 1964a5b7645d754c4a47ea487f0f21fb
  custom:scripting/monoscript/fileName/DTSweepContext.cs:  -> 2981771f565ec1526dc5d821e460f88f
  custom:scripting/monoscript/fileName/OpenMaterialEditor.cs:  -> e48180fa4e846a1c9510af46c88df99b
  custom:scripting/monoscript/fileName/UVEditor.cs:  -> bb46d5bac7199bd3c17dd891460f80ff
  custom:scripting/monoscript/fileName/RectMask2DEditor.cs:  -> f121c7dbc11fd506db77fcd126dfa3fc
  custom:scripting/monoscript/fileName/PanelEventHandler.cs:  -> ba6769d051300e140797e22cf69b8ced
  custom:scripting/monoscript/fileName/BaseRaycaster.cs:  -> e37362e329c8091c64b863e33af2335e
  custom:scripting/monoscript/fileName/TextureFormatUtilities.cs:  -> ba58c57cfaabc0f8201a9ca6902fcb23
  custom:scripting/monoscript/fileName/PreferenceDictionary.cs:  -> 39594dd21319b14ffe21cbd90959a3a6
  custom:scripting/monoscript/fileName/Experimental.cs:  -> 91e9d2d4ec28f211f51aa6b3c2d6addc
  custom:scripting/monoscript/fileName/ProbuilderScaleTool.cs:  -> 2b819c71d43921e551cd144d387df88b
  custom:scripting/monoscript/fileName/ReflectionUtility.cs:  -> 4f20c90f34e7c9a0975037e76bd514e1
  custom:scripting/monoscript/fileName/TriangulationContext.cs:  -> c42f2501129644a7463ca94823659aca
  custom:scripting/monoscript/fileName/ElementSelection.cs:  -> c68aacab4736cb88931cbda58954f8b2
  custom:scripting/monoscript/fileName/AmbientOcclusion.cs:  -> 7a27923f9312611f0b2898a72e3ee96a
  custom:scripting/monoscript/fileName/TMP_SpriteAssetImportFormats.cs:  -> 920e3140228fbd530b0080254da22d88
  custom:scripting/monoscript/fileName/TMP_StyleAssetMenu.cs:  -> 60e7743122a0686d1131101c521adac6
  custom:scripting/monoscript/fileName/EventTrigger.cs:  -> 302ed930e5ba0917aa82911027f67670
  custom:scripting/monoscript/fileName/ConfigurableWindow.cs:  -> c5114dc30bc9061442d90941d750ad69
  custom:scripting/monoscript/fileName/TriggerBehaviour.cs:  -> 9e9b28603c1443f5d61fd91ef7ccbf86
  custom:scripting/monoscript/fileName/ProBuilderMeshFunction.cs:  -> 90647cc400823b41df847a6cbfc29026
  custom:scripting/monoscript/fileName/TMP_MaterialManager.cs:  -> 441d72ec3c04a8da6a351f60fff95465
  custom:scripting/monoscript/fileName/StripProBuilderScripts.cs:  -> 8d1118df1b038f5729efd517ae8a88bb
  custom:scripting/monoscript/fileName/TextureMoveTool.cs:  -> ce8cacc59824d8cf57a35f09c16f8711
  custom:scripting/monoscript/fileName/TMP_SpriteAsset.cs:  -> 8d06882cb45c7664f8d7c3079ee8757f
  custom:scripting/monoscript/fileName/GraphicRaycaster.cs:  -> 0fc8c9d6ff17669221a0b586bde06477
  custom:scripting/monoscript/fileName/CanvasUpdateRegistry.cs:  -> bdf5b5b4904888a4c7ec20bc9ff4f0a2
  custom:scripting/monoscript/fileName/TMP_TextParsingUtilities.cs:  -> 8b3fe20641ae0dd97405135955c706a3
  custom:scripting/monoscript/fileName/TooltipContent.cs:  -> ebba672cca5b3ad7206f389dac2aaebf
  custom:scripting/monoscript/fileName/EventSystemEditor.cs:  -> 76f2d1177650edec9abc8c01fb91473a
  custom:scripting/monoscript/fileName/LightmapUVEditor.cs:  -> 4a5ea877356561228eed906adcd3bedb
  custom:scripting/monoscript/fileName/SmartConnect.cs:  -> 8e54477dfa9d32f8770b42f4e609398c
  custom:scripting/monoscript/fileName/PropertySheetFactory.cs:  -> cfc4667cc03e44252fafe18d99f24b25
  custom:scripting/monoscript/fileName/LayoutGroup.cs:  -> 47296f37423e45582ae2a1285f1834e1
  custom:scripting/monoscript/fileName/LayoutElement.cs:  -> 0ad083ca76b6eceec2f3e5e824de2611
  custom:scripting/monoscript/fileName/PreferencesUpdater.cs:  -> 83612b3eb5c9f939088fe8899554f47b
  custom:scripting/monoscript/fileName/PostProcessVolume.cs:  -> 3883cef4be0567c54caf457a416a2095
  custom:scripting/monoscript/fileName/ExportObj.cs:  -> c18a1561185a459c7d8d09a4d25283a2
  custom:scripting/monoscript/fileName/LayoutRebuilder.cs:  -> 361ab5c1dfc0dd155ae206d28605f701
  custom:scripting/monoscript/fileName/EditorUtilities.cs:  -> 53a52fb113757c42f9c516115bd845ca
  custom:scripting/precompiled-assembly-types:Unity.ProBuilder.Poly2Tri:  -> 712d99785a351e84267ba67b8719d675
  custom:scripting/monoscript/fileName/IndexedSet.cs:  -> 90647cc400823b41df847a6cbfc29026
  custom:scripting/monoscript/fileName/ProBuilderAnalytics.cs:  -> 2cd7a59044f39493e703b05f32b66c91
  custom:scripting/monoscript/fileName/ProBuilderMesh.cs:  -> 0e6585ddd7e3b7b9ccb3e49898a586dc
  custom:scripting/monoscript/fileName/SetPropertyUtility.cs:  -> f604b4b9e6b0979bdfc1e2b40426dd19
  custom:scripting/monoscript/fileName/EditorUtility.cs:  -> 4382ba71a5fdd3efad937be52139f5f9
  custom:scripting/monoscript/fileName/Arch.cs:  -> b067ac6b52031bd7322d6f3511ad169c
  custom:scripting/monoscript/fileName/LogEditor.cs:  -> 40340fd10eb0d8176aa6afc39bccbaf4
  custom:scripting/monoscript/fileName/EventSystem.cs:  -> 9893ce071eb20d5c73342946ea902daa
  custom:scripting/monoscript/fileName/FlipObjectNormals.cs:  -> 5609faa163c9a11dab9cd43e902b823c
  custom:scripting/monoscript/fileName/PostProcessDebugLayer.cs:  -> 6d8a99809398beddf11f92dfbb0e6ad4
  custom:scripting/monoscript/fileName/LightMeterMonitor.cs:  -> a897ae0c731cb153281aea9ecd0efb03
  custom:scripting/monoscript/fileName/PostProcessEvent.cs:  -> 8fb6e54ff2cf1a8be7ecdd01fbdd78f8
  custom:scripting/monoscript/fileName/TMP_ResourcesManager.cs:  -> 64252a073d41e9c6f4e95b5f68ac966c
  custom:scripting/monoscript/fileName/PositionTool.cs:  -> 2fd18bf8664a011c4421990ba96d6342
  custom:scripting/monoscript/fileName/ProjectUserSettings.cs:  -> 45b935268a6ef891e8577fe004b3f872
  custom:scripting/monoscript/fileName/ColorUtilities.cs:  -> 47918ebfa890b947a816b80444ee2882
  custom:scripting/monoscript/fileName/Edge.cs:  -> 057c878f971a98ac6fecd89263127db8
  custom:scripting/monoscript/fileName/AspectRatioFitterEditor.cs:  -> ca909eaa36fb5ef0289fe980de644381
  custom:scripting/monoscript/fileName/HaltonSeq.cs:  -> a7590e55d6fae5328a1c395a2473d0cf
  custom:scripting/monoscript/fileName/BezierPoint.cs:  -> 34833cc72fdb3a48f1f4d008cbd59fdb
  custom:scripting/monoscript/fileName/TMPro_TexturePostProcessor.cs:  -> 0750ad2b775120fa59f760172dc340ad
  custom:scripting/monoscript/fileName/TrackballAttribute.cs:  -> 8dea8f77de7bd03137cc578af1ea6656
  custom:scripting/monoscript/fileName/Smoothing.cs:  -> 330a1dd6217f1894b6d80984c74f9c02
  custom:scripting/monoscript/fileName/TMP_PostBuildProcessHandler.cs:  -> c69b388004562ecb0f789fc3759d9651
  custom:scripting/monoscript/fileName/Text.cs:  -> f3cd2527cc0cf233b21b58a0a7d6ebc9
  custom:scripting/monoscript/fileName/SettingsDictionary.cs:  -> deb5cd076ff61db1f023cc41ad83ead7
  custom:scripting/monoscript/fileName/Projection.cs:  -> ed09dc3fa75f6d964258c142443c8e2f
  custom:scripting/monoscript/fileName/ProBuilderShapeEditor.cs:  -> e9de23e6a3e5ceebe7af47bb766a8898
  custom:scripting/monoscript/fileName/ConnectVertices.cs:  -> 8257d8a693dec45e625c35a99914af6f
  custom:scripting/monoscript/fileName/ClipperRegistry.cs:  -> 8e6c24182f27f55fb4de3b4cdfe95c6c
  custom:scripting/monoscript/fileName/TMP_DropdownEditor.cs:  -> 2d907ee76ef876797c15186180266847
  custom:scripting/monoscript/fileName/SpriteStateDrawer.cs:  -> 5df3134a6f23a9419d53d42b06555043
  custom:scripting/monoscript/fileName/EntityBehaviour.cs:  -> 7a0182fad58e8b86f5d1052d96507e02
  custom:scripting/monoscript/fileName/MergeElements.cs:  -> c9b3400349305ddcd54accbdabf30f58
  custom:scripting/monoscript/fileName/EdgeUtility.cs:  -> 1a660714836b36f59bcd2ddafecfe565
  custom:scripting/monoscript/fileName/SelectionUtility.cs:  -> 92d2eece3ee87ab27a4e71ba6256b756
  custom:scripting/monoscript/fileName/InputField.cs:  -> 50f5a4450f02a1646ac6ec7a42f31f75
  custom:scripting/monoscript/fileName/PointerEventData.cs:  -> 3c7a8b2c3ff2e04116c5ea92277d670a
  custom:scripting/monoscript/fileName/ToolbarGroup.cs:  -> 61877aef40bf12b94f4563196b114281
  custom:scripting/monoscript/fileName/ColorGradingEditor.cs:  -> 25838050e3e1f12ef51713a5dcf60349
  custom:scripting/monoscript/fileName/ParameterOverride.cs:  -> 5475497db741ca919df708e5019e593d
  custom:scripting/precompiled-assembly-types:UnityEngine.UI:  -> f762135bac905e34e2b540c872c48817
  custom:scripting/monoscript/fileName/Entity.cs:  -> 46f49b609c478dd10de66061000fec95
  custom:scripting/monoscript/fileName/Physics2DRaycaster.cs:  -> 532e9bb49f140fabac2c7047d6401ab9
  custom:scripting/monoscript/fileName/ProBuilderEditor.cs:  -> 2dba96b7748ca8a4b559fcb455a58b78
  custom:scripting/monoscript/fileName/AxisEventData.cs:  -> bd68a02a31e92e066ceec31b011fbc57
  custom:scripting/monoscript/fileName/MinAttribute.cs:  -> a3e7473301291585f4cca024ce307406
  custom:scripting/monoscript/fileName/TMP_PackageResourceImporter.cs:  -> 949b6e7fa2132b400d5c4aaf9c34421a
  custom:scripting/monoscript/fileName/EditorHandleDrawingScopes.cs:  -> fa69dc0aae38f933c4768b1a381f6f16
  custom:scripting/monoscript/fileName/ScriptingSymbolManager.cs:  -> 9f4ebf1856d93cebe044158f23b01e0b
  custom:scripting/monoscript/fileName/TMP_EditorCoroutine.cs:  -> 04cbf5ce6e541d98265aa7668ef82832
  custom:scripting/monoscript/fileName/MaterialUtility.cs:  -> 39fc2b5fdbf10826d74b00a710dbbd4b
  custom:scripting/monoscript/fileName/MeshTransform.cs:  -> 558feaf5ce4456f3514221266af9489f
  custom:scripting/monoscript/fileName/AspectRatioFitter.cs:  -> d0d41744e6957c53bac0c4dfa076cfbe
  custom:scripting/monoscript/fileName/TextureLerper.cs:  -> 973e800795f77d61d647ea0c3f0cf284
  custom:scripting/monoscript/fileName/DelaunayTriangle.cs:  -> 908235f5d5e291f50089ca6a8bdf4c13
  custom:scripting/monoscript/fileName/AttributeDecorator.cs:  -> 39b465f08cd0a5df82fc2ef70b766ca2
  custom:scripting/monoscript/fileName/ExportStlAscii.cs:  -> 9a4dfdfba98097a3c691a44b59f67ad6
  custom:scripting/precompiled-assembly-types:Unity.Postprocessing.Editor:  -> 23b49e25b965492466cd147d7735360a
  custom:scripting/monoscript/fileName/TrackballDecorator.cs:  -> 6a2b6c747937d12d8d81be8f5b21fbd2
  custom:scripting/monoscript/fileName/CanvasScalerEditor.cs:  -> 45d5b31aba10a8b7f96c6429c8d1cf15
  custom:scripting/monoscript/fileName/Submesh.cs:  -> 51f2a9e71cf380288c6159863c8c6958
  custom:scripting/monoscript/fileName/AutoExposureEditor.cs:  -> dfd15824649ea346b717bc72a871d75b
  custom:scripting/monoscript/fileName/CenterPivot.cs:  -> 0540fa0c3bb9c7b452e63f89e313456c
  custom:scripting/monoscript/fileName/OffsetElements.cs:  -> 112aeff604960ea9032670cfb4a87fc1
  custom:scripting/monoscript/fileName/VertexHelper.cs:  -> d79122a4ca8eedf6798884cad51c94ef
  custom:scripting/monoscript/fileName/VectorMask.cs:  -> f37b197a0f2e7d76768feac2551f97f2
  custom:scripting/monoscript/fileName/FixedBitArray3.cs:  -> bc9279bedd3a6bc1feb5645d9911ddcf
  custom:scripting/monoscript/fileName/AppendElements.cs:  -> 48197571f7c160b8c47e348465caee55
  custom:scripting/monoscript/fileName/MultiScaleVO.cs:  -> d4c4732956ffb536e016475d75f04c43
  custom:scripting/monoscript/fileName/SubdivideObject.cs:  -> 15529496d16d945ce564dd73b9f022cf
  custom:scripting/monoscript/fileName/TMP_Style.cs:  -> ecc9948baa78373f3076151d1a0642d9
  custom:scripting/monoscript/fileName/BaseInputModule.cs:  -> e5d51419cd83ddd14cfd2bfec49bced5
  custom:scripting/monoscript/fileName/BridgeEdges.cs:  -> 7b3cbd3298c1cacf3fd10a2c13fb2858
  custom:scripting/monoscript/fileName/ConnectEdges.cs:  -> 8f686a7fff4566a6aa5be848bd67c552
  custom:scripting/monoscript/fileName/IKdTree.cs:  -> 90647cc400823b41df847a6cbfc29026
  custom:scripting/monoscript/fileName/ExportPly.cs:  -> 570e49f6204b40b7c2281c056489e701
  custom:scripting/monoscript/fileName/ToggleDragSelectionMode.cs:  -> 6a922485a12d7e52256776f0adc1d3b0
  custom:scripting/monoscript/fileName/GrowSelection.cs:  -> de1d66ff5d47fd9485b62f0576610afb
  custom:scripting/monoscript/fileName/CSG.cs:  -> fddebc96510ce08c125abace9d05eafd
  custom:scripting/monoscript/fileName/Vignette.cs:  -> e0b99ac31b7575ef776e7be56647abb0
  custom:scripting/precompiled-assembly-types:Unity.ProGrids.Editor:  -> d754f955588cd615f2a678d87b1178ff
  custom:scripting/monoscript/fileName/SmartSubdivide.cs:  -> e83627bb1da7bd1a9a208feb135dee35
  custom:scripting/monoscript/fileName/TMP_StyleSheetEditor.cs:  -> 38b210a450ac855df2d81ab0242c2feb
  custom:scripting/monoscript/fileName/DepthOfFieldEditor.cs:  -> 64cce655bf722c851048e2ebbf401a7b
  custom:scripting/monoscript/fileName/EdgeLookup.cs:  -> 1933ab40224290e9191c61e11eab2868
  custom:scripting/monoscript/fileName/SelectSmoothingGroup.cs:  -> e7adc037d5343729fde59c2f041f72e6
  custom:scripting/monoscript/fileName/ProGridsEditor.cs:  -> e20dd349624cb401cc1bdaab7ddba714
  custom:scripting/monoscript/fileName/SpriteDrawUtility.cs:  -> 63a19974af19378fa2ed74e2b9646e43
  custom:scripting/monoscript/fileName/TriangulateFaces.cs:  -> 7d58267eca67ed800671b3fe1771472b
  custom:scripting/monoscript/fileName/RaycasterManager.cs:  -> 734ccc1eb36467642b0349d544b4126e
  custom:scripting/monoscript/fileName/OpenSmoothingEditor.cs:  -> b7bfcfe69a934092c115177d09b130dc
  custom:scripting/monoscript/fileName/DefaultPostProcessEffectEditor.cs:  -> 06a1d8fcea7725e08b95f21cc15fd0a1
  custom:scripting/monoscript/fileName/SetPivotToSelection.cs:  -> 0a4f1a088a797c04c53d4f4d7ec66668
  custom:scripting/monoscript/fileName/TMP_EditorPanelUI.cs:  -> 0c3fb43855adf1da22258c211d01a47d
  custom:scripting/monoscript/fileName/PhysicsRaycaster.cs:  -> 55704cfd308f55e8f2100e1978b8c859
  custom:scripting/monoscript/fileName/ProBuilderEditorShortcuts.cs:  -> 2e87be32c8a93b1377e99b0795a6bb9d
  custom:scripting/monoscript/fileName/pb_Stl_Exporter.cs:  -> a0bbf115d527a544930104c2dcebd300
  custom:scripting/monoscript/fileName/HandleUtility.cs:  -> 3a2b940ef1063bb7ed90d70b8e902cf5
  custom:scripting/monoscript/fileName/LensDistortion.cs:  -> b7963bb1da21ba484a7b59b9f6ea3aec
  custom:scripting/monoscript/fileName/RawImageEditor.cs:  -> a27f397991c9e00c409e9e5f249ac4cf
  custom:scripting/monoscript/fileName/CubeLutAssetFactory.cs:  -> db1961888d7cabf6be94b37e3b663de4
  custom:scripting/monoscript/fileName/SelectableEditor.cs:  -> 1481d527b8e3461180bdeab828e61e72
  custom:scripting/monoscript/fileName/IPriorityQueue.cs:  -> 90647cc400823b41df847a6cbfc29026
  custom:scripting/monoscript/fileName/TMP_FontAsset.cs:  -> 6c1db4680a96f294cf0af87a0b8099aa
  custom:scripting/monoscript/fileName/SurfaceTopology.cs:  -> 9526d30cd2f928b0eb81e56b5d034cc7
  custom:scripting/monoscript/fileName/ProBuilderMenuActionAttribute.cs:  -> 3674968d5ee67384faaf101c9d3dcda8
  custom:scripting/monoscript/fileName/EntityEditor.cs:  -> a91f91f5e306a57ac3e888e91213305d
  custom:scripting/monoscript/fileName/MenuOptions.cs:  -> d79d6d6d5841de7e6374a43e8dcef5a4
  custom:scripting/monoscript/fileName/SimpleTuple.cs:  -> 0cdf409b5aa8d4c25876d72b5c6a3b60
  custom:scripting/monoscript/fileName/IntVec3.cs:  -> 2c04041d253e07e499b1153625966a9e
  custom:scripting/monoscript/fileName/SetTrigger.cs:  -> 286b69f4327b4c46524ba1c15eb198ce
  custom:scripting/monoscript/fileName/SnapSettings.cs:  -> 2ccef413a73530b4596fce8a636f9bdd
  custom:scripting/monoscript/fileName/DrawShapeTool.cs:  -> ac1712ae32bc97f8f4f25c7ab7b85183
  custom:scripting/monoscript/fileName/TMP_SubMeshUI_Editor.cs:  -> 119a633ce37cc27ac209988b5de61d96
  custom:scripting/monoscript/fileName/Vertex.cs:  -> c33a8579f06fb5ec710638da284dce30
  custom:scripting/monoscript/fileName/Triangle.cs:  -> 38f2dea2cbf63a10d865b3c93a929d93
  custom:scripting/monoscript/fileName/PostProcessLayer.cs:  -> aa288976158dcd4c24041d5304f25d07
  custom:scripting/monoscript/fileName/Mask.cs:  -> 30def7c5b8ef23ce62910d8eb0c002c6
  custom:scripting/monoscript/fileName/DTSweepBasin.cs:  -> 245db94975c479306e3cbdfe84d22fb1
  custom:scripting/monoscript/fileName/DepthOfField.cs:  -> d62178d8b5619f59fcdd6d24617ef5fd
  custom:scripting/monoscript/fileName/HorizontalOrVerticalLayoutGroupEditor.cs:  -> b818b9a01e994214d99cc7440db09dec
  custom:scripting/monoscript/fileName/MultipleDisplayUtilities.cs:  -> 4c3c70e26636165f46aedff2bed06aa3
  custom:scripting/monoscript/fileName/Bevel.cs:  -> cda4b6394b0873a5b8e8df0dce506d92
  custom:scripting/monoscript/fileName/GraphicEditor.cs:  -> 0dc931f0f060b1c1aa4b9934f3c02068
  custom:scripting/monoscript/fileName/DetachFaces.cs:  -> cf9073f1266f2923b20679a1bde3c8c0
  custom:scripting/monoscript/fileName/ShapeState_DrawHeightShape.cs:  -> bf3d191b58aaab9e01024402c1802b6e
  custom:scripting/monoscript/fileName/P2T.cs:  -> 0aa69cc22c33e17e24d809b0c56993bc
  custom:scripting/monoscript/fileName/OpenLightmapUVEditor.cs:  -> 1e75a505fb05c16310e33b72465177ef
  custom:scripting/monoscript/fileName/ProBuilderSettings.cs:  -> 44e160cbb89a8c9e895fdc5e21b659ba
  custom:scripting/monoscript/fileName/IMask.cs:  -> 4835b27d1d14549285b4f8c83612ebc7
  custom:scripting/monoscript/fileName/GenerateUV2.cs:  -> 7e9f55032cd43909a50ad3d71fd47174
  custom:scripting/monoscript/fileName/FontData.cs:  -> 2624b2b5223fc7daa60b578156662561
  custom:scripting/monoscript/fileName/Shape.cs:  -> 0c1bd185dc308e7f1b0ad86de0300f5a
  custom:scripting/monoscript/fileName/VerticalLayoutGroup.cs:  -> d5cf2f2f23f5247db7d886894bac9b3f
  custom:scripting/monoscript/fileName/TMP_BaseEditorPanel.cs:  -> f4b9967705e7bb57152fef4117417ba7
  custom:scripting/monoscript/fileName/ResourceAssetFactory.cs:  -> bf6acc988648d854bb3c5751325d0d0a
  custom:scripting/monoscript/fileName/Transform2D.cs:  -> 99c230faf7d8b1d82d86bcfe0bdd121e
  custom:scripting/monoscript/fileName/MergeObjects.cs:  -> 11f6d640a9d3c77be19a9d5930aa559d
  custom:scripting/monoscript/fileName/EditShapeTool.cs:  -> 5e5caa4d0c9b3b31aa98622a360a986a
  custom:scripting/monoscript/fileName/TransformUtility.cs:  -> d73c91a7d4fba2846cb7f791384de39e
  custom:scripting/monoscript/fileName/EditorHandleDrawing.cs:  -> e4a253013e923fc5e2a42116f3e9cb52
  custom:scripting/monoscript/fileName/ShapeState_DrawBaseShape.cs:  -> e0d5b8da05d52dbfb8f12dcc42366618
  custom:scripting/monoscript/fileName/TMP_Sprite.cs:  -> 0ee3c386846aa132dd254421fac18cd1
  custom:scripting/monoscript/fileName/Snapping.cs:  -> 48daea66baa7ea9b137ae602cdb220e8
  custom:scripting/monoscript/fileName/UnwrapParametersEditor.cs:  -> ad2871f345be52d0cf9added22b9bbb9
  custom:scripting/monoscript/fileName/Cylinder.cs:  -> c1df0163afb2da9cb82c7acacf1ed730
  custom:scripting/monoscript/fileName/TMP_InputField.cs:  -> f7712ab842984f124274656d749eca3d
  custom:scripting/precompiled-assembly-types:Unity.ProGrids:  -> 6fd8debd4dfc37491dc81fd6fd158508
  custom:scripting/monoscript/fileName/SelectionPickerRendererStandard.cs:  -> e1a12a27c7781421a618a7721df48c68
  custom:scripting/monoscript/fileName/Math.cs:  -> 4765fe41cdb59756d6a6579184fc0ff8
  custom:scripting/precompiled-assembly-types:Unity.ProBuilder:  -> 2737e975d52006c5692d67f91a0dba54
  custom:scripting/monoscript/fileName/UVEditing.cs:  -> 282cce0694f10e0de5a3bd7509995bd0
  custom:scripting/monoscript/fileName/TMP_ResourcesLoader.cs:  -> 6f1f07799f3cfe795f955033c27f98ed
  custom:scripting/monoscript/fileName/Log.cs:  -> 2f3b85a20367d6d99e3a14c7ae399267
  custom:scripting/monoscript/fileName/TextMeshProUGUI.cs:  -> b783d06a82b0620f102e3253b4b9fc9b
  custom:scripting/monoscript/fileName/TMP_StyleSheet.cs:  -> de73099b6bd4b9281c92feedf1315618
  custom:scripting/monoscript/fileName/BloomEditor.cs:  -> c341bb26b40744c3a5c2a142ac3e1051
  custom:scripting/monoscript/fileName/TMPro_Private.cs:  -> 90647cc400823b41df847a6cbfc29026
  custom:scripting/monoscript/fileName/TMP_MeshInfo.cs:  -> 89833651f7d905e51b340ec2afe531d1
  custom:scripting/monoscript/fileName/UserSettingsRepository.cs:  -> ae597ef6d1f82569d0712c7aa6402b32
  custom:scripting/monoscript/fileName/PostProcessVolumeEditor.cs:  -> 7aae71821512dcac422c45dc773293c3
  custom:scripting/monoscript/fileName/TMP_SpriteCharacter.cs:  -> 81dc73ff0878d6528202f8be44877b26
  custom:scripting/monoscript/fileName/SceneDragAndDropListener.cs:  -> 07a111f362d027d85d45bdb7a902f14e
  custom:scripting/monoscript/fileName/PolygonSet.cs:  -> 1d5b94bd81a36884686c2f6dc3640c06
  custom:scripting/monoscript/fileName/DTSweepDebugContext.cs:  -> 6ac3331923d1210cbd6f306a6bc3e3c2
  custom:scripting/monoscript/fileName/EditorShapeUtility.cs:  -> b01457005654bb980604fba5d004d802
  custom:scripting/monoscript/fileName/PostProcessProfileEditor.cs:  -> 1dcd55858a4126cb33b0f2de53c74fbe
  custom:scripting/monoscript/fileName/Cube.cs:  -> adf8d58792eaf50687787b68f170b6d6
  custom:scripting/precompiled-assembly-types:Unity.Settings.Editor:  -> beb7650f4acfb920369c4b53d5d1d8a0
  custom:scripting/monoscript/fileName/Clipping.cs:  -> 1741f8440a6254efcb95789a09be4e6a
  custom:scripting/monoscript/fileName/GridRenderer.cs:  -> 420140cde01ace39065946a69b1a0139
  custom:scripting/monoscript/fileName/ScenePreferencesWindow.cs:  -> eb083a31e7a9ac53a6ece7a768a25ae5
  custom:scripting/monoscript/fileName/TMP_ShaderUtilities.cs:  -> 84a261643983e306d02445da38ed662f
  custom:scripting/monoscript/fileName/TMP_SettingsEditor.cs:  -> 56bf06371df7e13c5b8cc88becb89a4d
  custom:scripting/monoscript/fileName/ShapeMenuItems.cs:  -> 5f7ac6f810ef27e38f22b209ac1fc203
  custom:scripting/monoscript/fileName/TMP_UpdateRegistery.cs:  -> 1f23864d29c3a03d22aa9b00a337cf78
  custom:scripting/monoscript/fileName/TMP_PackageUtilities.cs:  -> 89e6e95503dd36070edf73e7aaab4557
  custom:scripting/monoscript/fileName/TextureRotateTool.cs:  -> c2d0baad66e4308f6143c552f0536843
  custom:scripting/monoscript/fileName/SubdivideFaces.cs:  -> 9109bab35f1c932e6b2935ab1452a120
  custom:scripting/monoscript/fileName/ProGridsSettingsProvider.cs:  -> a6470c9e8aa0ce9735e8b6e107a042a7
  custom:scripting/monoscript/fileName/ProBuilderMeshSelection.cs:  -> 90647cc400823b41df847a6cbfc29026
  custom:scripting/monoscript/fileName/PostProcessDebug.cs:  -> a653e9b773649e7452b035b4ce1dae82
  custom:scripting/monoscript/fileName/Face.cs:  -> a341fcdb31a7309723bdeb224f913433
  custom:scripting/monoscript/fileName/MaxAttribute.cs:  -> d661645ab8c724f24b3e19978e87b44c
  custom:scripting/monoscript/fileName/FastAction.cs:  -> dfbe75b66b645b53472915ad2590af11
  custom:scripting/monoscript/fileName/TMPro_TextContainerEditor.cs:  -> b2fbc5db24221a870c4de162a712cbfe
  custom:scripting/monoscript/fileName/TextureStitching.cs:  -> 282cce0694f10e0de5a3bd7509995bd0
  custom:scripting/monoscript/fileName/ArrayUtility.cs:  -> 1a4a57b6fbdf126f88c3fded2fdb776b
  custom:scripting/precompiled-assembly-types:Unity.TextMeshPro.Editor:  -> 46ffe279a7239cd1fb74eb9c5ab5b5d8
  custom:scripting/monoscript/fileName/FileUtility.cs:  -> 71e69a0dda932652b4750f9f3d825114
  custom:scripting/monoscript/fileName/Preferences.cs:  -> cf725cfda81f82351c3aee08fa8d5584
  custom:scripting/monoscript/fileName/ProBuilderMeshPreview.cs:  -> 2c7c631c64eeea962429990f92666a51
  custom:scripting/monoscript/fileName/SelectEdgeRing.cs:  -> a765561d8bccdd9a6baf3be3ef9ae6db
  custom:scripting/monoscript/fileName/ContextClickManipulator.cs:  -> 551ac0135cff9eba4bc63f242fd17841
  custom:scripting/monoscript/fileName/ProbuilderRotateTool.cs:  -> 46e8d522aca3344981cffc698ba16ada
  custom:scripting/monoscript/fileName/Stairs.cs:  -> 172b180c42a148fadf6415c52210a729
  custom:scripting/monoscript/fileName/ProBuilderShape.cs:  -> 3618f60e8d988cd8a0d66f0d060fd11a
  custom:scripting/precompiled-assembly-types:Unity.ProBuilder.Stl:  -> 32aaa5f5196c5e2a0385ea136505a003
  custom:scripting/monoscript/fileName/UnwrapParameters.cs:  -> 644d0ce037708f9b6663416e490c0d59
  custom:scripting/monoscript/fileName/DTSweepConstraint.cs:  -> d620e55901dd883c92623a89c42030d5
  custom:scripting/monoscript/fileName/PostProcessAttribute.cs:  -> e125947bf72ce7382f3b16f75797c897
  custom:scripting/monoscript/fileName/Slider.cs:  -> fa9653030ac65718025b6955291e99ef
  custom:scripting/monoscript/fileName/FillHole.cs:  -> 49c97a483d8d6d36ce8ef90c74d4a79f
  custom:scripting/monoscript/fileName/Prism.cs:  -> c53bfe8cdbfb08eaf3dbf8c35a208bd4
  custom:scripting/monoscript/fileName/NewPolyShapeToggle.cs:  -> 8acdd5cdcb7ee88e0e50b5931573fb4b
  custom:scripting/monoscript/fileName/ProGridsEnums.cs:  -> 4064b4668b3010eb47443018e6b919ee
  custom:scripting/monoscript/fileName/TMP_GlyphPairAdjustmentRecordPropertyDrawer.cs:  -> 1a07941369755af9e0a102a45e9058c5
  custom:scripting/monoscript/fileName/ExportStlBinary.cs:  -> 5c64685a83bd5cbedf78a40252f3b12d
  custom:scripting/monoscript/fileName/FlipFaceEdge.cs:  -> f530ea0a74860a23981eb940ef68b251
  custom:scripting/monoscript/fileName/FreezeTransform.cs:  -> e675172267d870c70773e18ea0e1e250
  custom:scripting/monoscript/fileName/WaveformMonitor.cs:  -> 609651ee3f98f206575f684e9cce655d
  custom:scripting/monoscript/fileName/ExtrudeElements.cs:  -> 4c7ec400f4d4c6eaeb8b42dd1d2a747d
  custom:scripting/monoscript/fileName/TMP_FontFeaturesCommon.cs:  -> 7d1db71d73353e7dd97f094c509882fa
  custom:scripting/monoscript/fileName/PostProcessDebugEditor.cs:  -> 1a0488d8742bf880cc7334e53e2cc73d
  custom:scripting/monoscript/fileName/ToggleGroup.cs:  -> 861cd52fff6f1d7a73f5457b3b97dda8
  custom:scripting/monoscript/fileName/RawImage.cs:  -> 9b1f9ced27d17db391e342a1964f4b65
  custom:scripting/monoscript/fileName/TMP_LineInfo.cs:  -> bb529d63c9723788bd7143f27cd69eaf
  custom:scripting/monoscript/fileName/PreferencesInternal.cs:  -> bfcfc9829daeeacc6e112df0986f85a6
  custom:scripting/monoscript/fileName/ITriangulatable.cs:  -> 5f8974429dff74ed7b6ecd00071f21a9
  custom:scripting/monoscript/fileName/VersionValidator.cs:  -> bbb65e8a50d52b88a89cdeafda2af2f0
  custom:scripting/monoscript/fileName/UvAutoManualConversion.cs:  -> 762f54589cdc906e3e1c04a57cf8ef9a
  custom:scripting/monoscript/fileName/SelectVertexColor.cs:  -> 7f0acb641efa7529c84cdbc924192168
  custom:scripting/monoscript/fileName/HableCurve.cs:  -> f244b24d6e7c556a2de06e25b0bbf4c1
  custom:scripting/monoscript/fileName/UnityScenePostProcessor.cs:  -> 3af372e3e8128a470ce2c75685918c73
  custom:scripting/monoscript/fileName/SelectFaceRing.cs:  -> 3c7218fc27e261315951073ae7a7ef33
  custom:scripting/monoscript/fileName/HorizontalOrVerticalLayoutGroup.cs:  -> eac4934c775299d8b76ff59142d92fe4
  custom:scripting/monoscript/fileName/Bounds2D.cs:  -> 16ca90bc5c32dbbd92a84501f2c2743d
  custom:scripting/monoscript/fileName/ExtrudeFaces.cs:  -> 8da1d7548a755d4f7bfa6a3ad702beef
  custom:scripting/monoscript/fileName/SerializedParameterOverride.cs:  -> 5e4deaf96895d013d32a8e84ec179f8e
  custom:scripting/monoscript/fileName/TMP_UpdateManager.cs:  -> fa7e71df671c5b3088b39753e4bbc70d
  custom:scripting/monoscript/fileName/ConstrainedPointSet.cs:  -> c9342aea7930c4ca55cd85acb4b82d33
  custom:scripting/monoscript/fileName/PointOnEdgeException.cs:  -> 9e0012c09b9fee63c09ec06c54fbb87d
  custom:scripting/monoscript/fileName/MeshUtilities.cs:  -> dc5356b699afd34cf9728f4d65b476a0
  custom:scripting/monoscript/fileName/DuplicateFaces.cs:  -> 5ac5a69e6f038f9fa1492c8090a28996
  custom:scripting/monoscript/fileName/TriangulationUtil.cs:  -> f18a7fb009b05f02616bafd07fbae553
  custom:scripting/monoscript/fileName/AssetTreeView.cs:  -> f69e053f44c2ceb1d31b6346bdecf246
  custom:scripting/monoscript/fileName/TMP_TextAlignmentDrawer.cs:  -> 011b7908ef5eb5e9dea532c77e85c538
  custom:scripting/monoscript/fileName/TMP_EditorPanel.cs:  -> 0631f68be4ca0623bf3e313ec9becbc9
  custom:scripting/monoscript/fileName/IHasPreferences.cs:  -> a5f85efc1fefea988fce750a73fadae7
  custom:scripting/monoscript/fileName/SelectionPickerRendererHDRP.cs:  -> e1a12a27c7781421a618a7721df48c68
  custom:scripting/monoscript/fileName/GraphicRebuildTracker.cs:  -> 8de94ef43240abdb34f228fee6977ffb
  custom:scripting/monoscript/fileName/TMP_EditorUtility.cs:  -> b242106620cbbc38f0411146a086b885
  custom:scripting/monoscript/fileName/AmbientOcclusionEditor.cs:  -> 61e5422c29b8f52188d508eb7d382167
  custom:scripting/monoscript/fileName/TMPro_CreateObjectMenu.cs:  -> ddee59388caa7a56693342f3a805d427
  custom:scripting/monoscript/fileName/SelectMaterial.cs:  -> 9a86428319d18f00e00cf559df42df52
  custom:scripting/monoscript/fileName/PhysicsRaycasterEditor.cs:  -> 110591b94d444b72f6a02c548bb7e869
  custom:scripting/monoscript/fileName/PanelRaycaster.cs:  -> 57c5b48d37b14bf434fbeb37894146ef
  custom:scripting/monoscript/fileName/SelectHole.cs:  -> 331dc98cef43e5c9a3f6963fcc1bfe76
  custom:scripting/monoscript/fileName/ChromaticAberration.cs:  -> 4d59e57f8324f5f986e16678ed451410
  custom:scripting/monoscript/fileName/PlyExporter.cs:  -> bf5494e3645f49425628ca78199ab31d
  custom:scripting/monoscript/fileName/SelectionPickerSettings.cs:  -> 2d19355ddaebe622fb966ebf4e2a7407
  custom:scripting/monoscript/fileName/ConformFaceNormals.cs:  -> 05b09c7c65b09cbd069b7d54a7757b98
  custom:scripting/monoscript/fileName/TMP_SpriteGlyphPropertyDrawer.cs:  -> 1447c7afab82cf56bc359d5c7fba114e
  custom:scripting/monoscript/fileName/Shadow.cs:  -> 7884315ffc3a3b9bc418d86e8992798d
  custom:scripting/monoscript/fileName/DTSweepPointComparator.cs:  -> 797b86f3c76f8674cd07c1b4091aebb1
  custom:scripting/monoscript/fileName/ProBuilderSnapping.cs:  -> 299be986ce6dd2a383c58b87f56cf5bc
  custom:scripting/monoscript/fileName/FixedArray3.cs:  -> 90647cc400823b41df847a6cbfc29026
  custom:scripting/monoscript/fileName/TMP_Asset.cs:  -> 7e95c8d89188057bea8fc9569c9aa309
  custom:scripting/monoscript/fileName/MenuItems.cs:  -> 36e8964894b4a740a9cbe85327eddbf8
  custom:scripting/monoscript/fileName/Grain.cs:  -> 43f09a87a88d9937fbb9c4dbf3d5508e
  custom:scripting/monoscript/fileName/ColorBlock.cs:  -> 425ee059ac60082d71e36b92bc05c817
  custom:scripting/monoscript/fileName/TriangulationConstraint.cs:  -> 02158ed4aeb2e0540be606ebedcd9aa5
  custom:scripting/monoscript/fileName/TMP_SpriteAssetMenu.cs:  -> 05ea7b84320d1b77a6d1ae49c41ee9cc
  custom:scripting/monoscript/fileName/TMP_TextUtilities.cs:  -> aab2855e68416a0a1f2f8904059662aa
  custom:scripting/monoscript/fileName/ShapeFactory.cs:  -> 0502fb9700fa7e8a16f4ae24254c8fb0
  custom:scripting/monoscript/fileName/VignetteEditor.cs:  -> 345736fc911c5e8ab23e579751a40e4a
  custom:scripting/monoscript/fileName/Styling.cs:  -> d1c4aa14ff93670753edfbb93fc91bfe
  custom:scripting/monoscript/fileName/DTSweepEdgeEvent.cs:  -> 0fd87cf929642b86af7d774c6fbe71c0
  custom:scripting/precompiled-assembly-types:Unity.ProBuilder.AssetIdRemapUtility:  -> 87b1ea8d1f37cf36a287f3719638ffe2
  custom:scripting/monoscript/fileName/PostProcessEffectRendererExtensions.cs:  -> e953624d113e7e1739c702512603957d
  custom:scripting/monoscript/fileName/ProGridsInterface.cs:  -> 495262c8bdcccdf28a7c22cd60c9f4e7
  custom:scripting/monoscript/fileName/AnimationTriggers.cs:  -> 71e2bc068282cb51ef0c9c07f7c83c0e
  custom:scripting/monoscript/fileName/ContentSizeFitterEditor.cs:  -> d3472f0757f80a46d91353f6d23b99b9
  custom:scripting/monoscript/fileName/TMP_Dropdown.cs:  -> ecea2f8babcb40d207d2e73158251f60
  custom:scripting/monoscript/fileName/TMP_BaseShaderGUI.cs:  -> 25118693f24c47c8a4b530b8bff26574
  custom:scripting/monoscript/fileName/MenuToolToggle.cs:  -> 2abf8abff0704256700f4bae8074325c
  custom:scripting/monoscript/fileName/SliderEditor.cs:  -> 311387dff33e7f968557acb6719ff318
  custom:scripting/monoscript/fileName/FastApproximateAntialiasing.cs:  -> bf5588b2deec2689a812a7d2eacd9bd5
  custom:scripting/monoscript/fileName/Cone.cs:  -> 3ac9bedd6ed3a29bf5087d05f2c8a2a9
  custom:scripting/monoscript/fileName/HierarchyListener.cs:  -> df959326ae23895096fc25ce5eee65bb
  custom:scripting/monoscript/fileName/MeshUtility.cs:  -> 012ece355ae629d1c430517d97b8d6e4
  custom:scripting/monoscript/fileName/TMP_ColorGradient.cs:  -> 8d91c7c4749088eca69648d37a965bf8
  custom:scripting/monoscript/fileName/SelectRing.cs:  -> 6912c38cf645b01b143799d78cd61ef1
  custom:scripting/monoscript/fileName/ExecuteEvents.cs:  -> 09bdf6afd188bdc384f065aac6293d3f
  custom:scripting/monoscript/fileName/EntityUtility.cs:  -> b021dbc0e14e8512304615a12fc46603
  custom:scripting/monoscript/fileName/Model.cs:  -> 9856304bdbd2e76ecd815f3a6141f1cd
  custom:scripting/monoscript/fileName/TMP_CharacterInfo.cs:  -> c840ce0b0aa6c1faafb27b3b884b2328
  custom:scripting/monoscript/fileName/HistogramMonitor.cs:  -> 6fd024409d6e9db8d4c2c4e26430c2ad
  custom:scripting/monoscript/fileName/TMP_ColorGradientEditor.cs:  -> ed654c9d45026a5f71e6e9535130c15f
  custom:scripting/monoscript/fileName/CutToolToggle.cs:  -> 552b76f8f489d420018d2bc016dee384
  custom:scripting/monoscript/fileName/TMP_PreBuildProcessor.cs:  -> 790c12dcd4980aa978fd28fb6f89fb37
  custom:scripting/monoscript/fileName/SelfControllerEditor.cs:  -> 7085c77278668b218f5204af2c8ef3a1
  custom:scripting/monoscript/fileName/SubdivideEdges.cs:  -> ea38859c9b60817b797cd0bc73fe7421
  custom:scripting/monoscript/fileName/Graphic.cs:  -> a06ccab3be7023340f550cfeaabbe07e
  custom:scripting/monoscript/fileName/EditorToolbarMenuItems.cs:  -> 46058aaf6133ec8b6c96241a03c62a3a
  custom:scripting/monoscript/fileName/EntityVisibility.cs:  -> 813cb3e764ffc83643f0aca9bfa0af07
  custom:scripting/monoscript/fileName/NearestNeighbourList.cs:  -> 0cdf409b5aa8d4c25876d72b5c6a3b60
  custom:scripting/monoscript/fileName/ExportAsset.cs:  -> 64ea3c10f23669e99308cf5709607fe7
  custom:scripting/monoscript/fileName/TMP_SpriteAssetImporter.cs:  -> 675c97d72afe988872a20f51812f7cdf
  custom:scripting/monoscript/fileName/AssetId.cs:  -> 72051ac5858b603f67e79ad23943c39b
  custom:scripting/monoscript/fileName/ProbuilderMoveTool.cs:  -> 0bc95615dcf63b5cbaf368eee6b40041
  custom:scripting/monoscript/fileName/Lightmapping.cs:  -> 729d5176389c7d55a1cea260e00908f3
  custom:scripting/monoscript/fileName/TriangulationDebugContext.cs:  -> 87fbe3212c108a097e48e0b9075b23af
  custom:scripting/monoscript/fileName/MotionBlur.cs:  -> 823914e335803785a19e5990c6ab2911
  custom:scripting/monoscript/fileName/CutTool.cs:  -> e6300f07efa58b123cc9c4077043e15d
  custom:scripting/monoscript/fileName/PropertySheet.cs:  -> e6bb03169eca9d33ea794a47ad6ce213
  custom:scripting/monoscript/fileName/SharedVertex.cs:  -> 9680b52997af34358e173ceeda08f072
  custom:scripting/monoscript/fileName/TMP_SerializedPropertyHolder.cs:  -> 99e5dbc1fa1abe750acc8166e4243be8
  custom:scripting/monoscript/fileName/PostProcessProfile.cs:  -> f6dc030e2e953b2ed0eca334cce5d5cf
  custom:scripting/monoscript/fileName/RaycastHit.cs:  -> 9675f1dd2c2a246ff2b48ea6c764f6ab
  custom:scripting/monoscript/fileName/MenuActionShortcutAttribute.cs:  -> 8ee1e1f0f987fedec31fbb0f30bf1447
  custom:scripting/monoscript/fileName/MenuOption.cs:  -> ec547da010b1f775387dac0d6dfc2379
  custom:scripting/monoscript/fileName/ToggleDragRectMode.cs:  -> a6f38316b8f4d3d28669b3b66d64c405
  custom:scripting/monoscript/fileName/Normals.cs:  -> 2fceabbe4457a8c2cd17103527fc3999
  custom:scripting/monoscript/fileName/ShapeState_InitShape.cs:  -> ecc7de96dd0c9d79cb24f533500a9905
  custom:scripting/monoscript/fileName/ILayoutElement.cs:  -> a5941e42345b87779111dd71a1bb5868
  custom:scripting/monoscript/fileName/TMP_ListPool.cs:  -> 90647cc400823b41df847a6cbfc29026
  custom:scripting/monoscript/fileName/TMP_SpriteAssetEditor.cs:  -> 8a42af05e85c0eed4128787976375b45
  custom:scripting/monoscript/fileName/SplitVertices.cs:  -> 30ce1208e3cd3ede28dd939c947c561b
  custom:scripting/monoscript/fileName/TMP_SpriteCharacterPropertyDrawer.cs:  -> 14565b4e4f9266584dc3194fd967d252
  custom:scripting/monoscript/fileName/EditorGUILayout.cs:  -> af6b60ff05c0a0b5e8b12b58eeee0a3d
  custom:scripting/monoscript/fileName/Settings.cs:  -> ea9d1b04d3864b3b689bed16ba2743db
  custom:scripting/monoscript/fileName/ActionResult.cs:  -> 878c00c54fb54c01804190a9d0655ed4
  custom:scripting/monoscript/fileName/ToggleHandleOrientation.cs:  -> ff423b63e0ebde3f2c92755b6b7ee322
  custom:scripting/monoscript/fileName/ScalableAO.cs:  -> 2f29d71d59b754086c809cfee1cdce34
  custom:scripting/monoscript/fileName/EditorSnapping.cs:  -> df92563ba70f0b4fd00aaa62e5c8ce20
  custom:scripting/precompiled-assembly-types:Unity.ProBuilder.AddOns.Editor:  -> bae848875a35fe96f09fcc9f4e534600
  custom:scripting/monoscript/fileName/DefineSetter.cs:  -> 292ba08e52064b1a72f8d4bb04301dd3
  custom:scripting/monoscript/fileName/Polygon.cs:  -> 5ac035759c9f8a76e3cbcd97006ade55
  custom:scripting/monoscript/fileName/EventInterfaces.cs:  -> 207de7b71ff167cef7ae4584652d1556
  custom:scripting/monoscript/fileName/TMP_BitmapShaderGUI.cs:  -> 2ce3ac811452d1d6d82e565157cac3e2
  custom:scripting/monoscript/fileName/ReflectionMethodsCache.cs:  -> c5cb035abcaae76940caca8d15cf29e4
  custom:scripting/monoscript/fileName/MaterialPalette.cs:  -> 6eec2d59c4da6a8a8bfa6297b1bcc8a2
  custom:scripting/monoscript/fileName/TMP_ColorGradientAssetMenu.cs:  -> 83563be632f8167fcdca7878d36901f9
  custom:scripting/monoscript/fileName/ScrollbarEditor.cs:  -> b44327427537937c6a57f8543906e016
  custom:scripting/monoscript/fileName/GridLayoutGroup.cs:  -> 43759e18a5ea1dda932d71b40c61dda6
  custom:scripting/monoscript/fileName/KdTree.cs:  -> fa1071bf87824d896f817aa60401970b
  custom:scripting/monoscript/fileName/UndoUtility.cs:  -> 01e71ce5a533c75551e0a685057d1f5a
  custom:scripting/monoscript/fileName/ShaderIDs.cs:  -> 96024f1f873475da65a783f1404f9117
  custom:scripting/monoscript/fileName/BevelEdges.cs:  -> 900660c27c5ca8704eace46fcb229e08
  custom:scripting/monoscript/fileName/TextureScaleTool.cs:  -> ada73f928df57eed2635e39d4b904480
  custom:scripting/monoscript/fileName/Normal.cs:  -> 8aabbd74ea5a1bafd9f9f458ee31f0ea
  custom:scripting/monoscript/fileName/BaseMeshEffect.cs:  -> d6e560340e123aa95f6f5a8a2fcdf11f
  custom:scripting/monoscript/fileName/ColorBlockDrawer.cs:  -> 5ce7ef2ba701206222b82e777add9575
  custom:scripting/monoscript/fileName/TargetPool.cs:  -> 6d29560228134c933c12fb1c113fb6ef
  custom:scripting/monoscript/fileName/MaterialReferenceManager.cs:  -> c970e86594a0f568cbda548f2d4462c1
  custom:scripting/monoscript/fileName/DropdownOptionListDrawer.cs:  -> 4362475bc384312c771d88865ee2f40d
  custom:scripting/monoscript/fileName/WingedEdge.cs:  -> 4d875b987a0abf3c39f7fbca07295966
  custom:scripting/monoscript/fileName/PolygonPoint.cs:  -> 5deffe9741b5d71ba54cbaa302167698
  custom:scripting/monoscript/fileName/TMP_Character.cs:  -> 015720458ea991fbf07357eae19532db
  custom:scripting/monoscript/fileName/ScrollRect.cs:  -> ad946dcd0c52e084febb1a202c6365b7
  custom:scripting/monoscript/fileName/PostProcessEditorAttribute.cs:  -> 672a58b4d5bab60112487a31c361c481
  custom:scripting/monoscript/fileName/ImageEditor.cs:  -> 445a540a125ce6a604545e302da59d0d
  custom:scripting/monoscript/fileName/ProfileFactory.cs:  -> f835845dfebfed501813f60a1cb006a3
  custom:scripting/monoscript/fileName/PostProcessEffectEditor.cs:  -> 90647cc400823b41df847a6cbfc29026
  custom:scripting/monoscript/fileName/SelectEdgeLoop.cs:  -> 2335c8d843b8886988200cdd4d6db849
  custom:scripting/monoscript/fileName/DimensionsEditor.cs:  -> ec4125bca3b24bfc179b302c1fca5bf2
  custom:scripting/monoscript/fileName/PointGenerator.cs:  -> a1aa7e0803f517e32a9376a405ccf247
  custom:scripting/monoscript/fileName/PostProcessLayerEditor.cs:  -> d16de665ece05cd6e27dcc8d7bac4b9a
  custom:scripting/precompiled-assembly-types:Unity.ProBuilder.Csg:  -> 8f3450ed62b5a660b55b67012b17a974
  custom:scripting/monoscript/fileName/ScrollRectEditor.cs:  -> 3c0730e578aa8d8fd5bfc2f3205e2ba0
  custom:scripting/monoscript/fileName/LogHistogram.cs:  -> bab913d888834a1a8572eb834acec97c
  custom:scripting/monoscript/fileName/ScreenSpaceReflections.cs:  -> 8afa07200328ddfcb2536d4180c62536
  custom:scripting/monoscript/fileName/LensDistortionEditor.cs:  -> dee045d29944d55e8040435a58a7ce90
  custom:scripting/monoscript/fileName/MeshDebugTool.cs:  -> 37611c9d109cb7f09200abdfa0dae3d7
  custom:scripting/monoscript/fileName/Pref.cs:  -> 90647cc400823b41df847a6cbfc29026
  custom:scripting/monoscript/fileName/OpenUVEditor.cs:  -> cb3d61ee3cb3d622ab4668fb4c46395b
  custom:scripting/monoscript/fileName/HorizontalLayoutGroup.cs:  -> 8a5b3f08374a0e6bc0ae61c7820d3dc9
  custom:scripting/monoscript/fileName/ToggleEditor.cs:  -> bd84b18f689a3b85ecdf512fffc714e6
  custom:scripting/monoscript/fileName/ITextPreProcessor.cs:  -> a7aa94de5d5bfce2bdd74516315faaf2
  custom:scripting/monoscript/fileName/MaskableGraphic.cs:  -> aad20bbffec73c4b301a1ae8e335759b
  custom:scripting/monoscript/fileName/TMP_SubMesh.cs:  -> 9fd75270af40187985e5c14cc85ebe42
  custom:scripting/monoscript/fileName/SelectionPicker.cs:  -> 0497fef85e2b96a812879276bdcae9cf
  custom:scripting/monoscript/fileName/TypeMath.cs:  -> 90647cc400823b41df847a6cbfc29026
  custom:scripting/monoscript/fileName/ExtrudeEdges.cs:  -> ddb56ecccd06d064cce30e8ec94c3a24
  custom:scripting/monoscript/fileName/RectMask2D.cs:  -> 4d0473b9b97e6b8149c43fe7277f2c32
  custom:scripting/monoscript/fileName/Torus.cs:  -> 80ba092579159f0ee10eed09283f5118
  custom:scripting/monoscript/fileName/Attributes.cs:  -> 9d3861389974f0823e7e341aa6c23dae
  custom:scripting/monoscript/fileName/TMP_GlyphPropertyDrawer.cs:  -> 56b500a16a5c8f635a7bfdd702279864
  custom:scripting/monoscript/fileName/DeleteFaces.cs:  -> 6b563d42d9e83bc675dc19702c968415
  custom:scripting/monoscript/fileName/ProBuilderMeshEditor.cs:  -> 409e7369087b8f191734315fac6dc594
  custom:scripting/monoscript/fileName/MainToolbar.cs:  -> 162e661b90bc0601e328b0d9c9a85d04
  custom:scripting/monoscript/fileName/NewShapeToggle.cs:  -> 5f15e27392c39392c01d85b37192a28d
  custom:scripting/monoscript/fileName/ConformObjectNormals.cs:  -> ea6076ebe43da4b8ba6bcf8b94771359
  custom:scripting/monoscript/fileName/UserSettings.cs:  -> f2f6e07d0ff2c4f74ff78dca7a736f53
  custom:scripting/monoscript/fileName/MinMaxAttribute.cs:  -> a4b6ac8a4377612c7135a60f905792f1
  custom:scripting/precompiled-assembly-types:UnityEditor.UI:  -> 6bae215471362000d6dbd3e0ee304a50
  custom:scripting/monoscript/fileName/EditorGUIUtility.cs:  -> 6cbafc8575de9d68c30b4fb135d63bfe
  custom:scripting/monoscript/fileName/MotionBlurEditor.cs:  -> 3bd8d3e7e9a7ea94beb2e5517b62d27b
  custom:scripting/monoscript/fileName/InsertEdgeLoop.cs:  -> 79633fa178da92a5c6294668ef444484
  custom:scripting/monoscript/fileName/PolyShapeEditor.cs:  -> fe3b7706705ed3c4dd84e573dcfcf6ed
  custom:scripting/precompiled-assembly-types:Unity.TextMeshPro:  -> 59230975e8163396a463bd906828ec67
  custom:scripting/monoscript/fileName/Navigation.cs:  -> e35012b3e8f0b9a62e22595c530c4b09
  custom:scripting/monoscript/fileName/Dithering.cs:  -> 3014fffaa718d0ad6dd2c7bb7956ed46
  custom:scripting/monoscript/fileName/CubeLutAssetImporter.cs:  -> 5e94ca4c74dad11cc8880f33d0ba9efb
  custom:scripting/monoscript/fileName/Outline.cs:  -> abe7a3b85236fa2aa6a727443644081c
  custom:scripting/monoscript/fileName/Physics2DRaycasterEditor.cs:  -> 9e7f63ac2881662ae3bbd50a4338aa2a
  custom:scripting/monoscript/fileName/TMP_SpriteGlyph.cs:  -> cb4cdca5a4c6415e4f27ee5280164c41
  custom:scripting/monoscript/fileName/TMPro_EditorShaderUtilities.cs:  -> f4cbef9348a73d49f1efb8d10ff07bf0
  custom:scripting/monoscript/fileName/SetCollider.cs:  -> eae49933455a2c9b95713257135e4d8f
  custom:scripting/monoscript/fileName/VertexManipulationToolSettings.cs:  -> c46b46378b08a08e84560f649870b305
  custom:scripting/monoscript/fileName/TMP_CharacterPropertyDrawer.cs:  -> ddc6f8909fdac3de9238e9b86e411c3e
  custom:scripting/monoscript/fileName/BezierShape.cs:  -> b5801eb32f53d6731ef1dbd52394d0d7
  custom:scripting/monoscript/fileName/EditorSceneViewPicker.cs:  -> 13df4fde3106db2f1cf39c7820e34ef1
  custom:scripting/monoscript/fileName/QuadUtility.cs:  -> f80c36f8b1183a738f2c4f7fa2ab27d9
  custom:scripting/monoscript/fileName/Changelog.cs:  -> 796ad3f3a5d8532b75e1fde95ea4a6fe
  custom:scripting/monoscript/fileName/DecoratorAttribute.cs:  -> be5bd39119e1a41ea1a019fdb3818a3f
  custom:scripting/monoscript/fileName/TMP_FontAssetEditor.cs:  -> e359b61135381f6b1d7b8c7e97a930f3
  custom:scripting/monoscript/fileName/pb_Stl_Importer.cs:  -> d65407d7fe02c27f450e320f523317a6
  custom:scripting/precompiled-assembly-types:Unity.ProBuilder.Editor:  -> c50dcfa169be5b31751be0a1080d30b1
  custom:scripting/monoscript/fileName/KdTreeNode.cs:  -> 90647cc400823b41df847a6cbfc29026
  custom:scripting/monoscript/fileName/AdvancingFrontNode.cs:  -> 03e5d4b9222c4095e8449306398434f5
  custom:scripting/monoscript/fileName/InternalMeshUtility.cs:  -> 47e64566b64f31667f3ecd22aea855bd
  custom:scripting/monoscript/fileName/CurveEditor.cs:  -> f5e872b2a5a6427a1785818cb10d95d1
  custom:scripting/monoscript/fileName/TMP_FontAsset_CreationMenu.cs:  -> 1c5caeb31a0df734411a201aca87cb03
  custom:scripting/monoscript/fileName/ITypeMath.cs:  -> 90647cc400823b41df847a6cbfc29026
  custom:scripting/monoscript/fileName/ProBuilderize.cs:  -> 006fb89e624c26dbea4b2af78139477c
  custom:scripting/monoscript/fileName/ToggleXRay.cs:  -> 2beaa89293af925965c361a628716eab
  custom:scripting/monoscript/fileName/PolyShape.cs:  -> 68d98358b4f6d4a567396bfd2d8fb6a8
  custom:scripting/monoscript/fileName/Subdivision.cs:  -> 2d3ed2728b5e862f0b20dccff60f596a
  custom:scripting/monoscript/fileName/pb_ObjectArray.cs:  -> 23d64ec5390756f20b8935c6d27ae727
  custom:scripting/monoscript/fileName/ProGridsIgnoreSnap.cs:  -> a6e9a46f7d1ca1bca90f5934e2b8f31e
  custom:scripting/monoscript/fileName/TMP_CoroutineTween.cs:  -> 76849b8d6d4ce499ad8ffee762e4a4af
  custom:scripting/monoscript/fileName/PackageSettingsRepository.cs:  -> 3d7ef57a71ca69fa31cb043698cb6983
  custom:scripting/monoscript/fileName/ToggleContent.cs:  -> 12cadca4260c0e988c117834558e2363
  custom:scripting/monoscript/fileName/SelectFaceLoop.cs:  -> 41e1c4627a230cc32925e760a4ea1602
  custom:scripting/monoscript/fileName/ColliderBehaviour.cs:  -> facc1ae2f42419fa1146003334c8bf66
  custom:scripting/monoscript/fileName/DisplayNameAttribute.cs:  -> 935a6ac504eb8a852fba40cbcae9292c
  custom:scripting/monoscript/fileName/DeleteElements.cs:  -> 4c13bc6aa328361166e449ea1ebb36f9
  custom:scripting/monoscript/fileName/LicenseEditor.cs:  -> 63763a27e13858a79a8d582236d3aff4
  custom:scripting/monoscript/fileName/TMP_ScrollbarEventHandler.cs:  -> c015e39b5a3f1a14518ce039f30e10af
  custom:scripting/monoscript/fileName/GlyphMetricsPropertyDrawer.cs:  -> 438b07e6eae795dab04c32f51ac4e752
  custom:scripting/monoscript/fileName/SelectPathFaces.cs:  -> 80c6b565b5df1b6163de14f2f5623788
  custom:scripting/monoscript/fileName/Triangulation.cs:  -> 09054241e6b66b6bff40ad35686c73c1
  custom:scripting/monoscript/fileName/UserSetting.cs:  -> 9a8b723fb560f0e7a90b73c9a63a7958
  custom:scripting/monoscript/fileName/TMP_ObjectPool.cs:  -> 90647cc400823b41df847a6cbfc29026
  custom:scripting/monoscript/fileName/PostProcessBundle.cs:  -> f610f855c8ae8b896b5084e85ede373e
  custom:scripting/monoscript/fileName/Node.cs:  -> 291859575cb9c6e25dde80dbcd31fe5f
  custom:scripting/monoscript/fileName/EditorMaterialUtility.cs:  -> b048d9073a287734afa3e8a672786fb9
  custom:scripting/monoscript/fileName/MergeFaces.cs:  -> f0a7123f95ff8b6d8a9b42653a9c0700
  custom:scripting/monoscript/fileName/TMP_SpriteAnimator.cs:  -> bf3a797c3a059d3698e93e0031d7f11c
  custom:scripting/monoscript/fileName/SubpixelMorphologicalAntialiasing.cs:  -> 02dcb8839824addec278047da0509aea
  custom:scripting/monoscript/fileName/OpenVertexPositionEditor.cs:  -> 8383d3bdff3fd2a102f368cd27c823e5
  custom:scripting/monoscript/fileName/GraphicRegistry.cs:  -> 98589adfc9bed38aa1284f52d0906cff
  custom:scripting/monoscript/fileName/Door.cs:  -> 01c9614e23978f328b71d053948f991a
  custom:scripting/monoscript/fileName/ScreenSpaceReflectionsEditor.cs:  -> 59c13ba25de6098e70bafe8be94f609a
  custom:scripting/monoscript/fileName/TMP_FontAssetUtilities.cs:  -> 5b7a9bc9c5c56e3cb5ccc808a2bdd9e4
  custom:scripting/monoscript/fileName/UIBehaviour.cs:  -> 93a5dfaee450605a3ebf5df8a3c39094
  custom:scripting/monoscript/fileName/VertexEditing.cs:  -> cb46c69b687fb75b59e3367415afaff1
  custom:scripting/monoscript/fileName/CombineMeshes.cs:  -> a9ce7a0bc7639b0c1010471275dc600c
  custom:scripting/monoscript/fileName/PositionAsUV1.cs:  -> 2e4459b437a4807ec15690930098829a
  custom:scripting/monoscript/fileName/ShapeState.cs:  -> 3749e2c667cecc0f702ff706b018e886
  custom:scripting/monoscript/fileName/BezierSplineEditor.cs:  -> 3ad6df2b7420af9029add9cd3b037737
  custom:scripting/monoscript/fileName/ProGridsSceneToolbar.cs:  -> 042cefa26594937cc1191fe1dca1b9f4
  custom:scripting/monoscript/fileName/PolygonGenerator.cs:  -> 2aafe12f9c6b9da7c8245101147d5dd8
  custom:scripting/monoscript/fileName/PostProcessResources.cs:  -> 5089c17a701ba9b714a1f3d25fb9a9b0
  custom:scripting/monoscript/fileName/AutoUnwrapSettings.cs:  -> 505c9e8ec7abeb42e5de8a57e4ff3803
  custom:scripting/monoscript/fileName/SelectLoop.cs:  -> 03ac0ad9679c503b1c8b7fe6c371f29c
  custom:scripting/monoscript/fileName/BaseEditor.cs:  -> 90647cc400823b41df847a6cbfc29026
  custom:scripting/monoscript/fileName/PostProcessEffectSettings.cs:  -> 2ab9d33170e863b1a9c8a9079cdd12aa
  custom:scripting/monoscript/fileName/DropdownEditor.cs:  -> 7835943c2b1e7ab14674862cb91ce165
  custom:scripting/monoscript/fileName/PriorityQueue.cs:  -> 0cdf409b5aa8d4c25876d72b5c6a3b60
  custom:scripting/monoscript/fileName/MaterialEditor.cs:  -> f530beda68d4162ffebd1ab086eac73e
  custom:scripting/monoscript/fileName/LayoutElementEditor.cs:  -> 7b7a8175ebabe6f0476df392a9d779f5
  custom:scripting/monoscript/fileName/TextMeshPro.cs:  -> 0cfab9de2f927cf0a5e3dc6276498acd
  custom:scripting/monoscript/fileName/CanvasScaler.cs:  -> 2ea1923de8f9e015366994adf4a911f8
  custom:scripting/monoscript/fileName/EffectListEditor.cs:  -> 1ecdb4094d9e64024d6eb7725a86197b
  custom:scripting/monoscript/fileName/Sphere.cs:  -> fc1a890637c16d42bea0288fac0d32cf
  custom:scripting/monoscript/fileName/TMP_TextProcessingStack.cs:  -> 6146dd1b7f9b90aa342ef9794e387c23
  custom:scripting/monoscript/fileName/ProBuilderToolManager.cs:  -> b1a465d81a664e6bb35ec8ea83bc4b74
  custom:scripting/monoscript/fileName/InputFieldEditor.cs:  -> ae985d67ad35a24d695667fcf35d81ef
  custom:scripting/monoscript/fileName/IGraphicEnabledDisabled.cs:  -> 543e967edd29d3f90a7fada795a69d63
  custom:scripting/monoscript/fileName/FontDataDrawer.cs:  -> f7cbe293c2e3dff2ee39aff7bd4163b1
  custom:scripting/monoscript/fileName/VertexPositioning.cs:  -> 72fdeca4b408d9862267b32f667e1074
  custom:scripting/precompiled-assembly-types:Unity.ProBuilder.KdTree:  -> 36f520727c18f2cdfef6b21f2282425a
  custom:scripting/monoscript/fileName/MeshImporter.cs:  -> bf784b146e3ce8404151198f5cf6434d
  custom:scripting/monoscript/fileName/MeshAndElementSelection.cs:  -> a24a0934fd2aa12cf7e44f99f89ac69e
  custom:scripting/monoscript/fileName/ColorPalette.cs:  -> 1c1b41242ba5ca26499c5f401ccf2446
  custom:scripting/monoscript/fileName/Sprite.cs:  -> feaf383831c6d8dc30fd1ee62a194252
  custom:scripting/monoscript/fileName/VectorHash.cs:  -> 73efb1b59aa72f6931fc7c991c4eeae6
  custom:scripting/monoscript/fileName/TMP_InputValidator.cs:  -> 5e0d679d98dae60baa87977011e0ed51
  custom:scripting/monoscript/fileName/MaskEditor.cs:  -> 3bd6622b0f25c580774e523433166ef0
  custom:scripting/monoscript/fileName/GridLayoutGroupEditor.cs:  -> e48ddca2b2d4210562ae141b312d8312
  custom:scripting/monoscript/fileName/VertexManipulationTool.cs:  -> 285f01fa4b22517173c175fb8dc94e60
  custom:scripting/monoscript/fileName/ObjExporter.cs:  -> c82ccdbcc64a076a13c2f8aab8afbc5a
  custom:scripting/monoscript/fileName/IgnoreSnapAttribute.cs:  -> f10d2b074b92cda845be6d066adb7446
  custom:scripting/monoscript/fileName/VertexUtility.cs:  -> 052e4b725d8884d92d676e6d212b34e9
  custom:scripting/monoscript/fileName/NewBezierShape.cs:  -> 2b4083186ccd0d651beb42f17f850f7e
  custom:scripting/monoscript/fileName/TMP_DefaultControls.cs:  -> 2673e29173eb9307fa53ee17c15332ed
  custom:scripting/monoscript/fileName/TMP_UIStyleManager.cs:  -> 66d96f3fa9ea14a5a6ed3f92d3bbe0f1
  custom:scripting/monoscript/fileName/FontUpdateTracker.cs:  -> 0edf4184b1e65a637688bed2aad2858e
  custom:scripting/monoscript/fileName/Defaults.cs:  -> 14e48b98acb7239604e3e71080382ec5
  custom:scripting/monoscript/fileName/FlipFaceNormals.cs:  -> b425fafc3a8e4b16ac0ff7feea8fc66b
  custom:scripting/monoscript/fileName/AssetIdRemapEditor.cs:  -> c3f34756c8a6598c4cf15f5e847bf414
  custom:scripting/monoscript/fileName/TMP_SelectionCaret.cs:  -> d2a06fefe973175bffa10d62f788c481
  custom:scripting/monoscript/fileName/ValueWrapper.cs:  -> 90647cc400823b41df847a6cbfc29026
  custom:scripting/monoscript/fileName/EditorToolsContexts.cs:  -> 2d17066c287657c5db318975da74e7af
  custom:scripting/monoscript/fileName/AnimationTriggersDrawer.cs:  -> a95af93c1a59bab8729323baee4360e5
  custom:scripting/monoscript/fileName/TriangulateObject.cs:  -> 552194489d8ee542e612ed9b3681ec44
  custom:scripting/monoscript/fileName/DoubleMath.cs:  -> d3a713d6df919a256ea9b090c3b84b43
  custom:scripting/monoscript/fileName/ProBuilderSettingsProvider.cs:  -> 31c7f11630ae278eb11b8b1b3b44c0ad
  custom:scripting/monoscript/fileName/AdvancingFront.cs:  -> ba4e7f8c74fb24a84261ff39b2535119
  custom:scripting/monoscript/fileName/Scrollbar.cs:  -> 042fdb4d377c0d68cf1021e2ead3c650
  custom:scripting/monoscript/fileName/Version.cs:  -> 2140673570cb0dbe2b0365f572525f99
  custom:scripting/monoscript/fileName/CollapseVertices.cs:  -> b8f4877fb9cdb02e00dd9b33b403fa7c
  custom:scripting/monoscript/fileName/Fog.cs:  -> 07e271953e2bcf8513b6a72a2737e767
  custom:scripting/monoscript/fileName/ObjectPool.cs:  -> 90647cc400823b41df847a6cbfc29026
========================================================================
Received Import Request.
  Time since last request: 1351370.246469 seconds.
  path: Assets/Classic FPS
  artifactKey: Guid(2cf028a3dc5f97e448181f88e0c9a6e6) Importer(815301076,1909f56bfc062723c751e8b465ee728b)
Start importing Assets/Classic FPS using Guid(2cf028a3dc5f97e448181f88e0c9a6e6) Importer(815301076,1909f56bfc062723c751e8b465ee728b)  -> (artifact id: 'a3394963f45e25ceee9103e4e7a47974') in 0.004806 seconds
Number of updated asset objects reloaded before import = 0
Number of asset objects unloaded after import = 0
========================================================================
Received Prepare
Begin MonoManager ReloadAssembly
- Loaded All Assemblies, in  0.553 seconds
Refreshing native plugins compatible for Editor in 0.14 ms, found 0 plugins.
Native extension for iOS target not found
Native extension for Android target not found
Native extension for OSXStandalone target not found
[MODES] ModeService[none].Initialize
[MODES] ModeService[none].LoadModes
[MODES] Loading mode Default (0) for mode-current-id-New Unity Project
2025-06-06 15:46:53.319 Unity[75593:10600264] CAMetalLayer ignoring invalid setDrawableSize width=0.000000 height=0.000000
2025-06-06 15:46:53.364 Unity[75593:10600264] CAMetalLayer ignoring invalid setDrawableSize width=0.000000 height=0.000000
Mono: successfully reloaded assembly
- Finished resetting the current domain, in  2.124 seconds
Domain Reload Profiling: 2679ms
	BeginReloadAssembly (324ms)
		ExecutionOrderSort (0ms)
		DisableScriptedObjects (37ms)
		BackupInstance (0ms)
		ReleaseScriptingObjects (0ms)
		CreateAndSetChildDomain (43ms)
	RebuildCommonClasses (56ms)
	RebuildNativeTypeToScriptingClass (16ms)
	initialDomainReloadingComplete (69ms)
	LoadAllAssembliesAndSetupDomain (89ms)
		LoadAssemblies (190ms)
		RebuildTransferFunctionScriptingTraits (0ms)
		AnalyzeDomain (71ms)
			TypeCache.Refresh (43ms)
				TypeCache.ScanAssembly (37ms)
			ScanForSourceGeneratedMonoScriptInfo (18ms)
			ResolveRequiredComponents (9ms)
	FinalizeReload (2125ms)
		ReleaseScriptCaches (0ms)
		RebuildScriptCaches (0ms)
		SetupLoadedEditorAssemblies (1626ms)
			LogAssemblyErrors (0ms)
			InitializePlatformSupportModulesInManaged (155ms)
			SetLoadedEditorAssemblies (19ms)
			RefreshPlugins (0ms)
			BeforeProcessingInitializeOnLoad (110ms)
			ProcessInitializeOnLoadAttributes (1251ms)
			ProcessInitializeOnLoadMethodAttributes (89ms)
			AfterProcessingInitializeOnLoad (1ms)
			EditorAssembliesLoaded (0ms)
		ExecutionOrderSort2 (0ms)
		AwakeInstancesAfterBackupRestoration (12ms)
Refreshing native plugins compatible for Editor in 0.11 ms, found 0 plugins.
Preloading 0 native plugins for Editor in 0.00 ms.
Unloading 1367 Unused Serialized files (Serialized files now loaded: 0)
Unloading 17 unused Assets / (1.8 MB). Loaded Objects now: 1887.
Memory consumption went from 183.2 MB to 181.4 MB.
Total: 3.141416 ms (FindLiveObjects: 0.099833 ms CreateObjectMapping: 0.031167 ms MarkObjects: 2.706375 ms  DeleteObjects: 0.303250 ms)

Prepare: number of updated asset objects reloaded= 0
AssetImportParameters requested are different than current active one (requested -> active):
  custom:scripting/monoscript/fileName/PreferenceKeys.cs: 971ed4aae575beb1e198c26581764982 -> c1c6958d9062b9c9c2efa7a28affa946
  custom:video-encoder-webm-vp8: eb34c28f22e8b96e1ab97ce403110664 -> 
  custom:scripting/monoscript/fileName/OpenVertexColorEditor.cs: 30ff560893ac054d11bcf5e0433eccba -> 0bde100a5e68bc6e8f047cf079c6371d
  custom:video-decoder-webm-vp8: 9c59270c3fd7afecdb556c50c9e8de78 -> 
  custom:scripting/monoscript/fileName/PackageImporter.cs: 1fe0039e0f1efd9d08d3a2da485c6f93 -> 18c4245910829c7fba0e1946a3f22d91
  custom:scripting/monoscript/fileName/TMP_FontFeatureTable.cs: cbd25d300d7ed4d969d60cb9f98f2826 -> 5ff9812058e8c02a5b04eaa88778f2a5
  custom:scripting/monoscript/fileName/TMP_SDFShaderGUI.cs: 1460619486eb6e8da302e26af5538aaa -> 082588c068c6e819b94cdf417f8b7551
  custom:scripting/monoscript/fileName/TMP_FontAssetCommon.cs: 2b5f11ccf8aacaf9b5ea6564bf2b0d57 -> 4a5ab4d4426385ab38edd57c118cd485
  custom:scripting/monoscript/fileName/TMP_RichTextTagsCommon.cs: 5462d55f8a9ad882f9a7f2d708a6978b -> d28b21b13d6cea8fa92671f9a2a1f20d
  custom:scripting/monoscript/fileName/SmoothGroupEditor.cs: 8bc2610f365dc4634fc8c31ccc969585 -> 1064d8331a913257dab4cdfc21fcec17
  custom:scripting/monoscript/fileName/TMPro_ExtensionMethods.cs: 479bffcc157b89693ffc4c2ef2374861 -> 3d34decc871f763d4c9c61f1fe0f3275
  custom:scripting/monoscript/fileName/DTSweep.cs: b489dbbdebbb3b9e956ffbc2a0d88071 -> d045108b24d44b221d8a008624fcda26
  custom:scripting/monoscript/fileName/MeshValidation.cs: 96702c51dfa78152e589ae8ca081a783 -> 04075680859bc34196ccd56358357ff4
  custom:scripting/monoscript/fileName/UVRenderOptions.cs: cbafaf027c1745bc7e47ed02d4fc6533 -> 6e1785599c7dbe3002d892a90e785a42
  custom:scripting/monoscript/fileName/WingedEdgeEnumerator.cs: adbd097edcaa08879624b3dbf9fed71f -> 599f0117cecc3a04c53adc2951c5dbe9
  custom:scripting/monoscript/fileName/EditorHandleUtility.cs: 0ac2d22f358476e1b744f1f8895e1aba -> dfe46cfb4b3329610eea1da8172ee0c1
  custom:scripting/monoscript/fileName/HyperRect.cs: 90647cc400823b41df847a6cbfc29026 -> 8f6297df34271fdb1ce2d9607ec6261d
  custom:scripting/monoscript/fileName/TooltipEditor.cs: 051c4adf0743255fa06a6508fb451a66 -> 1883cf96151e042643af8c3e5724e842
  custom:scripting/monoscript/fileName/SemVer.cs: 3cf48f4591710125c2a8f6dc6ca94475 -> 3b20103f5867598637cd086120875f18
  custom:scripting/monoscript/fileName/ColorUtility.cs: 955d148b2d9eeb72c61392d743a13c8c -> 7083431eceae2ed89152408497c8394c
  custom:scripting/monoscript/fileName/RepairActions.cs: c98caac95a1bd550b46a8909c4bd3f4b -> 5cadd7ed963fc39bb2a3786966755ca1
  custom:scripting/monoscript/fileName/FloatMath.cs: 0fe73a55cac7bdb87b1e039ac908242b -> d1d434c83c83cea2c1b3e68a52a53b59
  custom:scripting/monoscript/fileName/UvUnwrapping.cs: 6dc18e949826aea52a2968ed7b10cc47 -> f8c8948c67465d24bbe3ec0f1df0f6d3
  custom:scripting/monoscript/fileName/TMPro_EventManager.cs: 4c7492301243f935f7a463360f91d217 -> 9ebed0b1e26a8c995d644c176e696d93
  custom:scripting/monoscript/fileName/VertexPositionEditor.cs: 46d235253e54e23a363ea17144ac2a77 -> 20ce79aba53b8806cd4c2d9cb3f3ef6b
  custom:scripting/monoscript/fileName/ToggleSelectBackFaces.cs: cd800d355c36b0670ead69c584432936 -> 72f343f70eb62a43066b2f1a9721bf06
  custom:scripting/monoscript/fileName/TMP_SubMeshUI.cs: 748262c65738bc5e1c553ae7a37a0c73 -> 7a6337f74438df5e26b302bbbbc41105
  custom:scripting/monoscript/fileName/GlyphRectPropertyDrawer.cs: bdec415148eac17379112822c8814df5 -> d355023434b9b8f82f7070cb40c7c036
  custom:scripting/monoscript/fileName/ConnectElements.cs: b040b3cb3e9da34e655bb3a47bd46193 -> 176d925c658de9703fc379a239c082ea
  custom:scripting/monoscript/fileName/ShrinkSelection.cs: fe8a97f4f165a36f66e0120cfbdfd1a0 -> e24ad03152f0b3eb84e4686d997612d0
  custom:scripting/monoscript/fileName/WeldVertices.cs: 150ff8957179426a96725d6e78b916cf -> 310d946e6af6eb78ad0f4b270ab3f555
  custom:scripting/monoscript/fileName/TMPro_UGUI_Private.cs: 90647cc400823b41df847a6cbfc29026 -> 8f6297df34271fdb1ce2d9607ec6261d
  custom:scripting/monoscript/fileName/EditorStyles.cs: d933620442e94f395abad499f0a07844 -> d6cf61a3bff17f664d8f07b288899e0e
  custom:audio-decoder-ogg-vorbis: bf7c407c2cedff20999df2af8eb42d56 -> 
  custom:scripting/monoscript/fileName/IntVec4.cs: 4a457fdc2b6edfff9af20f31f74bc367 -> a3aa0bd472fa2d3b612a88ecb38ca78e
  custom:scripting/monoscript/fileName/MeshHandle.cs: 4fb552a16b062d468ef698bbde7ead52 -> f2b386582f7474a64e17e636fc0dbbcf
  custom:scripting/monoscript/fileName/Spline.cs: f8384952784bb95e08e1e29156fe4db5 -> 28e019c03606680a097c55b58115e0b3
  custom:scripting/monoscript/fileName/ShapeGenerator.cs: 8279205acb8a1e8bdcbaa5ab6a730a68 -> 559da73ab440a4cfbb6e5ee76a94db95
  custom:scripting/monoscript/fileName/VertexColorPalette.cs: e5d6bcbfe423cc4ee23c4be5f46b1637 -> 9d1376fe8abc00794faa97ecdf5c1ff7
  custom:scripting/monoscript/fileName/pb_Stl.cs: 9b07f4f149309491c5f1435ec678ae63 -> 51af4017240795884fad9c404f4e2fd7
  custom:scripting/monoscript/fileName/InternalUtility.cs: b46a4bbee8883c649a48eca82d9c5113 -> 9f2e1420b4fef97b404fe7afd5295ea8
  custom:scripting/monoscript/fileName/EditorToolbarLoader.cs: fdf9b8f64a6e826326906d3119503c10 -> 66381be3f5526c145ba9bae4850e926c
  custom:scripting/monoscript/fileName/IconUtility.cs: 45ed954b9dd197048f268e19e52aa10b -> 034630d592d662eca2e85205848a3722
  custom:scripting/monoscript/fileName/MeshHandles.cs: 9078a2010039bebdb66a21ef9e570477 -> 37075a86fc6b1c925d8ca4770dd1cbbc
  custom:scripting/monoscript/fileName/TMPro_ContextMenus.cs: 06b3d4b27f337b8d846ca7117f3251e1 -> fbbbcbf9b4eb950e9aeda2d70529152c
  custom:scripting/monoscript/fileName/DestroyListener.cs: 6be46e6f4b52a4b0718c2fb44268f9ce -> a68c3e137947b02ac2cd9c44630cb13d
  custom:scripting/monoscript/fileName/TMPro_MeshUtilities.cs: 2237d160e4d9e81a7d899dc235029cb3 -> 183dd3a7e1b70c109767dd5059a390dd
  custom:scripting/monoscript/fileName/TMP_TextInfo.cs: 9e4eb698c4c168829682cbe659418e8f -> d86eebf32f36b8febee06365f862b403
  custom:scripting/monoscript/fileName/TMP_TextElement_Legacy.cs: 6e11e173cb695b15e8cce3cd1e1cb2a7 -> 33cc86d4b4c35f95c6446ea70ef56fc4
  custom:scripting/monoscript/fileName/TMP_Compatibility.cs: 3ef1f12d3c823dd740c7c596ab076c61 -> d5209fd9c6a9aef9cccdbfb4f06bd571
  custom:scripting/monoscript/fileName/MenuAction.cs: 898ec4fe99f46e9006b47eb12b400bce -> fae602d108041252c892c7d0dbb6835e
  custom:scripting/monoscript/fileName/TextContainer.cs: 245c032a15fbc12850861c707e37b027 -> 4e3c016869303ab3136387f7870e5adb
  custom:scripting/monoscript/fileName/IntVec2.cs: 08f3ad76946da3616135c08e32f0dd9a -> 9ebed9e7543f0e4249c4d89daeef5a21
  custom:scripting/monoscript/fileName/Pipe.cs: 5ab339b2fd460f209f184462230f3149 -> 3ca54dd364f22d106e069d3639f4f8f6
  custom:scripting/monoscript/fileName/MirrorObjects.cs: 352699d4a7651efc5cce5eea885082ac -> 30fb8dc2394f76e291a51694eebc1bb7
  custom:scripting/monoscript/fileName/FaceRebuildData.cs: 84b2db0355125c47a227c7fa1701067f -> 4f4d3770d43d79d6f5c02b08c148862f
  custom:scripting/monoscript/fileName/PreferenceDictionaryEditor.cs: 9fa6284d94bac21a015ed6b0842b4204 -> 7cd89f8e58bce998ffced9b126a94783
  custom:scripting/monoscript/fileName/TextureTool.cs: 993795ee2a60353f3a850d19c84178be -> f36f558dcac1c72ba3562e4aa1c2caad
  custom:scripting/monoscript/fileName/MeshSelection.cs: 1023d69f6dc6c80d3619702d1b000c52 -> e7812b7cf0f91d037c2e98119937132a
  custom:scripting/monoscript/fileName/PolyShapeTool.cs: 7bc678380b9081ce72ddf75ffd2e71dd -> 7dfb89ede7ce1e06d6ffd4debafe5fb4
  custom:scripting/monoscript/fileName/EditorMeshUtility.cs: 07524f479fd6253ffe9cec9107fd0db3 -> d65aa916b1419290b5f7e47cb2b5d209
  custom:scripting/monoscript/fileName/PointSet.cs: 856b6b7048d351f3361fd73be98c133e -> 1cb3625d684708a48e1f619d38f3ae4d
  custom:scripting/monoscript/fileName/Plane.cs: 10495ff9b800b2afa8268aeffb6ada07 -> fdceb9c119da0a30acdabb70cd0ba29a
  custom:scripting/monoscript/fileName/BuiltinMaterials.cs: f1801187dcebf42d4c70a9f4b283cc9a -> abbf76b631504676e7b7d7a401b3619b
  custom:scripting/monoscript/fileName/HandleGUI.cs: d5e044de315c4ae729548743aabbcc7c -> afa4af5140a52f4f9ca3da5b0ac10ad6
  custom:scripting/monoscript/fileName/TMP_EditorResourceManager.cs: f56b80268a934198a76acc6f4cef503c -> 30391129c5b96f298e44c099ae0fab57
  custom:scripting/monoscript/fileName/TMPro_FontAssetCreatorWindow.cs: 0d0900483ed9b57d4ccc2ff58d1220b3 -> 9d68c1aab1c646cdf3e70083dc01df96
  custom:SearchIndexIgnoredProperties: e643bd26f0fe6173181afceb89e7c659 -> 
  custom:scripting/monoscript/fileName/Export.cs: 078559a78b86060d1b211241c5c67779 -> c50292d7ecb2991c4e7a9d81cef51859
  custom:scripting/monoscript/fileName/IHasDefault.cs: d3ac6d93a1f2a0255a9ab45bb4e61b9c -> 1e14a04e64e81d8f0d3e7c9ca86f95f4
  custom:scripting/monoscript/fileName/TriangulationPoint.cs: 32917afe2890c1499ece497286a4d04a -> 1035c919b741bdf95e2932b37bd260e4
  custom:scripting/monoscript/fileName/AutoUVEditor.cs: a2d70cd5a5b723a42dd96d8849970c6c -> 627ab62f8fdd1604c3ee48475ef9e815
  custom:scripting/monoscript/fileName/HandleConstraint2D.cs: 0be005422d79e45e5239b3f12629e4ee -> 9015774b3c0bbbdd3a4330fb8924982c
  custom:scripting/monoscript/fileName/TMP_SubMesh_Editor.cs: b381eb4c2ad4ef265088242d67c5b140 -> 6199a3bf0c204e3bdded9f5f05415a32
  custom:scripting/monoscript/fileName/TMP_Settings.cs: 68d1204aae2aa6d0a54c151b7af443e7 -> 957f1889ca66b295dca8f725cc81558d
  custom:scripting/monoscript/fileName/TMPro_SortingLayerHelper.cs: 8b86ad735987eff6a1277352e9e8d9b6 -> e3aabd077ed12370ac46dda129ef572e
  custom:scripting/monoscript/fileName/SelectionPickerRenderer.cs: ebb4947fce4540eba10b7d1df3164b8c -> 73f1e4a4a65ed18cd1e1d52a19d8d397
  custom:scripting/monoscript/fileName/Extrude.cs: 34a5e82da627ee072b8b3873fd02e1ab -> dcbaaeeec29f276dbf276d9d529d07bb
  custom:scripting/monoscript/fileName/TMP_TextElement.cs: 5dfb95666bd41ecc32948097824aba23 -> fb8354965187a75f506d9a9df85f19dd
  custom:scripting/monoscript/fileName/TMP_InputFieldEditor.cs: a6f05406e9cdb59679382b884c14216a -> 8f2095c37e5fd5ed563d60163f0c2e52
  custom:scripting/monoscript/fileName/TMP_Text.cs: 5cba61e283281e8dbf7dadaabcd638dc -> c453c9b4dcb2bfad1083e3b49dfa3983
  custom:container-demuxer-ogg: 62fdf1f143b41e24485cea50d1cbac27 -> 
  custom:scripting/monoscript/fileName/DTSweepContext.cs: 2981771f565ec1526dc5d821e460f88f -> 04c0f7cf0e165c3283113f604cd42540
  custom:scripting/monoscript/fileName/OpenMaterialEditor.cs: e48180fa4e846a1c9510af46c88df99b -> baa1f65543a2c837b5be23900001d62c
  custom:scripting/monoscript/fileName/UVEditor.cs: bb46d5bac7199bd3c17dd891460f80ff -> 72ca5bcad2be1e7fb633cba0a986444f
  custom:AudioImporter_EditorPlatform: 3918e3fc78b5a79bad01e8451be0beb8 -> 
  custom:scripting/monoscript/fileName/PreferenceDictionary.cs: 39594dd21319b14ffe21cbd90959a3a6 -> aa8b39134effb62bcf93956ec1113878
  custom:scripting/monoscript/fileName/Experimental.cs: 91e9d2d4ec28f211f51aa6b3c2d6addc -> 74044429c642e1d5383cff33699e9713
  custom:scripting/monoscript/fileName/ProbuilderScaleTool.cs: 2b819c71d43921e551cd144d387df88b -> 693ed401cdd2268a25a82a0b4d09aedb
  custom:scripting/monoscript/fileName/ReflectionUtility.cs: 4f20c90f34e7c9a0975037e76bd514e1 -> e9fbf2f99142e54c08e7ab42214b8d2e
  custom:scripting/monoscript/fileName/TriangulationContext.cs: c42f2501129644a7463ca94823659aca -> adf33f40b421fead56d5d60ed76341b6
  custom:scripting/monoscript/fileName/ElementSelection.cs: c68aacab4736cb88931cbda58954f8b2 -> 6fa56cc3b2c46b068ce001582f75bbdf
  custom:CustomObjectIndexerAttribute: 9a22284fe3817be447336de3de66b15e -> 
  custom:scripting/monoscript/fileName/TMP_SpriteAssetImportFormats.cs: 920e3140228fbd530b0080254da22d88 -> 3cc56654a2015a96112916e9636fbe6f
  custom:scripting/monoscript/fileName/TMP_StyleAssetMenu.cs: 60e7743122a0686d1131101c521adac6 -> d695e815510410a6715fa00ae5e73f57
  custom:scripting/monoscript/fileName/TriggerBehaviour.cs: 9e9b28603c1443f5d61fd91ef7ccbf86 -> 79e7a86a8530867940d5ec2db58f3ac8
  custom:scripting/monoscript/fileName/ProBuilderMeshFunction.cs: 90647cc400823b41df847a6cbfc29026 -> 8f6297df34271fdb1ce2d9607ec6261d
  custom:scripting/monoscript/fileName/TMP_MaterialManager.cs: 441d72ec3c04a8da6a351f60fff95465 -> 1382feee688fee3eebaa5e9d7b47e98d
  custom:scripting/monoscript/fileName/StripProBuilderScripts.cs: 8d1118df1b038f5729efd517ae8a88bb -> 28ed736835aaf61296e94776be7fe22f
  custom:scripting/monoscript/fileName/ConfigurableWindow.cs: c5114dc30bc9061442d90941d750ad69 -> dc908ec59e43674d94e6c44d5f6f0a04
  custom:scripting/monoscript/fileName/TextureMoveTool.cs: ce8cacc59824d8cf57a35f09c16f8711 -> 561dc27692dc87b40ac845b590590c6e
  custom:scripting/monoscript/fileName/TMP_SpriteAsset.cs: 8d06882cb45c7664f8d7c3079ee8757f -> b46309090c7f7da519ff6ef3172bd077
  custom:scripting/monoscript/fileName/TMP_TextParsingUtilities.cs: 8b3fe20641ae0dd97405135955c706a3 -> 47331f425db7fa5c443a11c866530503
  custom:scripting/monoscript/fileName/TooltipContent.cs: ebba672cca5b3ad7206f389dac2aaebf -> 59ac72fe5e43e89296b93f6ab317b8c6
  custom:scripting/monoscript/fileName/LightmapUVEditor.cs: 4a5ea877356561228eed906adcd3bedb -> a2aefb495142dc468618fa8a501b7aad
  custom:scripting/monoscript/fileName/PreferencesUpdater.cs: 83612b3eb5c9f939088fe8899554f47b -> 9a363e698ce1b17dbc0d2d4dab7a63b9
  custom:scripting/monoscript/fileName/SmartConnect.cs: 8e54477dfa9d32f8770b42f4e609398c -> 7cc56315c2f7d3b4ddbfec9b55b217f6
  custom:scripting/monoscript/fileName/ExportObj.cs: c18a1561185a459c7d8d09a4d25283a2 -> b50eb634a6665886ac462c95bd53c18a
  custom:scripting/monoscript/fileName/ProBuilderAnalytics.cs: 2cd7a59044f39493e703b05f32b66c91 -> 1c7d7c6ab5b13a09bcd39014b45b9a79
  custom:scripting/monoscript/fileName/EditorUtility.cs: 4382ba71a5fdd3efad937be52139f5f9 -> 93f1489ed0c05fd005da29cea6da0c82
  custom:scripting/monoscript/fileName/Arch.cs: b067ac6b52031bd7322d6f3511ad169c -> f1c51c8c0bcd0928d443c381b195e68f
  custom:scripting/monoscript/fileName/LogEditor.cs: 40340fd10eb0d8176aa6afc39bccbaf4 -> 5e1c92e4622e71b33b738b828fa27fb8
  custom:scripting/monoscript/fileName/FlipObjectNormals.cs: 5609faa163c9a11dab9cd43e902b823c -> fb2365562ddc0eea3f4f6e4b9288df3f
  custom:scripting/monoscript/fileName/PositionTool.cs: 2fd18bf8664a011c4421990ba96d6342 -> 5e734435a39761992fa026a9b9d7a18c
  custom:scripting/monoscript/fileName/Edge.cs: 057c878f971a98ac6fecd89263127db8 -> 6e8d0d5fb0fb548cecca33c0fd183e9e
  custom:scripting/monoscript/fileName/BezierPoint.cs: 34833cc72fdb3a48f1f4d008cbd59fdb -> 7525997013ed3923f7017a1f8bd43327
  custom:scripting/monoscript/fileName/TMPro_TexturePostProcessor.cs: 0750ad2b775120fa59f760172dc340ad -> d21743efde4e74198703a65b965619ea
  custom:scripting/monoscript/fileName/TMP_ResourcesManager.cs: 64252a073d41e9c6f4e95b5f68ac966c -> 0d972ba50c38c5b25fe15fb0c61ada2b
  custom:scripting/monoscript/fileName/Smoothing.cs: 330a1dd6217f1894b6d80984c74f9c02 -> a5f43ca51675d12c056752c71c91493e
  custom:scripting/monoscript/fileName/TMP_PostBuildProcessHandler.cs: c69b388004562ecb0f789fc3759d9651 -> 728d00fd9070cbfe6d8df45c08e57305
  custom:scripting/monoscript/fileName/ProBuilderShapeEditor.cs: e9de23e6a3e5ceebe7af47bb766a8898 -> 889928ab8d4165b46609eb6bf1b9947d
  custom:scripting/monoscript/fileName/Projection.cs: ed09dc3fa75f6d964258c142443c8e2f -> a99aca606acb7395e9583f20da6bb81a
  custom:scripting/monoscript/fileName/ConnectVertices.cs: 8257d8a693dec45e625c35a99914af6f -> 9f1e5d145cdb3ffd0765deedcb2d98bf
  custom:scripting/monoscript/fileName/TMP_DropdownEditor.cs: 2d907ee76ef876797c15186180266847 -> 6df138b51e278f9c93bd4976e96aa952
  custom:scripting/monoscript/fileName/EntityBehaviour.cs: 7a0182fad58e8b86f5d1052d96507e02 -> 7020f30221d5fc623dfd25c0afe538c2
  custom:scripting/monoscript/fileName/MergeElements.cs: c9b3400349305ddcd54accbdabf30f58 -> c200d1c9feef6a7cfad8fbd59745c8c0
  custom:scripting/monoscript/fileName/EdgeUtility.cs: 1a660714836b36f59bcd2ddafecfe565 -> d5d024e13a2c772fede5968a2a84bad1
  custom:scripting/monoscript/fileName/SelectionUtility.cs: 92d2eece3ee87ab27a4e71ba6256b756 -> 62672b6b7b9f66de36e9019b7ab61216
  custom:scripting/monoscript/fileName/ToolbarGroup.cs: 61877aef40bf12b94f4563196b114281 -> b3446a3ba7dbd0117ea9f39ef820f9d1
  custom:scripting/monoscript/fileName/Entity.cs: 46f49b609c478dd10de66061000fec95 -> 2a45643cd0ab11f7a87a1756acaf27c8
  custom:scripting/monoscript/fileName/ProBuilderEditor.cs: 2dba96b7748ca8a4b559fcb455a58b78 -> cb8336c5ae1ba4e4350b3a477f3a84f5
  custom:scripting/monoscript/fileName/TMP_PackageResourceImporter.cs: 949b6e7fa2132b400d5c4aaf9c34421a -> 5335f4ee7041812300af31a777e4f584
  custom:scripting/monoscript/fileName/EditorHandleDrawingScopes.cs: fa69dc0aae38f933c4768b1a381f6f16 -> 6e49124636030e26c07fc62951b3fc99
  custom:scripting/monoscript/fileName/ScriptingSymbolManager.cs: 9f4ebf1856d93cebe044158f23b01e0b -> c441cb9442058a8009c4677e535a8f5a
  custom:scripting/monoscript/fileName/MaterialUtility.cs: 39fc2b5fdbf10826d74b00a710dbbd4b -> 88cf4fbb88e3f1204571500ff4ff9e45
  custom:scripting/monoscript/fileName/TMP_EditorCoroutine.cs: 04cbf5ce6e541d98265aa7668ef82832 -> 01d80099920d11c11bfa87417e26164b
  custom:scripting/monoscript/fileName/MeshTransform.cs: 558feaf5ce4456f3514221266af9489f -> cef0215a2fecd1c2d2cbab8f5227f824
  custom:scripting/monoscript/fileName/DelaunayTriangle.cs: 908235f5d5e291f50089ca6a8bdf4c13 -> a054c1ee7cb04c097e8ceb96652dcdfb
  custom:scripting/monoscript/fileName/ExportStlAscii.cs: 9a4dfdfba98097a3c691a44b59f67ad6 -> 0202a109a87d532de90cb92c017792ca
  custom:scripting/monoscript/fileName/Submesh.cs: 51f2a9e71cf380288c6159863c8c6958 -> 3b9f33e18b686f2ef961a1460f1ca761
  custom:scripting/monoscript/fileName/CenterPivot.cs: 0540fa0c3bb9c7b452e63f89e313456c -> 770b513b1417a468a49e0612e0dc1780
  custom:scripting/monoscript/fileName/OffsetElements.cs: 112aeff604960ea9032670cfb4a87fc1 -> 458cc781ffeffd7206e0b1c130f2eec5
  custom:scripting/monoscript/fileName/VectorMask.cs: f37b197a0f2e7d76768feac2551f97f2 -> ba27e7ec933b2076546dcfdaaa788a30
  custom:scripting/monoscript/fileName/FixedBitArray3.cs: bc9279bedd3a6bc1feb5645d9911ddcf -> 19581a695ccc746fb3b7e7dd64fdf8bb
  custom:scripting/monoscript/fileName/AppendElements.cs: 48197571f7c160b8c47e348465caee55 -> 486d83c701ebf06e31569da6a2aa2a61
  custom:scripting/monoscript/fileName/SubdivideObject.cs: 15529496d16d945ce564dd73b9f022cf -> d85411130466895ad74cddf2f8961b2a
  custom:scripting/monoscript/fileName/TMP_Style.cs: ecc9948baa78373f3076151d1a0642d9 -> 22d5739edd705d10f980250dcfd7fde0
  custom:scripting/monoscript/fileName/ConnectEdges.cs: 8f686a7fff4566a6aa5be848bd67c552 -> ae65098df42811e49cbc9fbdf9c8945d
  custom:scripting/monoscript/fileName/BridgeEdges.cs: 7b3cbd3298c1cacf3fd10a2c13fb2858 -> 10bad4efb9bf2e63956f391bb2c8b8ed
  custom:scripting/monoscript/fileName/IKdTree.cs: 90647cc400823b41df847a6cbfc29026 -> 8f6297df34271fdb1ce2d9607ec6261d
  custom:scripting/monoscript/fileName/ExportPly.cs: 570e49f6204b40b7c2281c056489e701 -> 53679ea737f5b1dfa36f8666443d6fb4
  custom:scripting/monoscript/fileName/ToggleDragSelectionMode.cs: 6a922485a12d7e52256776f0adc1d3b0 -> 717210f7999935796e1f0c5e4d460495
  custom:scripting/monoscript/fileName/CSG.cs: fddebc96510ce08c125abace9d05eafd -> 2dc6a8dbd39bdcb649b4c2d3b5a6989d
  custom:scripting/monoscript/fileName/GrowSelection.cs: de1d66ff5d47fd9485b62f0576610afb -> 1bca638cbdbda9d68e37eef4443b3cb8
  custom:scripting/monoscript/fileName/SmartSubdivide.cs: e83627bb1da7bd1a9a208feb135dee35 -> cfdafb8092010961486f401c21290682
  custom:scripting/monoscript/fileName/TMP_StyleSheetEditor.cs: 38b210a450ac855df2d81ab0242c2feb -> b6503d890746d6150e0f267f43ce60e4
  custom:scripting/monoscript/fileName/EdgeLookup.cs: 1933ab40224290e9191c61e11eab2868 -> c9997fabb8a6c934a062de5df942cb8b
  custom:scripting/monoscript/fileName/SelectSmoothingGroup.cs: e7adc037d5343729fde59c2f041f72e6 -> 77ca64551fca402d7ced40d23a45fbac
  custom:scripting/monoscript/fileName/TriangulateFaces.cs: 7d58267eca67ed800671b3fe1771472b -> 7384e16273c0b0cb8589d3e983ff177a
  custom:scripting/monoscript/fileName/OpenSmoothingEditor.cs: b7bfcfe69a934092c115177d09b130dc -> 560aef3f7be06bb4ace9e3ef06de1679
  custom:scripting/monoscript/fileName/SetPivotToSelection.cs: 0a4f1a088a797c04c53d4f4d7ec66668 -> 4b1632cacf89ec92f9fec662bcb33ec8
  custom:scripting/monoscript/fileName/ProBuilderEditorShortcuts.cs: 2e87be32c8a93b1377e99b0795a6bb9d -> 449f66bb9fa7cf61c5b8fa043ae0c50c
  custom:scripting/monoscript/fileName/pb_Stl_Exporter.cs: a0bbf115d527a544930104c2dcebd300 -> fc035555d13973baa50218da209917b1
  custom:scripting/monoscript/fileName/HandleUtility.cs: 3a2b940ef1063bb7ed90d70b8e902cf5 -> 91f1544f408469553ae7951802376dc7
  custom:scripting/monoscript/fileName/TMP_EditorPanelUI.cs: 0c3fb43855adf1da22258c211d01a47d -> 6242af713a75147e6e5820bfce936424
  custom:container-demuxer-webm: 4f35f7cbe854078d1ac9338744f61a02 -> 
  custom:scripting/monoscript/fileName/IPriorityQueue.cs: 90647cc400823b41df847a6cbfc29026 -> 8f6297df34271fdb1ce2d9607ec6261d
  custom:scripting/monoscript/fileName/TMP_FontAsset.cs: 6c1db4680a96f294cf0af87a0b8099aa -> 52c81438acb65fa444fe26964ef0345b
  custom:scripting/monoscript/fileName/SurfaceTopology.cs: 9526d30cd2f928b0eb81e56b5d034cc7 -> fcacf53dc1a9d80c141f45da4ad5cacb
  custom:scripting/monoscript/fileName/ProBuilderMenuActionAttribute.cs: 3674968d5ee67384faaf101c9d3dcda8 -> aa21e1cb340b4d66624ab269efca064a
  custom:scripting/monoscript/fileName/EntityEditor.cs: a91f91f5e306a57ac3e888e91213305d -> 479bbcdafdc8895866e190aa1e4ed7ae
  custom:scripting/monoscript/fileName/SimpleTuple.cs: 0cdf409b5aa8d4c25876d72b5c6a3b60 -> a53f96815da50de15010b1c479bc70cf
  custom:scripting/monoscript/fileName/SetTrigger.cs: 286b69f4327b4c46524ba1c15eb198ce -> f7f341239430639cef5ba11846355a7a
  custom:scripting/monoscript/fileName/IntVec3.cs: 2c04041d253e07e499b1153625966a9e -> 8e91de7bd5c399115a08ccab7da9cd25
  custom:scripting/monoscript/fileName/DrawShapeTool.cs: ac1712ae32bc97f8f4f25c7ab7b85183 -> 087ba03db22cf2aea364f3b020b8922b
  custom:scripting/monoscript/fileName/TMP_SubMeshUI_Editor.cs: 119a633ce37cc27ac209988b5de61d96 -> 765ce633a5bfada7c5afc51aed8631bb
  custom:scripting/monoscript/fileName/Vertex.cs: c33a8579f06fb5ec710638da284dce30 -> 3fc3fd0e61353ff6b176457a8fd399b5
  custom:scripting/monoscript/fileName/Triangle.cs: 38f2dea2cbf63a10d865b3c93a929d93 -> d0562d63fecbf5188e24fde2e83ce680
  custom:scripting/monoscript/fileName/DTSweepBasin.cs: 245db94975c479306e3cbdfe84d22fb1 -> 96c7d9fe46864bb8d255e7f6e122a693
  custom:scripting/monoscript/fileName/Bevel.cs: cda4b6394b0873a5b8e8df0dce506d92 -> 8dbd493457fbbaa6f0a8eafd7c8dcc46
  custom:scripting/monoscript/fileName/DetachFaces.cs: cf9073f1266f2923b20679a1bde3c8c0 -> 94dd7702b69703198ce1c3c7aa68e223
  custom:scripting/monoscript/fileName/ShapeState_DrawHeightShape.cs: bf3d191b58aaab9e01024402c1802b6e -> 2464cba411c66ffea21889b6bb1a9e5b
  custom:scripting/monoscript/fileName/P2T.cs: 0aa69cc22c33e17e24d809b0c56993bc -> 5311fa65ea4de3c842913b51a3672a69
  custom:scripting/monoscript/fileName/OpenLightmapUVEditor.cs: 1e75a505fb05c16310e33b72465177ef -> f4a58c1b2bf684de0477f3ca649636c6
  custom:scripting/monoscript/fileName/ProBuilderSettings.cs: 44e160cbb89a8c9e895fdc5e21b659ba -> 5a96b8b1ccf6640321034b1f4527c6d9
  custom:scripting/monoscript/fileName/GenerateUV2.cs: 7e9f55032cd43909a50ad3d71fd47174 -> fa8c5f708ed1b733fb4e35d385baccf2
  custom:scripting/monoscript/fileName/Shape.cs: 0c1bd185dc308e7f1b0ad86de0300f5a -> b68a5dc625e9be120706720fea43f4b9
  custom:scripting/monoscript/fileName/TMP_BaseEditorPanel.cs: f4b9967705e7bb57152fef4117417ba7 -> bf7c6aff8663a36814779dfe47e82e00
  custom:scripting/monoscript/fileName/Transform2D.cs: 99c230faf7d8b1d82d86bcfe0bdd121e -> 8d8b4790312f50d85e5b76972af21da4
  custom:scripting/monoscript/fileName/MergeObjects.cs: 11f6d640a9d3c77be19a9d5930aa559d -> 4a98045f4cd14250333a534475d04874
  custom:scripting/monoscript/fileName/EditShapeTool.cs: 5e5caa4d0c9b3b31aa98622a360a986a -> edf2bf13d6fce430418380467ef7d6cd
  custom:scripting/monoscript/fileName/TMP_InputField.cs: f7712ab842984f124274656d749eca3d -> 8fed3480abb5543168012b207b39349b
  custom:scripting/monoscript/fileName/TransformUtility.cs: d73c91a7d4fba2846cb7f791384de39e -> f8a825729175a8eb807be414b7783c28
  custom:scripting/monoscript/fileName/ShapeState_DrawBaseShape.cs: e0d5b8da05d52dbfb8f12dcc42366618 -> 343d5e9d83baac5a65a94a52293c2ebf
  custom:scripting/monoscript/fileName/TMP_Sprite.cs: 0ee3c386846aa132dd254421fac18cd1 -> e9945527ea1584af23f8f41ce4b844b4
  custom:scripting/monoscript/fileName/EditorHandleDrawing.cs: e4a253013e923fc5e2a42116f3e9cb52 -> c0b6f35562a3c493b8272c548242aa12
  custom:scripting/monoscript/fileName/UnwrapParametersEditor.cs: ad2871f345be52d0cf9added22b9bbb9 -> 46c6178a4fd4477a754acf75893976c4
  custom:scripting/monoscript/fileName/Cylinder.cs: c1df0163afb2da9cb82c7acacf1ed730 -> 67c389358d4360f5810186f579b884ba
  custom:scripting/monoscript/fileName/Math.cs: 4765fe41cdb59756d6a6579184fc0ff8 -> 810421a6066b39d78a9ffd9f3991df48
  custom:scripting/monoscript/fileName/SelectionPickerRendererStandard.cs: e1a12a27c7781421a618a7721df48c68 -> 8743fb0efc136665a8cc090eb2b971c3
  custom:scripting/monoscript/fileName/UVEditing.cs: 282cce0694f10e0de5a3bd7509995bd0 -> d95c0ab26b17358202fc0975ff46e659
  custom:scripting/monoscript/fileName/TMP_ResourcesLoader.cs: 6f1f07799f3cfe795f955033c27f98ed -> f71e35ced40721d6906e578fb6e7f0e9
  custom:scripting/monoscript/fileName/Log.cs: 2f3b85a20367d6d99e3a14c7ae399267 -> ef974d1e30c85abd7256cecbc60a1fbc
  custom:scripting/monoscript/fileName/TMP_StyleSheet.cs: de73099b6bd4b9281c92feedf1315618 -> b6deb5f646a1f5ad7b696d32618ba797
  custom:scripting/monoscript/fileName/TMPro_Private.cs: 90647cc400823b41df847a6cbfc29026 -> 8f6297df34271fdb1ce2d9607ec6261d
  custom:scripting/monoscript/fileName/TMP_MeshInfo.cs: 89833651f7d905e51b340ec2afe531d1 -> 375ed9fada55d6bf39f9352ef1dd520b
  custom:scripting/monoscript/fileName/TMP_SpriteCharacter.cs: 81dc73ff0878d6528202f8be44877b26 -> fe232bb280dddc880a01918d3502c13a
  custom:scripting/monoscript/fileName/SceneDragAndDropListener.cs: 07a111f362d027d85d45bdb7a902f14e -> 7eedb350c997b79189715bec5609131a
  custom:scripting/monoscript/fileName/PolygonSet.cs: 1d5b94bd81a36884686c2f6dc3640c06 -> d3555720d371c4592c80ff65e5b1085e
  custom:scripting/monoscript/fileName/DTSweepDebugContext.cs: 6ac3331923d1210cbd6f306a6bc3e3c2 -> 48402eb94f889eead1a14f20ba973022
  custom:scripting/monoscript/fileName/EditorShapeUtility.cs: b01457005654bb980604fba5d004d802 -> c452951f22509d3851777ee5927b7553
  custom:scripting/monoscript/fileName/Cube.cs: adf8d58792eaf50687787b68f170b6d6 -> 5a04a3344fd366715c4f1ec6471bd7b1
  custom:scripting/monoscript/fileName/Clipping.cs: 1741f8440a6254efcb95789a09be4e6a -> cb4ee0c14739aef486e76b64df8452f3
  custom:scripting/monoscript/fileName/TMP_ShaderUtilities.cs: 84a261643983e306d02445da38ed662f -> 75ec062faab558cb3190dcd3e4820547
  custom:scripting/monoscript/fileName/TMP_SettingsEditor.cs: 56bf06371df7e13c5b8cc88becb89a4d -> aa2b5eadaadb4b54b49cd650a2246119
  custom:scripting/monoscript/fileName/ShapeMenuItems.cs: 5f7ac6f810ef27e38f22b209ac1fc203 -> ae71d417fb6ad9ee80562655da47e069
  custom:scripting/monoscript/fileName/TMP_UpdateRegistery.cs: 1f23864d29c3a03d22aa9b00a337cf78 -> 62691e6bdb107984e7d826316a6498e1
  custom:scripting/monoscript/fileName/TMP_PackageUtilities.cs: 89e6e95503dd36070edf73e7aaab4557 -> 029634ff6f667ebc9454d70fde4def50
  custom:scripting/monoscript/fileName/TextureRotateTool.cs: c2d0baad66e4308f6143c552f0536843 -> de64360b3418b9277960231417fd3632
  custom:scripting/monoscript/fileName/SubdivideFaces.cs: 9109bab35f1c932e6b2935ab1452a120 -> 2f575da67016e5b8df89dad1b65d5a8f
  custom:scripting/monoscript/fileName/ProBuilderMeshSelection.cs: 90647cc400823b41df847a6cbfc29026 -> 8f6297df34271fdb1ce2d9607ec6261d
  custom:scripting/monoscript/fileName/Face.cs: a341fcdb31a7309723bdeb224f913433 -> 6b59248edf20736fe649e807e73c44a1
  custom:scripting/monoscript/fileName/FastAction.cs: dfbe75b66b645b53472915ad2590af11 -> 94d6ead813247e604740a116c5fa92db
  custom:scripting/monoscript/fileName/TMPro_TextContainerEditor.cs: b2fbc5db24221a870c4de162a712cbfe -> a97aca5bcf1b2486a0f60b2c7a935c42
  custom:scripting/monoscript/fileName/TextureStitching.cs: 282cce0694f10e0de5a3bd7509995bd0 -> d95c0ab26b17358202fc0975ff46e659
  custom:scripting/monoscript/fileName/ArrayUtility.cs: 1a4a57b6fbdf126f88c3fded2fdb776b -> 1c0723927a1dea4084aafa27e0babf3e
  custom:scripting/monoscript/fileName/ProBuilderMeshPreview.cs: 2c7c631c64eeea962429990f92666a51 -> d0230fea5a4d87373ad48ccae09a5956
  custom:scripting/monoscript/fileName/SelectEdgeRing.cs: a765561d8bccdd9a6baf3be3ef9ae6db -> 27dd4e73df0c1e8d2b1c164c1934d4ce
  custom:scripting/monoscript/fileName/FileUtility.cs: 71e69a0dda932652b4750f9f3d825114 -> 2961bba77c56c2a7229c3afaf4d78e44
  custom:scripting/monoscript/fileName/ContextClickManipulator.cs: 551ac0135cff9eba4bc63f242fd17841 -> 00a2ed4616fd5b136c16062206b02a4a
  custom:scripting/monoscript/fileName/ProbuilderRotateTool.cs: 46e8d522aca3344981cffc698ba16ada -> dfae9ba6f205547711d4eb1051f4780b
  custom:scripting/monoscript/fileName/Stairs.cs: 172b180c42a148fadf6415c52210a729 -> e254dec4f733abbd87258b46868d5452
  custom:scripting/monoscript/fileName/ProBuilderShape.cs: 3618f60e8d988cd8a0d66f0d060fd11a -> 4b94d05e947c45e53fde635ac0ebc2cf
  custom:scripting/monoscript/fileName/UnwrapParameters.cs: 644d0ce037708f9b6663416e490c0d59 -> 4d960715ecef383b56d2951e9c9da8c2
  custom:scripting/monoscript/fileName/DTSweepConstraint.cs: d620e55901dd883c92623a89c42030d5 -> 59c05bd289d9bce59258a29a158ea47e
  custom:scripting/monoscript/fileName/FillHole.cs: 49c97a483d8d6d36ce8ef90c74d4a79f -> aaa6fe80b3a68244078a7567ada0e365
  custom:scripting/monoscript/fileName/Prism.cs: c53bfe8cdbfb08eaf3dbf8c35a208bd4 -> 5f904ea39c8c32d25068cda89e69a200
  custom:scripting/monoscript/fileName/TMP_GlyphPairAdjustmentRecordPropertyDrawer.cs: 1a07941369755af9e0a102a45e9058c5 -> 6f07d27e8ea91e29d6bd5f39dd8deb23
  custom:scripting/monoscript/fileName/NewPolyShapeToggle.cs: 8acdd5cdcb7ee88e0e50b5931573fb4b -> bad7bfc867c0bf962133efa0f79b1273
  custom:scripting/monoscript/fileName/ExportStlBinary.cs: 5c64685a83bd5cbedf78a40252f3b12d -> dd8e10d762f32598ab0e1122ef48e9d4
  custom:scripting/monoscript/fileName/FlipFaceEdge.cs: f530ea0a74860a23981eb940ef68b251 -> fb9aa292368cc4ed51a43e9289ea2cfd
  custom:scripting/monoscript/fileName/FreezeTransform.cs: e675172267d870c70773e18ea0e1e250 -> 1599ad6ba59967d6e4db33cdd9b238e2
  custom:scripting/monoscript/fileName/ExtrudeElements.cs: 4c7ec400f4d4c6eaeb8b42dd1d2a747d -> 806117c07177fd070bb6a8f15afbe267
  custom:scripting/monoscript/fileName/TMP_FontFeaturesCommon.cs: 7d1db71d73353e7dd97f094c509882fa -> 89ff6ee76bb6f84827488d597e70ea5a
  custom:scripting/monoscript/fileName/TMP_LineInfo.cs: bb529d63c9723788bd7143f27cd69eaf -> 22ff02e7762110d3cc1f4bc096ea014d
  custom:scripting/monoscript/fileName/PreferencesInternal.cs: bfcfc9829daeeacc6e112df0986f85a6 -> 530b66421d3187fea0f2ff7b5a72657e
  custom:scripting/monoscript/fileName/VersionValidator.cs: bbb65e8a50d52b88a89cdeafda2af2f0 -> aee62f3e1b7975d116f5ff369b76465b
  custom:scripting/monoscript/fileName/UvAutoManualConversion.cs: 762f54589cdc906e3e1c04a57cf8ef9a -> 00828e5b9f8d412532156fb92532052a
  custom:scripting/monoscript/fileName/SelectVertexColor.cs: 7f0acb641efa7529c84cdbc924192168 -> 2865361f5d53aa2680c91d8c32a970a4
  custom:scripting/monoscript/fileName/ITriangulatable.cs: 5f8974429dff74ed7b6ecd00071f21a9 -> e9a73ba7369908268727333b921f0a74
  custom:scripting/monoscript/fileName/SelectFaceRing.cs: 3c7218fc27e261315951073ae7a7ef33 -> f5d0b1fb65552736125cad06744f8320
  custom:scripting/monoscript/fileName/Bounds2D.cs: 16ca90bc5c32dbbd92a84501f2c2743d -> 4ee9454de9a8cc8ab3a847168e9e1f47
  custom:scripting/monoscript/fileName/ExtrudeFaces.cs: 8da1d7548a755d4f7bfa6a3ad702beef -> afb8e77f6f04c56f7c5998b35b8192ec
  custom:video-decoder-ogg-theora: a1e56fd34408186e4bbccfd4996cb3dc -> 
  custom:scripting/monoscript/fileName/ConstrainedPointSet.cs: c9342aea7930c4ca55cd85acb4b82d33 -> 47771b5cd16d7a2fb324358db317755a
  custom:scripting/monoscript/fileName/TMP_UpdateManager.cs: fa7e71df671c5b3088b39753e4bbc70d -> 2b12c9b6d4082e0390a306eceed60fc6
  custom:scripting/monoscript/fileName/PointOnEdgeException.cs: 9e0012c09b9fee63c09ec06c54fbb87d -> 111622b5fd1bfc13cefcbb1aba3b389a
  custom:scripting/monoscript/fileName/DuplicateFaces.cs: 5ac5a69e6f038f9fa1492c8090a28996 -> fcd403cc51417d4fabdcff556d863805
  custom:scripting/monoscript/fileName/UnityScenePostProcessor.cs: 3af372e3e8128a470ce2c75685918c73 -> 355f8337335879c63d848a50cdab2946
  custom:scripting/monoscript/fileName/AssetTreeView.cs: f69e053f44c2ceb1d31b6346bdecf246 -> 2e85c4f99419cdb4a1518e9dc0b1f7e0
  custom:scripting/monoscript/fileName/TMP_TextAlignmentDrawer.cs: 011b7908ef5eb5e9dea532c77e85c538 -> ad15f73780bb9949f148eddcc3c3fbf7
  custom:scripting/monoscript/fileName/TMP_EditorPanel.cs: 0631f68be4ca0623bf3e313ec9becbc9 -> 0bd13db7cdfa07805bfadd631c0ddba8
  custom:scripting/monoscript/fileName/IHasPreferences.cs: a5f85efc1fefea988fce750a73fadae7 -> 1ad5ed8c1aa8e49fd9ef61122c0c14c9
  custom:scripting/monoscript/fileName/TriangulationUtil.cs: f18a7fb009b05f02616bafd07fbae553 -> 9c34fd675f82fec84d9e1a93c81ec48d
  custom:scripting/monoscript/fileName/SelectionPickerRendererHDRP.cs: e1a12a27c7781421a618a7721df48c68 -> 8743fb0efc136665a8cc090eb2b971c3
  custom:scripting/monoscript/fileName/TMP_EditorUtility.cs: b242106620cbbc38f0411146a086b885 -> f68b71b7543cddf9e4cdf261d5f519e5
  custom:scripting/monoscript/fileName/TMPro_CreateObjectMenu.cs: ddee59388caa7a56693342f3a805d427 -> e9e63aff764c7e7fd08e66f87103df4d
  custom:scripting/monoscript/fileName/SelectMaterial.cs: 9a86428319d18f00e00cf559df42df52 -> 68253dfa0eb4aed4fa93ce3f7dfd78d3
  custom:scripting/monoscript/fileName/SelectHole.cs: 331dc98cef43e5c9a3f6963fcc1bfe76 -> 30a46f79959cc819958849feeb1c5941
  custom:scripting/monoscript/fileName/PlyExporter.cs: bf5494e3645f49425628ca78199ab31d -> 387fdb165aa0453aa97982c13d7544ba
  custom:scripting/monoscript/fileName/SelectionPickerSettings.cs: 2d19355ddaebe622fb966ebf4e2a7407 -> 4abbf7aee3c44abab686a289f1fa4626
  custom:scripting/monoscript/fileName/ConformFaceNormals.cs: 05b09c7c65b09cbd069b7d54a7757b98 -> 70ae96991aefdfb4e1066374faf96754
  custom:scripting/monoscript/fileName/TMP_SpriteGlyphPropertyDrawer.cs: 1447c7afab82cf56bc359d5c7fba114e -> 4a6f1515709a40d92e24c84ec92fc53a
  custom:scripting/monoscript/fileName/DTSweepPointComparator.cs: 797b86f3c76f8674cd07c1b4091aebb1 -> 22d3ddb7fd4121b94809f8679e66fd07
  custom:scripting/monoscript/fileName/ProBuilderSnapping.cs: 299be986ce6dd2a383c58b87f56cf5bc -> 085a40d43e316416e1479fb555081379
  custom:scripting/monoscript/fileName/FixedArray3.cs: 90647cc400823b41df847a6cbfc29026 -> 8f6297df34271fdb1ce2d9607ec6261d
  custom:scripting/monoscript/fileName/TMP_Asset.cs: 7e95c8d89188057bea8fc9569c9aa309 -> dcedda1866ab6edcf1af2d4525512628
  custom:scripting/monoscript/fileName/MenuItems.cs: 36e8964894b4a740a9cbe85327eddbf8 -> 4497504db5d8eca795d2ad25eee9f798
  custom:audio-encoder-webm-vorbis: bf7c407c2cedff20999df2af8eb42d56 -> 
  custom:scripting/monoscript/fileName/TriangulationConstraint.cs: 02158ed4aeb2e0540be606ebedcd9aa5 -> 0faaf851a99afd5bae9e2ff752a2f938
  custom:scripting/monoscript/fileName/TMP_SpriteAssetMenu.cs: 05ea7b84320d1b77a6d1ae49c41ee9cc -> a42d2dc20ed9558b36972dc6e6d71655
  custom:scripting/monoscript/fileName/TMP_TextUtilities.cs: aab2855e68416a0a1f2f8904059662aa -> f68f97869f24792bf3a3694d69de955c
  custom:scripting/monoscript/fileName/ShapeFactory.cs: 0502fb9700fa7e8a16f4ae24254c8fb0 -> af4823c77fbc7658ddf7f8bb8aaf4480
  custom:scripting/monoscript/fileName/DTSweepEdgeEvent.cs: 0fd87cf929642b86af7d774c6fbe71c0 -> a2b304ddcb79e5db61493e9a786f471b
  custom:scripting/monoscript/fileName/ProGridsInterface.cs: 495262c8bdcccdf28a7c22cd60c9f4e7 -> 0aad9e6f8f7158b54237f57ec21d125a
  custom:scripting/monoscript/fileName/TMP_Dropdown.cs: ecea2f8babcb40d207d2e73158251f60 -> 39f6048c754db30f2da2ea32254db16b
  custom:scripting/monoscript/fileName/TMP_BaseShaderGUI.cs: 25118693f24c47c8a4b530b8bff26574 -> 2c2d4519754bb0c1dd0a107014b7ac8a
  custom:scripting/monoscript/fileName/MenuToolToggle.cs: 2abf8abff0704256700f4bae8074325c -> 510f254c215fa427f0124a42916b8aa8
  custom:scripting/monoscript/fileName/Cone.cs: 3ac9bedd6ed3a29bf5087d05f2c8a2a9 -> dc0d616f2196b303120236acb63076f9
  custom:scripting/monoscript/fileName/HierarchyListener.cs: df959326ae23895096fc25ce5eee65bb -> 419707e5338fd8411ffb999da97ad7a2
  custom:scripting/monoscript/fileName/MeshUtility.cs: 012ece355ae629d1c430517d97b8d6e4 -> 7a57f12791c9c801d83899c7f242fcbf
  custom:scripting/monoscript/fileName/TMP_ColorGradient.cs: 8d91c7c4749088eca69648d37a965bf8 -> 3baf9c6d3c50fc594e68e0c756eb8779
  custom:scripting/monoscript/fileName/SelectRing.cs: 6912c38cf645b01b143799d78cd61ef1 -> 86c04fa9b69f49e0a33986421184d6b0
  custom:scripting/monoscript/fileName/EntityUtility.cs: b021dbc0e14e8512304615a12fc46603 -> 9c2a19c8387d47c96fe3a7ec65b3ba2d
  custom:scripting/monoscript/fileName/Model.cs: 9856304bdbd2e76ecd815f3a6141f1cd -> 5f28c5444af8a33503cdc094930b5ed8
  custom:scripting/monoscript/fileName/TMP_CharacterInfo.cs: c840ce0b0aa6c1faafb27b3b884b2328 -> d2593478681404ce2cbd40e4e2f8a6d3
  custom:scripting/monoscript/fileName/TMP_ColorGradientEditor.cs: ed654c9d45026a5f71e6e9535130c15f -> 187fe88a4e95285275d1781f1da14d92
  custom:scripting/monoscript/fileName/CutToolToggle.cs: 552b76f8f489d420018d2bc016dee384 -> 991af3b2d5ecfe4a755a89c4427d29f1
  custom:scripting/monoscript/fileName/TMP_PreBuildProcessor.cs: 790c12dcd4980aa978fd28fb6f89fb37 -> d965cd4513e689cb01c0481012a89dee
  custom:scripting/monoscript/fileName/SubdivideEdges.cs: ea38859c9b60817b797cd0bc73fe7421 -> 51e662486f2ec78c887428bce9cc9b15
  custom:scripting/monoscript/fileName/EditorToolbarMenuItems.cs: 46058aaf6133ec8b6c96241a03c62a3a -> 060ec5f828cd41cc516ff59a79b3a9cb
  custom:scripting/monoscript/fileName/EntityVisibility.cs: 813cb3e764ffc83643f0aca9bfa0af07 -> 46fa3d1b1d698960648bd66414062d91
  custom:scripting/monoscript/fileName/NearestNeighbourList.cs: 0cdf409b5aa8d4c25876d72b5c6a3b60 -> a53f96815da50de15010b1c479bc70cf
  custom:scripting/monoscript/fileName/ExportAsset.cs: 64ea3c10f23669e99308cf5709607fe7 -> 13711cfc5906744546bb775cbefb2410
  custom:scripting/monoscript/fileName/TMP_SpriteAssetImporter.cs: 675c97d72afe988872a20f51812f7cdf -> 06875a6ac5102e58811218e1c5dd33ca
  custom:scripting/monoscript/fileName/AssetId.cs: 72051ac5858b603f67e79ad23943c39b -> a1ea614044a0829b1144b92d44d7bdbc
  custom:scripting/monoscript/fileName/ProbuilderMoveTool.cs: 0bc95615dcf63b5cbaf368eee6b40041 -> 0d4afed4ce21a6d48fd4739c49092194
  custom:scripting/monoscript/fileName/Lightmapping.cs: 729d5176389c7d55a1cea260e00908f3 -> b6f4ed35c1cea0f87578bf70c4ae8962
  custom:scripting/monoscript/fileName/TriangulationDebugContext.cs: 87fbe3212c108a097e48e0b9075b23af -> becd153078a4add97a1ccdeef8966064
  custom:scripting/monoscript/fileName/SharedVertex.cs: 9680b52997af34358e173ceeda08f072 -> 5102ddb8d2e8a0a19e58a9e9f4bc9380
  custom:scripting/monoscript/fileName/TMP_SerializedPropertyHolder.cs: 99e5dbc1fa1abe750acc8166e4243be8 -> 9860586610cb3d91ae7f4ce33ab22d0b
  custom:scripting/monoscript/fileName/CutTool.cs: e6300f07efa58b123cc9c4077043e15d -> 3a8150d779215dd32fb1063fed27d140
  custom:scripting/monoscript/fileName/RaycastHit.cs: 9675f1dd2c2a246ff2b48ea6c764f6ab -> e6010eda614e0c2e9143a1b5e5ca7a3e
  custom:scripting/monoscript/fileName/MenuActionShortcutAttribute.cs: 8ee1e1f0f987fedec31fbb0f30bf1447 -> 1f77266708d4eb2e88b379ea95d28a89
  custom:scripting/monoscript/fileName/MenuOption.cs: ec547da010b1f775387dac0d6dfc2379 -> 707688870f14f2a3b47b84564d682116
  custom:scripting/monoscript/fileName/ToggleDragRectMode.cs: a6f38316b8f4d3d28669b3b66d64c405 -> b3081d16943219892565319791527824
  custom:scripting/monoscript/fileName/Normals.cs: 2fceabbe4457a8c2cd17103527fc3999 -> 854a9db6009ce4e4e1a5a6a1429ae3a9
  custom:scripting/monoscript/fileName/TMP_SpriteAssetEditor.cs: 8a42af05e85c0eed4128787976375b45 -> 7dcaf47692799a91aa4e5cd439bc54d0
  custom:scripting/monoscript/fileName/TMP_ListPool.cs: 90647cc400823b41df847a6cbfc29026 -> 8f6297df34271fdb1ce2d9607ec6261d
  custom:scripting/monoscript/fileName/ShapeState_InitShape.cs: ecc7de96dd0c9d79cb24f533500a9905 -> 2fa1a3b73afeeeee81eae401c7606511
  custom:scripting/monoscript/fileName/TMP_SpriteCharacterPropertyDrawer.cs: 14565b4e4f9266584dc3194fd967d252 -> 63186d320ccdf4dfa06fbce4e897d3f3
  custom:scripting/monoscript/fileName/SplitVertices.cs: 30ce1208e3cd3ede28dd939c947c561b -> 618078c7e88b5acc189bcd729695f46c
  custom:scripting/monoscript/fileName/EditorGUILayout.cs: af6b60ff05c0a0b5e8b12b58eeee0a3d -> 36777319bd90832c88f578235414dff5
  custom:scripting/monoscript/fileName/ActionResult.cs: 878c00c54fb54c01804190a9d0655ed4 -> 0d60f69bc5e2fca2ac443cde22d11e3e
  custom:scripting/monoscript/fileName/ToggleHandleOrientation.cs: ff423b63e0ebde3f2c92755b6b7ee322 -> 71c78fd74ab7b833d0e267e5c3711105
  custom:scripting/monoscript/fileName/EditorSnapping.cs: df92563ba70f0b4fd00aaa62e5c8ce20 -> 4a87eff127e8d7fbb8723dbf79961300
  custom:scripting/monoscript/fileName/Polygon.cs: 5ac035759c9f8a76e3cbcd97006ade55 -> 4745c5bc7736972bec4ed0e009b03670
  custom:scripting/monoscript/fileName/TMP_BitmapShaderGUI.cs: 2ce3ac811452d1d6d82e565157cac3e2 -> ef806c32b355e8831ed4eb3f5e3400ff
  custom:scripting/monoscript/fileName/MaterialPalette.cs: 6eec2d59c4da6a8a8bfa6297b1bcc8a2 -> 4f05212f130961d08f1275198f3775b2
  custom:scripting/monoscript/fileName/TMP_ColorGradientAssetMenu.cs: 83563be632f8167fcdca7878d36901f9 -> 79ee3689ecabb3de162f43faa3b27adc
  custom:scripting/monoscript/fileName/KdTree.cs: fa1071bf87824d896f817aa60401970b -> a7ae47651017042dc98f27ecf5bc804b
  custom:scripting/monoscript/fileName/UndoUtility.cs: 01e71ce5a533c75551e0a685057d1f5a -> 699a87849619a15bc7d40c3f03f5d21a
  custom:scripting/monoscript/fileName/BevelEdges.cs: 900660c27c5ca8704eace46fcb229e08 -> 64819a0d909bce6850d147d97c08eb3b
  custom:scripting/monoscript/fileName/TextureScaleTool.cs: ada73f928df57eed2635e39d4b904480 -> e8fef69b6ba33a1320f4edf24d19eafa
  custom:scripting/monoscript/fileName/Normal.cs: 8aabbd74ea5a1bafd9f9f458ee31f0ea -> 4565256c89908ad68384ccab8dde842c
  custom:scripting/monoscript/fileName/MaterialReferenceManager.cs: c970e86594a0f568cbda548f2d4462c1 -> eaedc912311d98c6b58e199f6250c848
  custom:scripting/monoscript/fileName/DropdownOptionListDrawer.cs: 4362475bc384312c771d88865ee2f40d -> 342ee3f9c806e60b189c02609042c492
  custom:scripting/monoscript/fileName/WingedEdge.cs: 4d875b987a0abf3c39f7fbca07295966 -> ece2c29cf92323892f2f676ae0ab5f8e
  custom:scripting/monoscript/fileName/PolygonPoint.cs: 5deffe9741b5d71ba54cbaa302167698 -> 175ce7411af6a4d40df44407895d65c7
  custom:scripting/monoscript/fileName/TMP_Character.cs: 015720458ea991fbf07357eae19532db -> 2bff3626198e4d2228876f1e687078e0
  custom:scripting/monoscript/fileName/SelectEdgeLoop.cs: 2335c8d843b8886988200cdd4d6db849 -> c8e14bb119a739eacf384c2ee94cfa4f
  custom:scripting/monoscript/fileName/DimensionsEditor.cs: ec4125bca3b24bfc179b302c1fca5bf2 -> b091bdfa64b173b75503f27592f41570
  custom:scripting/monoscript/fileName/PointGenerator.cs: a1aa7e0803f517e32a9376a405ccf247 -> b0e9595f95e2dc5a9cba5384c6c111d4
  custom:scripting/monoscript/fileName/MeshDebugTool.cs: 37611c9d109cb7f09200abdfa0dae3d7 -> a132f077546caca746258de594424fa7
  custom:scripting/monoscript/fileName/OpenUVEditor.cs: cb3d61ee3cb3d622ab4668fb4c46395b -> b3e0347f921eaa1aed80e7d94dbad98e
  custom:scripting/monoscript/fileName/Pref.cs: 90647cc400823b41df847a6cbfc29026 -> 8f6297df34271fdb1ce2d9607ec6261d
  custom:scripting/monoscript/fileName/ITextPreProcessor.cs: a7aa94de5d5bfce2bdd74516315faaf2 -> 28ed6b2ca482997555fb0291bd20c40d
  custom:scripting/monoscript/fileName/SelectionPicker.cs: 0497fef85e2b96a812879276bdcae9cf -> c921a310dd07cf55e480e808cffb67df
  custom:scripting/monoscript/fileName/ExtrudeEdges.cs: ddb56ecccd06d064cce30e8ec94c3a24 -> 19e260fff6c055728a0721c6c286ef57
  custom:scripting/monoscript/fileName/TypeMath.cs: 90647cc400823b41df847a6cbfc29026 -> 8f6297df34271fdb1ce2d9607ec6261d
  custom:scripting/monoscript/fileName/Torus.cs: 80ba092579159f0ee10eed09283f5118 -> 5f68a512dd3143e54e2414447c81ccce
  custom:scripting/monoscript/fileName/DeleteFaces.cs: 6b563d42d9e83bc675dc19702c968415 -> e1be94c0b7147b4ca322ce14b5886538
  custom:scripting/monoscript/fileName/TMP_GlyphPropertyDrawer.cs: 56b500a16a5c8f635a7bfdd702279864 -> 75006bca208b32d4fc4710404c538acf
  custom:scripting/monoscript/fileName/ProBuilderMeshEditor.cs: 409e7369087b8f191734315fac6dc594 -> ba7cea26e2ee054ce54afeda55e2acbf
  custom:scripting/monoscript/fileName/MainToolbar.cs: 162e661b90bc0601e328b0d9c9a85d04 -> 79e78de572e97d829048a28a265ce89f
  custom:scripting/monoscript/fileName/TMP_SubMesh.cs: 9fd75270af40187985e5c14cc85ebe42 -> ff760a824537d48706351b95c8d4be21
  custom:framework-osx-AVFoundation: e770b220cccbd017edd2c1fefb359320 -> 
  custom:scripting/monoscript/fileName/NewShapeToggle.cs: 5f15e27392c39392c01d85b37192a28d -> 22e82395ce6e7dd83b0ee49932a6239e
  custom:scripting/monoscript/fileName/ConformObjectNormals.cs: ea6076ebe43da4b8ba6bcf8b94771359 -> 4237fecfa7cb9083988c803cf9294e58
  custom:scripting/monoscript/fileName/EditorGUIUtility.cs: 6cbafc8575de9d68c30b4fb135d63bfe -> f3bd9b8b5b6ca69dd3a4b5b66ce54864
  custom:scripting/monoscript/fileName/PolyShapeEditor.cs: fe3b7706705ed3c4dd84e573dcfcf6ed -> 2a86b654592bc26e694909cf5af65305
  custom:scripting/monoscript/fileName/InsertEdgeLoop.cs: 79633fa178da92a5c6294668ef444484 -> 2ae8d1c474b26256ab945d0d24356ef4
  custom:scripting/monoscript/fileName/TMP_SpriteGlyph.cs: cb4cdca5a4c6415e4f27ee5280164c41 -> 52a9bbe662618c4a5697bdefcba63d59
  custom:scripting/monoscript/fileName/SetCollider.cs: eae49933455a2c9b95713257135e4d8f -> cc3abb7dddeab450901f477ce95c40d0
  custom:scripting/monoscript/fileName/VertexManipulationToolSettings.cs: c46b46378b08a08e84560f649870b305 -> 98d6d07bac1309b24551406f82682144
  custom:scripting/monoscript/fileName/TMP_CharacterPropertyDrawer.cs: ddc6f8909fdac3de9238e9b86e411c3e -> 0fc1d1caf2f580e74b2224e6797250e4
  custom:scripting/monoscript/fileName/BezierShape.cs: b5801eb32f53d6731ef1dbd52394d0d7 -> 492afc0ee5d42c626ea1b854fe143d38
  custom:scripting/monoscript/fileName/EditorSceneViewPicker.cs: 13df4fde3106db2f1cf39c7820e34ef1 -> eb67d7fdef944856bd1331ac0db3e899
  custom:scripting/monoscript/fileName/QuadUtility.cs: f80c36f8b1183a738f2c4f7fa2ab27d9 -> adb8691cdbca3794813626448d418031
  custom:scripting/monoscript/fileName/Changelog.cs: 796ad3f3a5d8532b75e1fde95ea4a6fe -> 1122e49c3fdebdba4214b6f13d0abe53
  custom:scripting/monoscript/fileName/TMPro_EditorShaderUtilities.cs: f4cbef9348a73d49f1efb8d10ff07bf0 -> 1203fb3feabf58cb81d888055364f838
  custom:scripting/monoscript/fileName/TMP_FontAssetEditor.cs: e359b61135381f6b1d7b8c7e97a930f3 -> ff94a59ea0ba0aa81aa8a7f307f2efd3
  custom:scripting/monoscript/fileName/pb_Stl_Importer.cs: d65407d7fe02c27f450e320f523317a6 -> ce59d2e546360b5ddadc9d3acb103aaf
  custom:scripting/monoscript/fileName/KdTreeNode.cs: 90647cc400823b41df847a6cbfc29026 -> 8f6297df34271fdb1ce2d9607ec6261d
  custom:scripting/monoscript/fileName/AdvancingFrontNode.cs: 03e5d4b9222c4095e8449306398434f5 -> be7e972b9ebcf3f33ade1e8d7b8fe2a2
  custom:scripting/monoscript/fileName/InternalMeshUtility.cs: 47e64566b64f31667f3ecd22aea855bd -> 0de5a64e33f4d323f20840f87d91eac0
  custom:scripting/monoscript/fileName/TMP_FontAsset_CreationMenu.cs: 1c5caeb31a0df734411a201aca87cb03 -> 18345b423cea91a35f20f73f48aee7e1
  custom:scripting/monoscript/fileName/ITypeMath.cs: 90647cc400823b41df847a6cbfc29026 -> 8f6297df34271fdb1ce2d9607ec6261d
  custom:scripting/monoscript/fileName/ProBuilderize.cs: 006fb89e624c26dbea4b2af78139477c -> b6e77a89ac28a6cbd8f1723f941fdb1b
  custom:scripting/monoscript/fileName/ToggleXRay.cs: 2beaa89293af925965c361a628716eab -> 66d092c0bea39a1303fa5c233fd26486
  custom:scripting/monoscript/fileName/PolyShape.cs: 68d98358b4f6d4a567396bfd2d8fb6a8 -> b90e7a66031592bbe404809c789b99dc
  custom:scripting/monoscript/fileName/Subdivision.cs: 2d3ed2728b5e862f0b20dccff60f596a -> 4214f7e3c186352799919f680c300ab9
  custom:scripting/monoscript/fileName/pb_ObjectArray.cs: 23d64ec5390756f20b8935c6d27ae727 -> d439f54f1103ffdcf066b930ef0ed002
  custom:scripting/monoscript/fileName/ProGridsIgnoreSnap.cs: a6e9a46f7d1ca1bca90f5934e2b8f31e -> 17b54a171d61eb9640a0177ff9a66582
  custom:scripting/monoscript/fileName/TMP_CoroutineTween.cs: 76849b8d6d4ce499ad8ffee762e4a4af -> d4d869f6662b40274a62453f83c8a425
  custom:scripting/monoscript/fileName/SelectFaceLoop.cs: 41e1c4627a230cc32925e760a4ea1602 -> 2fb1c9710c6290c12316023624118d04
  custom:scripting/monoscript/fileName/ColliderBehaviour.cs: facc1ae2f42419fa1146003334c8bf66 -> d451213d21d47b74c407263f33a03ef8
  custom:scripting/monoscript/fileName/DeleteElements.cs: 4c13bc6aa328361166e449ea1ebb36f9 -> cf9b14012964b37f66698ee9c47500c7
  custom:scripting/monoscript/fileName/LicenseEditor.cs: 63763a27e13858a79a8d582236d3aff4 -> ee245f6e173f0d7c8e571bfc7220c407
  custom:scripting/monoscript/fileName/TMP_ScrollbarEventHandler.cs: c015e39b5a3f1a14518ce039f30e10af -> 55de10d862075cd935d8381c309f39e0
  custom:scripting/monoscript/fileName/GlyphMetricsPropertyDrawer.cs: 438b07e6eae795dab04c32f51ac4e752 -> dd0833870bcea17556e6d67c750c6ffc
  custom:scripting/monoscript/fileName/SelectPathFaces.cs: 80c6b565b5df1b6163de14f2f5623788 -> 956e5d9a52c910e4b588c354acd25c57
  custom:scripting/monoscript/fileName/Triangulation.cs: 09054241e6b66b6bff40ad35686c73c1 -> 1e8fcc43754c28019feda244e426966f
  custom:scripting/monoscript/fileName/TMP_ObjectPool.cs: 90647cc400823b41df847a6cbfc29026 -> 8f6297df34271fdb1ce2d9607ec6261d
  custom:scripting/monoscript/fileName/Node.cs: 291859575cb9c6e25dde80dbcd31fe5f -> 8234dc34b4b50e44a11739a21fc7dbb0
  custom:scripting/monoscript/fileName/EditorMaterialUtility.cs: b048d9073a287734afa3e8a672786fb9 -> 84a70b59d1d63e712f67e813ba36d7ae
  custom:scripting/monoscript/fileName/MergeFaces.cs: f0a7123f95ff8b6d8a9b42653a9c0700 -> 478bd082b921878c0faa5fbd914f4623
  custom:scripting/monoscript/fileName/OpenVertexPositionEditor.cs: 8383d3bdff3fd2a102f368cd27c823e5 -> 1c2587ac934db4dcbc17554a467f1939
  custom:scripting/monoscript/fileName/TMP_SpriteAnimator.cs: bf3a797c3a059d3698e93e0031d7f11c -> 126f1482d1430ed8648c2a6d8d693c6d
  custom:scripting/monoscript/fileName/Door.cs: 01c9614e23978f328b71d053948f991a -> cebbdc7207e599ec2335d015d5c88709
  custom:scripting/monoscript/fileName/TMP_FontAssetUtilities.cs: 5b7a9bc9c5c56e3cb5ccc808a2bdd9e4 -> d84a52975d941e769af4ae15b3aaa211
  custom:scripting/monoscript/fileName/VertexEditing.cs: cb46c69b687fb75b59e3367415afaff1 -> 48fa141f1142ca37a0a888ca67e8ef34
  custom:scripting/monoscript/fileName/CombineMeshes.cs: a9ce7a0bc7639b0c1010471275dc600c -> e57faaa9d1f04fee988363e931293786
  custom:scripting/monoscript/fileName/ShapeState.cs: 3749e2c667cecc0f702ff706b018e886 -> e988bef49163d375955329bc9ae0456e
  custom:scripting/monoscript/fileName/PolygonGenerator.cs: 2aafe12f9c6b9da7c8245101147d5dd8 -> fa18afe7d5bd64c8cff6760ef14f2100
  custom:scripting/monoscript/fileName/BezierSplineEditor.cs: 3ad6df2b7420af9029add9cd3b037737 -> f5eedf610dd8f3757db29bab55565da5
  custom:scripting/monoscript/fileName/SelectLoop.cs: 03ac0ad9679c503b1c8b7fe6c371f29c -> 5d42efd8d6620a332d218c45d18a3cd9
  custom:scripting/monoscript/fileName/AutoUnwrapSettings.cs: 505c9e8ec7abeb42e5de8a57e4ff3803 -> 015a471b4dbdaa33489c4d36328c3beb
  custom:scripting/monoscript/fileName/PriorityQueue.cs: 0cdf409b5aa8d4c25876d72b5c6a3b60 -> a53f96815da50de15010b1c479bc70cf
  custom:scripting/monoscript/fileName/MaterialEditor.cs: f530beda68d4162ffebd1ab086eac73e -> acdbf38b336001cc3e985cb342226383
  custom:scripting/monoscript/fileName/Sphere.cs: fc1a890637c16d42bea0288fac0d32cf -> c1a44c6d944741157e928ad0402333e8
  custom:container-muxer-webm: aa71ff27fc2769a1b78a27578f13a17b -> 
  custom:scripting/monoscript/fileName/TMP_TextProcessingStack.cs: 6146dd1b7f9b90aa342ef9794e387c23 -> ef8795fce16f80562f220a2f8bcb6bd2
  custom:scripting/monoscript/fileName/ProBuilderToolManager.cs: b1a465d81a664e6bb35ec8ea83bc4b74 -> efac8a6290fba659fcd8fd21e95506fd
  custom:scripting/monoscript/fileName/VertexPositioning.cs: 72fdeca4b408d9862267b32f667e1074 -> 8173a895fcb8b6774e5176bb1cf53649
  custom:scripting/monoscript/fileName/MeshImporter.cs: bf784b146e3ce8404151198f5cf6434d -> c065f89f4f1bc987d93f1b4ab6189570
  custom:scripting/monoscript/fileName/MeshAndElementSelection.cs: a24a0934fd2aa12cf7e44f99f89ac69e -> ffd56092cae22dd65182d760efae6efd
  custom:scripting/monoscript/fileName/ColorPalette.cs: 1c1b41242ba5ca26499c5f401ccf2446 -> 723bc1c0e0d6b918dfcc308382ccd0a8
  custom:scripting/monoscript/fileName/Sprite.cs: feaf383831c6d8dc30fd1ee62a194252 -> 68532d2c61f6c3b62602737162a2ec1d
  custom:scripting/monoscript/fileName/VectorHash.cs: 73efb1b59aa72f6931fc7c991c4eeae6 -> 0ac05caaee9071a92351b076db254b0e
  custom:scripting/monoscript/fileName/TMP_InputValidator.cs: 5e0d679d98dae60baa87977011e0ed51 -> e99335724872b7fcd0e5352c682debe0
  custom:scripting/monoscript/fileName/ObjExporter.cs: c82ccdbcc64a076a13c2f8aab8afbc5a -> f76ea5992fc1638cd329a47af7421ff2
  custom:scripting/monoscript/fileName/VertexManipulationTool.cs: 285f01fa4b22517173c175fb8dc94e60 -> 6c9885d0c0ce7e91ada99245859b6282
  custom:scripting/monoscript/fileName/VertexUtility.cs: 052e4b725d8884d92d676e6d212b34e9 -> d0165786e6cc9eb484d7ca11d8521f29
  custom:scripting/monoscript/fileName/NewBezierShape.cs: 2b4083186ccd0d651beb42f17f850f7e -> 55ed07965ee19ea782befd50d4e70796
  custom:scripting/monoscript/fileName/TMP_DefaultControls.cs: 2673e29173eb9307fa53ee17c15332ed -> 1798ee96b3c83cf7d4cea690bb04976a
  custom:scripting/monoscript/fileName/TMP_UIStyleManager.cs: 66d96f3fa9ea14a5a6ed3f92d3bbe0f1 -> f54fffa86b286da3a3329c601ca8d03e
  custom:scripting/monoscript/fileName/FlipFaceNormals.cs: b425fafc3a8e4b16ac0ff7feea8fc66b -> 05ee004a25fc472818454f533c58d44a
  custom:scripting/monoscript/fileName/TMP_SelectionCaret.cs: d2a06fefe973175bffa10d62f788c481 -> ed141b1915a10b9c7ff9136666b54ee9
  custom:scripting/monoscript/fileName/AssetIdRemapEditor.cs: c3f34756c8a6598c4cf15f5e847bf414 -> b101c0148ed87c9402e1b92e19874e20
  custom:scripting/monoscript/fileName/EditorToolsContexts.cs: 2d17066c287657c5db318975da74e7af -> 6cd5542a801a031fe071267d10480b9d
  custom:scripting/monoscript/fileName/TriangulateObject.cs: 552194489d8ee542e612ed9b3681ec44 -> 748d938029092e3170c8c658591a67d5
  custom:scripting/monoscript/fileName/DoubleMath.cs: d3a713d6df919a256ea9b090c3b84b43 -> 14977dd02f104c4ff8b45a4a5479c978
  custom:scripting/monoscript/fileName/ProBuilderSettingsProvider.cs: 31c7f11630ae278eb11b8b1b3b44c0ad -> 13beb7e19435cf9f346fa945eea48a58
  custom:scripting/monoscript/fileName/AdvancingFront.cs: ba4e7f8c74fb24a84261ff39b2535119 -> 9f3ce40a422fb6016a318c8ee109c89b
  custom:scripting/monoscript/fileName/Version.cs: 2140673570cb0dbe2b0365f572525f99 -> f0b9c4d54aef1e586fc652cfdc620f4c
  custom:scripting/monoscript/fileName/CollapseVertices.cs: b8f4877fb9cdb02e00dd9b33b403fa7c -> dc3e1016a661dce32e47367904825a91
  custom:scripting/monoscript/fileName/ObjectPool.cs: 90647cc400823b41df847a6cbfc29026 -> 8f6297df34271fdb1ce2d9607ec6261d
null texture passed to GUI.DrawTexture
UnityEngine.StackTraceUtility:ExtractStackTrace () (at /Users/bokken/build/output/unity/unity/Runtime/Export/Scripting/StackTrace.cs:37)
UnityEngine.DebugLogHandler:LogFormat (UnityEngine.LogType,UnityEngine.Object,string,object[])
UnityEngine.Logger:Log (UnityEngine.LogType,object)
UnityEngine.Debug:LogWarning (object)
UnityEngine.GUI:DrawTexture (UnityEngine.Rect,UnityEngine.Texture,UnityEngine.ScaleMode,bool,single,UnityEngine.Color,UnityEngine.Color,UnityEngine.Color,UnityEngine.Color,UnityEngine.Vector4,UnityEngine.Vector4,bool) (at /Users/bokken/build/output/unity/unity/Modules/IMGUI/GUI.cs:207)
UnityEngine.GUI:DrawTexture (UnityEngine.Rect,UnityEngine.Texture,UnityEngine.ScaleMode,bool,single,UnityEngine.Color,UnityEngine.Vector4,UnityEngine.Vector4,bool) (at /Users/bokken/build/output/unity/unity/Modules/IMGUI/GUI.cs:190)
UnityEngine.GUI:DrawTexture (UnityEngine.Rect,UnityEngine.Texture,UnityEngine.ScaleMode,bool,single,UnityEngine.Color,UnityEngine.Vector4,UnityEngine.Vector4) (at /Users/bokken/build/output/unity/unity/Modules/IMGUI/GUI.cs:184)
UnityEngine.GUI:DrawTexture (UnityEngine.Rect,UnityEngine.Texture,UnityEngine.ScaleMode,bool,single,UnityEngine.Color,UnityEngine.Vector4,single) (at /Users/bokken/build/output/unity/unity/Modules/IMGUI/GUI.cs:177)
UnityEngine.GUI:DrawTexture (UnityEngine.Rect,UnityEngine.Texture,UnityEngine.ScaleMode,bool,single,UnityEngine.Color,single,single) (at /Users/bokken/build/output/unity/unity/Modules/IMGUI/GUI.cs:170)
UnityEngine.GUI:DrawTexture (UnityEngine.Rect,UnityEngine.Texture,UnityEngine.ScaleMode,bool,single) (at /Users/bokken/build/output/unity/unity/Modules/IMGUI/GUI.cs:163)
UnityEngine.GUI:DrawTexture (UnityEngine.Rect,UnityEngine.Texture,UnityEngine.ScaleMode,bool) (at /Users/bokken/build/output/unity/unity/Modules/IMGUI/GUI.cs:157)
HellishBattle.BetaDownloader.BetaDownloader:OnGUI () (at Assets/Classic FPS/Editor/BetaDownloader.cs:53)
UnityEditor.HostView:OldOnGUI () (at /Users/bokken/build/output/unity/unity/Editor/Mono/HostView.cs:312)
UnityEngine.UIElements.IMGUIContainer:DoOnGUI (UnityEngine.Event,UnityEngine.Matrix4x4,UnityEngine.Rect,bool,UnityEngine.Rect,System.Action,bool) (at /Users/bokken/build/output/unity/unity/ModuleOverrides/com.unity.ui/Core/IMGUIContainer.cs:355)
UnityEngine.UIElements.IMGUIContainer:HandleIMGUIEvent (UnityEngine.Event,UnityEngine.Matrix4x4,UnityEngine.Rect,System.Action,bool) (at /Users/bokken/build/output/unity/unity/ModuleOverrides/com.unity.ui/Core/IMGUIContainer.cs:676)
UnityEngine.UIElements.IMGUIContainer:DoIMGUIRepaint () (at /Users/bokken/build/output/unity/unity/ModuleOverrides/com.unity.ui/Core/IMGUIContainer.cs:536)
UnityEngine.UIElements.UIR.RenderChainCommand:ExecuteNonDrawMesh (UnityEngine.UIElements.UIR.DrawParams,single,System.Exception&) (at /Users/bokken/build/output/unity/unity/ModuleOverrides/com.unity.ui/Core/Renderer/UIRenderer/UIRenderers.cs:130)
UnityEngine.UIElements.UIR.UIRenderDevice:EvaluateChain (UnityEngine.UIElements.UIR.RenderChainCommand,UnityEngine.Material,UnityEngine.Material,UnityEngine.Texture,UnityEngine.Texture,single,Unity.Collections.NativeSlice`1<UnityEngine.UIElements.UIR.Transform3x4>,Unity.Collections.NativeSlice`1<UnityEngine.Vector4>,UnityEngine.MaterialPropertyBlock,bool,System.Exception&) (at /Users/bokken/build/output/unity/unity/ModuleOverrides/com.unity.ui/Core/Renderer/UIRenderer/UIRenderDevice.cs:1003)
UnityEngine.UIElements.UIR.RenderChain:Render () (at /Users/bokken/build/output/unity/unity/ModuleOverrides/com.unity.ui/Core/Renderer/UIRRenderChain.cs:501)
UnityEngine.UIElements.UIRRepaintUpdater:Update () (at /Users/bokken/build/output/unity/unity/ModuleOverrides/com.unity.ui/Core/Renderer/UIRRepaintUpdater.cs:79)
UnityEngine.UIElements.VisualTreeUpdater:UpdateVisualTreePhase (UnityEngine.UIElements.VisualTreeUpdatePhase) (at /Users/bokken/build/output/unity/unity/ModuleOverrides/com.unity.ui/Core/VisualTreeUpdater.cs:111)
UnityEngine.UIElements.Panel:UpdateForRepaint () (at /Users/bokken/build/output/unity/unity/ModuleOverrides/com.unity.ui/Core/Panel.cs:1114)
UnityEngine.UIElements.Panel:Repaint (UnityEngine.Event) (at /Users/bokken/build/output/unity/unity/ModuleOverrides/com.unity.ui/Core/Panel.cs:1175)
UnityEngine.UIElements.UIElementsUtility:DoDispatch (UnityEngine.UIElements.BaseVisualElementPanel) (at /Users/bokken/build/output/unity/unity/ModuleOverrides/com.unity.ui/Core/UIElementsUtility.cs:454)
UnityEngine.UIElements.UIElementsUtility:UnityEngine.UIElements.IUIElementsUtility.ProcessEvent (int,intptr,bool&) (at /Users/bokken/build/output/unity/unity/ModuleOverrides/com.unity.ui/Core/UIElementsUtility.cs:205)
UnityEngine.UIElements.UIEventRegistration:ProcessEvent (int,intptr) (at /Users/bokken/build/output/unity/unity/ModuleOverrides/com.unity.ui/Core/UIElementsUtility.cs:74)
UnityEngine.UIElements.UIEventRegistration/<>c:<.cctor>b__1_2 (int,intptr) (at /Users/bokken/build/output/unity/unity/ModuleOverrides/com.unity.ui/Core/UIElementsUtility.cs:28)
UnityEngine.GUIUtility:ProcessEvent (int,intptr,bool&) (at /Users/bokken/build/output/unity/unity/Modules/IMGUI/GUIUtility.cs:203)

(Filename: /Users/bokken/build/output/unity/unity/Modules/IMGUI/GUI.cs Line: 207)

========================================================================
Received Prepare
Begin MonoManager ReloadAssembly
- Loaded All Assemblies, in  0.549 seconds
Refreshing native plugins compatible for Editor in 0.14 ms, found 0 plugins.
Native extension for iOS target not found
Native extension for Android target not found
Native extension for OSXStandalone target not found
[MODES] ModeService[none].Initialize
[MODES] ModeService[none].LoadModes
[MODES] Loading mode Default (0) for mode-current-id-New Unity Project
Mono: successfully reloaded assembly
- Finished resetting the current domain, in  2.116 seconds
Domain Reload Profiling: 2666ms
	BeginReloadAssembly (366ms)
		ExecutionOrderSort (0ms)
		DisableScriptedObjects (84ms)
		BackupInstance (0ms)
		ReleaseScriptingObjects (0ms)
		CreateAndSetChildDomain (66ms)
	RebuildCommonClasses (56ms)
	RebuildNativeTypeToScriptingClass (15ms)
	initialDomainReloadingComplete (65ms)
	LoadAllAssembliesAndSetupDomain (48ms)
		LoadAssemblies (150ms)
		RebuildTransferFunctionScriptingTraits (0ms)
		AnalyzeDomain (38ms)
			TypeCache.Refresh (12ms)
				TypeCache.ScanAssembly (6ms)
			ScanForSourceGeneratedMonoScriptInfo (15ms)
			ResolveRequiredComponents (9ms)
	FinalizeReload (2117ms)
		ReleaseScriptCaches (0ms)
		RebuildScriptCaches (0ms)
		SetupLoadedEditorAssemblies (1128ms)
			LogAssemblyErrors (0ms)
			InitializePlatformSupportModulesInManaged (121ms)
			SetLoadedEditorAssemblies (16ms)
			RefreshPlugins (0ms)
			BeforeProcessingInitializeOnLoad (111ms)
			ProcessInitializeOnLoadAttributes (780ms)
			ProcessInitializeOnLoadMethodAttributes (99ms)
			AfterProcessingInitializeOnLoad (1ms)
			EditorAssembliesLoaded (0ms)
		ExecutionOrderSort2 (0ms)
		AwakeInstancesAfterBackupRestoration (422ms)
Refreshing native plugins compatible for Editor in 0.11 ms, found 0 plugins.
Preloading 0 native plugins for Editor in 0.00 ms.
Unloading 1368 Unused Serialized files (Serialized files now loaded: 0)
Unloading 20 unused Assets / (1.9 MB). Loaded Objects now: 2419.
Memory consumption went from 194.2 MB to 192.3 MB.
Total: 2.907166 ms (FindLiveObjects: 0.110041 ms CreateObjectMapping: 0.035000 ms MarkObjects: 2.433000 ms  DeleteObjects: 0.328541 ms)

Prepare: number of updated asset objects reloaded= 0
AssetImportParameters requested are different than current active one (requested -> active):
  custom:scripting/monoscript/fileName/PreferenceKeys.cs: 971ed4aae575beb1e198c26581764982 -> c1c6958d9062b9c9c2efa7a28affa946
  custom:video-encoder-webm-vp8: eb34c28f22e8b96e1ab97ce403110664 -> 
  custom:scripting/monoscript/fileName/OpenVertexColorEditor.cs: 30ff560893ac054d11bcf5e0433eccba -> 0bde100a5e68bc6e8f047cf079c6371d
  custom:video-decoder-webm-vp8: 9c59270c3fd7afecdb556c50c9e8de78 -> 
  custom:scripting/monoscript/fileName/PackageImporter.cs: 1fe0039e0f1efd9d08d3a2da485c6f93 -> 18c4245910829c7fba0e1946a3f22d91
  custom:scripting/monoscript/fileName/TMP_FontFeatureTable.cs: cbd25d300d7ed4d969d60cb9f98f2826 -> 5ff9812058e8c02a5b04eaa88778f2a5
  custom:scripting/monoscript/fileName/TMP_SDFShaderGUI.cs: 1460619486eb6e8da302e26af5538aaa -> 082588c068c6e819b94cdf417f8b7551
  custom:scripting/monoscript/fileName/TMP_FontAssetCommon.cs: 2b5f11ccf8aacaf9b5ea6564bf2b0d57 -> 4a5ab4d4426385ab38edd57c118cd485
  custom:scripting/monoscript/fileName/TMP_RichTextTagsCommon.cs: 5462d55f8a9ad882f9a7f2d708a6978b -> d28b21b13d6cea8fa92671f9a2a1f20d
  custom:scripting/monoscript/fileName/SmoothGroupEditor.cs: 8bc2610f365dc4634fc8c31ccc969585 -> 1064d8331a913257dab4cdfc21fcec17
  custom:scripting/monoscript/fileName/TMPro_ExtensionMethods.cs: 479bffcc157b89693ffc4c2ef2374861 -> 3d34decc871f763d4c9c61f1fe0f3275
  custom:scripting/monoscript/fileName/DTSweep.cs: b489dbbdebbb3b9e956ffbc2a0d88071 -> d045108b24d44b221d8a008624fcda26
  custom:scripting/monoscript/fileName/MeshValidation.cs: 96702c51dfa78152e589ae8ca081a783 -> 04075680859bc34196ccd56358357ff4
  custom:scripting/monoscript/fileName/UVRenderOptions.cs: cbafaf027c1745bc7e47ed02d4fc6533 -> 6e1785599c7dbe3002d892a90e785a42
  custom:scripting/monoscript/fileName/WingedEdgeEnumerator.cs: adbd097edcaa08879624b3dbf9fed71f -> 599f0117cecc3a04c53adc2951c5dbe9
  custom:scripting/monoscript/fileName/EditorHandleUtility.cs: 0ac2d22f358476e1b744f1f8895e1aba -> dfe46cfb4b3329610eea1da8172ee0c1
  custom:scripting/monoscript/fileName/HyperRect.cs: 90647cc400823b41df847a6cbfc29026 -> 8f6297df34271fdb1ce2d9607ec6261d
  custom:scripting/monoscript/fileName/TooltipEditor.cs: 051c4adf0743255fa06a6508fb451a66 -> 1883cf96151e042643af8c3e5724e842
  custom:scripting/monoscript/fileName/SemVer.cs: 3cf48f4591710125c2a8f6dc6ca94475 -> 3b20103f5867598637cd086120875f18
  custom:scripting/monoscript/fileName/ColorUtility.cs: 955d148b2d9eeb72c61392d743a13c8c -> 7083431eceae2ed89152408497c8394c
  custom:scripting/monoscript/fileName/RepairActions.cs: c98caac95a1bd550b46a8909c4bd3f4b -> 5cadd7ed963fc39bb2a3786966755ca1
  custom:scripting/monoscript/fileName/FloatMath.cs: 0fe73a55cac7bdb87b1e039ac908242b -> d1d434c83c83cea2c1b3e68a52a53b59
  custom:scripting/monoscript/fileName/UvUnwrapping.cs: 6dc18e949826aea52a2968ed7b10cc47 -> f8c8948c67465d24bbe3ec0f1df0f6d3
  custom:scripting/monoscript/fileName/TMPro_EventManager.cs: 4c7492301243f935f7a463360f91d217 -> 9ebed0b1e26a8c995d644c176e696d93
  custom:scripting/monoscript/fileName/VertexPositionEditor.cs: 46d235253e54e23a363ea17144ac2a77 -> 20ce79aba53b8806cd4c2d9cb3f3ef6b
  custom:scripting/monoscript/fileName/ToggleSelectBackFaces.cs: cd800d355c36b0670ead69c584432936 -> 72f343f70eb62a43066b2f1a9721bf06
  custom:scripting/monoscript/fileName/TMP_SubMeshUI.cs: 748262c65738bc5e1c553ae7a37a0c73 -> 7a6337f74438df5e26b302bbbbc41105
  custom:scripting/monoscript/fileName/GlyphRectPropertyDrawer.cs: bdec415148eac17379112822c8814df5 -> d355023434b9b8f82f7070cb40c7c036
  custom:scripting/monoscript/fileName/ConnectElements.cs: b040b3cb3e9da34e655bb3a47bd46193 -> 176d925c658de9703fc379a239c082ea
  custom:scripting/monoscript/fileName/ShrinkSelection.cs: fe8a97f4f165a36f66e0120cfbdfd1a0 -> e24ad03152f0b3eb84e4686d997612d0
  custom:scripting/monoscript/fileName/WeldVertices.cs: 150ff8957179426a96725d6e78b916cf -> 310d946e6af6eb78ad0f4b270ab3f555
  custom:scripting/monoscript/fileName/TMPro_UGUI_Private.cs: 90647cc400823b41df847a6cbfc29026 -> 8f6297df34271fdb1ce2d9607ec6261d
  custom:scripting/monoscript/fileName/EditorStyles.cs: d933620442e94f395abad499f0a07844 -> d6cf61a3bff17f664d8f07b288899e0e
  custom:audio-decoder-ogg-vorbis: bf7c407c2cedff20999df2af8eb42d56 -> 
  custom:scripting/monoscript/fileName/IntVec4.cs: 4a457fdc2b6edfff9af20f31f74bc367 -> a3aa0bd472fa2d3b612a88ecb38ca78e
  custom:scripting/monoscript/fileName/MeshHandle.cs: 4fb552a16b062d468ef698bbde7ead52 -> f2b386582f7474a64e17e636fc0dbbcf
  custom:scripting/monoscript/fileName/Spline.cs: f8384952784bb95e08e1e29156fe4db5 -> 28e019c03606680a097c55b58115e0b3
  custom:scripting/monoscript/fileName/ShapeGenerator.cs: 8279205acb8a1e8bdcbaa5ab6a730a68 -> 559da73ab440a4cfbb6e5ee76a94db95
  custom:scripting/monoscript/fileName/VertexColorPalette.cs: e5d6bcbfe423cc4ee23c4be5f46b1637 -> 9d1376fe8abc00794faa97ecdf5c1ff7
  custom:scripting/monoscript/fileName/pb_Stl.cs: 9b07f4f149309491c5f1435ec678ae63 -> 51af4017240795884fad9c404f4e2fd7
  custom:scripting/monoscript/fileName/InternalUtility.cs: b46a4bbee8883c649a48eca82d9c5113 -> 9f2e1420b4fef97b404fe7afd5295ea8
  custom:scripting/monoscript/fileName/EditorToolbarLoader.cs: fdf9b8f64a6e826326906d3119503c10 -> 66381be3f5526c145ba9bae4850e926c
  custom:scripting/monoscript/fileName/IconUtility.cs: 45ed954b9dd197048f268e19e52aa10b -> 034630d592d662eca2e85205848a3722
  custom:scripting/monoscript/fileName/MeshHandles.cs: 9078a2010039bebdb66a21ef9e570477 -> 37075a86fc6b1c925d8ca4770dd1cbbc
  custom:scripting/monoscript/fileName/TMPro_ContextMenus.cs: 06b3d4b27f337b8d846ca7117f3251e1 -> fbbbcbf9b4eb950e9aeda2d70529152c
  custom:scripting/monoscript/fileName/DestroyListener.cs: 6be46e6f4b52a4b0718c2fb44268f9ce -> a68c3e137947b02ac2cd9c44630cb13d
  custom:scripting/monoscript/fileName/TMPro_MeshUtilities.cs: 2237d160e4d9e81a7d899dc235029cb3 -> 183dd3a7e1b70c109767dd5059a390dd
  custom:scripting/monoscript/fileName/TMP_TextInfo.cs: 9e4eb698c4c168829682cbe659418e8f -> d86eebf32f36b8febee06365f862b403
  custom:scripting/monoscript/fileName/TMP_TextElement_Legacy.cs: 6e11e173cb695b15e8cce3cd1e1cb2a7 -> 33cc86d4b4c35f95c6446ea70ef56fc4
  custom:scripting/monoscript/fileName/TMP_Compatibility.cs: 3ef1f12d3c823dd740c7c596ab076c61 -> d5209fd9c6a9aef9cccdbfb4f06bd571
  custom:scripting/monoscript/fileName/MenuAction.cs: 898ec4fe99f46e9006b47eb12b400bce -> fae602d108041252c892c7d0dbb6835e
  custom:scripting/monoscript/fileName/TextContainer.cs: 245c032a15fbc12850861c707e37b027 -> 4e3c016869303ab3136387f7870e5adb
  custom:scripting/monoscript/fileName/IntVec2.cs: 08f3ad76946da3616135c08e32f0dd9a -> 9ebed9e7543f0e4249c4d89daeef5a21
  custom:scripting/monoscript/fileName/Pipe.cs: 5ab339b2fd460f209f184462230f3149 -> 3ca54dd364f22d106e069d3639f4f8f6
  custom:scripting/monoscript/fileName/MirrorObjects.cs: 352699d4a7651efc5cce5eea885082ac -> 30fb8dc2394f76e291a51694eebc1bb7
  custom:scripting/monoscript/fileName/FaceRebuildData.cs: 84b2db0355125c47a227c7fa1701067f -> 4f4d3770d43d79d6f5c02b08c148862f
  custom:scripting/monoscript/fileName/PreferenceDictionaryEditor.cs: 9fa6284d94bac21a015ed6b0842b4204 -> 7cd89f8e58bce998ffced9b126a94783
  custom:scripting/monoscript/fileName/TextureTool.cs: 993795ee2a60353f3a850d19c84178be -> f36f558dcac1c72ba3562e4aa1c2caad
  custom:scripting/monoscript/fileName/MeshSelection.cs: 1023d69f6dc6c80d3619702d1b000c52 -> e7812b7cf0f91d037c2e98119937132a
  custom:scripting/monoscript/fileName/PolyShapeTool.cs: 7bc678380b9081ce72ddf75ffd2e71dd -> 7dfb89ede7ce1e06d6ffd4debafe5fb4
  custom:scripting/monoscript/fileName/EditorMeshUtility.cs: 07524f479fd6253ffe9cec9107fd0db3 -> d65aa916b1419290b5f7e47cb2b5d209
  custom:scripting/monoscript/fileName/PointSet.cs: 856b6b7048d351f3361fd73be98c133e -> 1cb3625d684708a48e1f619d38f3ae4d
  custom:scripting/monoscript/fileName/Plane.cs: 10495ff9b800b2afa8268aeffb6ada07 -> fdceb9c119da0a30acdabb70cd0ba29a
  custom:scripting/monoscript/fileName/BuiltinMaterials.cs: f1801187dcebf42d4c70a9f4b283cc9a -> abbf76b631504676e7b7d7a401b3619b
  custom:scripting/monoscript/fileName/HandleGUI.cs: d5e044de315c4ae729548743aabbcc7c -> afa4af5140a52f4f9ca3da5b0ac10ad6
  custom:scripting/monoscript/fileName/TMP_EditorResourceManager.cs: f56b80268a934198a76acc6f4cef503c -> 30391129c5b96f298e44c099ae0fab57
  custom:scripting/monoscript/fileName/TMPro_FontAssetCreatorWindow.cs: 0d0900483ed9b57d4ccc2ff58d1220b3 -> 9d68c1aab1c646cdf3e70083dc01df96
  custom:SearchIndexIgnoredProperties: e643bd26f0fe6173181afceb89e7c659 -> 
  custom:scripting/monoscript/fileName/Export.cs: 078559a78b86060d1b211241c5c67779 -> c50292d7ecb2991c4e7a9d81cef51859
  custom:scripting/monoscript/fileName/IHasDefault.cs: d3ac6d93a1f2a0255a9ab45bb4e61b9c -> 1e14a04e64e81d8f0d3e7c9ca86f95f4
  custom:scripting/monoscript/fileName/TriangulationPoint.cs: 32917afe2890c1499ece497286a4d04a -> 1035c919b741bdf95e2932b37bd260e4
  custom:scripting/monoscript/fileName/AutoUVEditor.cs: a2d70cd5a5b723a42dd96d8849970c6c -> 627ab62f8fdd1604c3ee48475ef9e815
  custom:scripting/monoscript/fileName/HandleConstraint2D.cs: 0be005422d79e45e5239b3f12629e4ee -> 9015774b3c0bbbdd3a4330fb8924982c
  custom:scripting/monoscript/fileName/TMP_SubMesh_Editor.cs: b381eb4c2ad4ef265088242d67c5b140 -> 6199a3bf0c204e3bdded9f5f05415a32
  custom:scripting/monoscript/fileName/TMP_Settings.cs: 68d1204aae2aa6d0a54c151b7af443e7 -> 957f1889ca66b295dca8f725cc81558d
  custom:scripting/monoscript/fileName/TMPro_SortingLayerHelper.cs: 8b86ad735987eff6a1277352e9e8d9b6 -> e3aabd077ed12370ac46dda129ef572e
  custom:scripting/monoscript/fileName/SelectionPickerRenderer.cs: ebb4947fce4540eba10b7d1df3164b8c -> 73f1e4a4a65ed18cd1e1d52a19d8d397
  custom:scripting/monoscript/fileName/Extrude.cs: 34a5e82da627ee072b8b3873fd02e1ab -> dcbaaeeec29f276dbf276d9d529d07bb
  custom:scripting/monoscript/fileName/TMP_TextElement.cs: 5dfb95666bd41ecc32948097824aba23 -> fb8354965187a75f506d9a9df85f19dd
  custom:scripting/monoscript/fileName/TMP_InputFieldEditor.cs: a6f05406e9cdb59679382b884c14216a -> 8f2095c37e5fd5ed563d60163f0c2e52
  custom:scripting/monoscript/fileName/TMP_Text.cs: 5cba61e283281e8dbf7dadaabcd638dc -> c453c9b4dcb2bfad1083e3b49dfa3983
  custom:container-demuxer-ogg: 62fdf1f143b41e24485cea50d1cbac27 -> 
  custom:scripting/monoscript/fileName/DTSweepContext.cs: 2981771f565ec1526dc5d821e460f88f -> 04c0f7cf0e165c3283113f604cd42540
  custom:scripting/monoscript/fileName/OpenMaterialEditor.cs: e48180fa4e846a1c9510af46c88df99b -> baa1f65543a2c837b5be23900001d62c
  custom:scripting/monoscript/fileName/UVEditor.cs: bb46d5bac7199bd3c17dd891460f80ff -> 72ca5bcad2be1e7fb633cba0a986444f
  custom:AudioImporter_EditorPlatform: 3918e3fc78b5a79bad01e8451be0beb8 -> 
  custom:scripting/monoscript/fileName/PreferenceDictionary.cs: 39594dd21319b14ffe21cbd90959a3a6 -> aa8b39134effb62bcf93956ec1113878
  custom:scripting/monoscript/fileName/Experimental.cs: 91e9d2d4ec28f211f51aa6b3c2d6addc -> 74044429c642e1d5383cff33699e9713
  custom:scripting/monoscript/fileName/ProbuilderScaleTool.cs: 2b819c71d43921e551cd144d387df88b -> 693ed401cdd2268a25a82a0b4d09aedb
  custom:scripting/monoscript/fileName/ReflectionUtility.cs: 4f20c90f34e7c9a0975037e76bd514e1 -> e9fbf2f99142e54c08e7ab42214b8d2e
  custom:scripting/monoscript/fileName/TriangulationContext.cs: c42f2501129644a7463ca94823659aca -> adf33f40b421fead56d5d60ed76341b6
  custom:scripting/monoscript/fileName/ElementSelection.cs: c68aacab4736cb88931cbda58954f8b2 -> 6fa56cc3b2c46b068ce001582f75bbdf
  custom:CustomObjectIndexerAttribute: 9a22284fe3817be447336de3de66b15e -> 
  custom:scripting/monoscript/fileName/TMP_SpriteAssetImportFormats.cs: 920e3140228fbd530b0080254da22d88 -> 3cc56654a2015a96112916e9636fbe6f
  custom:scripting/monoscript/fileName/TMP_StyleAssetMenu.cs: 60e7743122a0686d1131101c521adac6 -> d695e815510410a6715fa00ae5e73f57
  custom:scripting/monoscript/fileName/TriggerBehaviour.cs: 9e9b28603c1443f5d61fd91ef7ccbf86 -> 79e7a86a8530867940d5ec2db58f3ac8
  custom:scripting/monoscript/fileName/ProBuilderMeshFunction.cs: 90647cc400823b41df847a6cbfc29026 -> 8f6297df34271fdb1ce2d9607ec6261d
  custom:scripting/monoscript/fileName/TMP_MaterialManager.cs: 441d72ec3c04a8da6a351f60fff95465 -> 1382feee688fee3eebaa5e9d7b47e98d
  custom:scripting/monoscript/fileName/StripProBuilderScripts.cs: 8d1118df1b038f5729efd517ae8a88bb -> 28ed736835aaf61296e94776be7fe22f
  custom:scripting/monoscript/fileName/ConfigurableWindow.cs: c5114dc30bc9061442d90941d750ad69 -> dc908ec59e43674d94e6c44d5f6f0a04
  custom:scripting/monoscript/fileName/TextureMoveTool.cs: ce8cacc59824d8cf57a35f09c16f8711 -> 561dc27692dc87b40ac845b590590c6e
  custom:scripting/monoscript/fileName/TMP_SpriteAsset.cs: 8d06882cb45c7664f8d7c3079ee8757f -> b46309090c7f7da519ff6ef3172bd077
  custom:scripting/monoscript/fileName/TMP_TextParsingUtilities.cs: 8b3fe20641ae0dd97405135955c706a3 -> 47331f425db7fa5c443a11c866530503
  custom:scripting/monoscript/fileName/TooltipContent.cs: ebba672cca5b3ad7206f389dac2aaebf -> 59ac72fe5e43e89296b93f6ab317b8c6
  custom:scripting/monoscript/fileName/LightmapUVEditor.cs: 4a5ea877356561228eed906adcd3bedb -> a2aefb495142dc468618fa8a501b7aad
  custom:scripting/monoscript/fileName/PreferencesUpdater.cs: 83612b3eb5c9f939088fe8899554f47b -> 9a363e698ce1b17dbc0d2d4dab7a63b9
  custom:scripting/monoscript/fileName/SmartConnect.cs: 8e54477dfa9d32f8770b42f4e609398c -> 7cc56315c2f7d3b4ddbfec9b55b217f6
  custom:scripting/monoscript/fileName/ExportObj.cs: c18a1561185a459c7d8d09a4d25283a2 -> b50eb634a6665886ac462c95bd53c18a
  custom:scripting/monoscript/fileName/ProBuilderAnalytics.cs: 2cd7a59044f39493e703b05f32b66c91 -> 1c7d7c6ab5b13a09bcd39014b45b9a79
  custom:scripting/monoscript/fileName/EditorUtility.cs: 4382ba71a5fdd3efad937be52139f5f9 -> 93f1489ed0c05fd005da29cea6da0c82
  custom:scripting/monoscript/fileName/Arch.cs: b067ac6b52031bd7322d6f3511ad169c -> f1c51c8c0bcd0928d443c381b195e68f
  custom:scripting/monoscript/fileName/LogEditor.cs: 40340fd10eb0d8176aa6afc39bccbaf4 -> 5e1c92e4622e71b33b738b828fa27fb8
  custom:scripting/monoscript/fileName/FlipObjectNormals.cs: 5609faa163c9a11dab9cd43e902b823c -> fb2365562ddc0eea3f4f6e4b9288df3f
  custom:scripting/monoscript/fileName/PositionTool.cs: 2fd18bf8664a011c4421990ba96d6342 -> 5e734435a39761992fa026a9b9d7a18c
  custom:scripting/monoscript/fileName/Edge.cs: 057c878f971a98ac6fecd89263127db8 -> 6e8d0d5fb0fb548cecca33c0fd183e9e
  custom:scripting/monoscript/fileName/BezierPoint.cs: 34833cc72fdb3a48f1f4d008cbd59fdb -> 7525997013ed3923f7017a1f8bd43327
  custom:scripting/monoscript/fileName/TMPro_TexturePostProcessor.cs: 0750ad2b775120fa59f760172dc340ad -> d21743efde4e74198703a65b965619ea
  custom:scripting/monoscript/fileName/TMP_ResourcesManager.cs: 64252a073d41e9c6f4e95b5f68ac966c -> 0d972ba50c38c5b25fe15fb0c61ada2b
  custom:scripting/monoscript/fileName/Smoothing.cs: 330a1dd6217f1894b6d80984c74f9c02 -> a5f43ca51675d12c056752c71c91493e
  custom:scripting/monoscript/fileName/TMP_PostBuildProcessHandler.cs: c69b388004562ecb0f789fc3759d9651 -> 728d00fd9070cbfe6d8df45c08e57305
  custom:scripting/monoscript/fileName/ProBuilderShapeEditor.cs: e9de23e6a3e5ceebe7af47bb766a8898 -> 889928ab8d4165b46609eb6bf1b9947d
  custom:scripting/monoscript/fileName/Projection.cs: ed09dc3fa75f6d964258c142443c8e2f -> a99aca606acb7395e9583f20da6bb81a
  custom:scripting/monoscript/fileName/ConnectVertices.cs: 8257d8a693dec45e625c35a99914af6f -> 9f1e5d145cdb3ffd0765deedcb2d98bf
  custom:scripting/monoscript/fileName/TMP_DropdownEditor.cs: 2d907ee76ef876797c15186180266847 -> 6df138b51e278f9c93bd4976e96aa952
  custom:scripting/monoscript/fileName/EntityBehaviour.cs: 7a0182fad58e8b86f5d1052d96507e02 -> 7020f30221d5fc623dfd25c0afe538c2
  custom:scripting/monoscript/fileName/MergeElements.cs: c9b3400349305ddcd54accbdabf30f58 -> c200d1c9feef6a7cfad8fbd59745c8c0
  custom:scripting/monoscript/fileName/EdgeUtility.cs: 1a660714836b36f59bcd2ddafecfe565 -> d5d024e13a2c772fede5968a2a84bad1
  custom:scripting/monoscript/fileName/SelectionUtility.cs: 92d2eece3ee87ab27a4e71ba6256b756 -> 62672b6b7b9f66de36e9019b7ab61216
  custom:scripting/monoscript/fileName/ToolbarGroup.cs: 61877aef40bf12b94f4563196b114281 -> b3446a3ba7dbd0117ea9f39ef820f9d1
  custom:scripting/monoscript/fileName/Entity.cs: 46f49b609c478dd10de66061000fec95 -> 2a45643cd0ab11f7a87a1756acaf27c8
  custom:scripting/monoscript/fileName/ProBuilderEditor.cs: 2dba96b7748ca8a4b559fcb455a58b78 -> cb8336c5ae1ba4e4350b3a477f3a84f5
  custom:scripting/monoscript/fileName/TMP_PackageResourceImporter.cs: 949b6e7fa2132b400d5c4aaf9c34421a -> 5335f4ee7041812300af31a777e4f584
  custom:scripting/monoscript/fileName/EditorHandleDrawingScopes.cs: fa69dc0aae38f933c4768b1a381f6f16 -> 6e49124636030e26c07fc62951b3fc99
  custom:scripting/monoscript/fileName/ScriptingSymbolManager.cs: 9f4ebf1856d93cebe044158f23b01e0b -> c441cb9442058a8009c4677e535a8f5a
  custom:scripting/monoscript/fileName/MaterialUtility.cs: 39fc2b5fdbf10826d74b00a710dbbd4b -> 88cf4fbb88e3f1204571500ff4ff9e45
  custom:scripting/monoscript/fileName/TMP_EditorCoroutine.cs: 04cbf5ce6e541d98265aa7668ef82832 -> 01d80099920d11c11bfa87417e26164b
  custom:scripting/monoscript/fileName/MeshTransform.cs: 558feaf5ce4456f3514221266af9489f -> cef0215a2fecd1c2d2cbab8f5227f824
  custom:scripting/monoscript/fileName/DelaunayTriangle.cs: 908235f5d5e291f50089ca6a8bdf4c13 -> a054c1ee7cb04c097e8ceb96652dcdfb
  custom:scripting/monoscript/fileName/ExportStlAscii.cs: 9a4dfdfba98097a3c691a44b59f67ad6 -> 0202a109a87d532de90cb92c017792ca
  custom:scripting/monoscript/fileName/Submesh.cs: 51f2a9e71cf380288c6159863c8c6958 -> 3b9f33e18b686f2ef961a1460f1ca761
  custom:scripting/monoscript/fileName/CenterPivot.cs: 0540fa0c3bb9c7b452e63f89e313456c -> 770b513b1417a468a49e0612e0dc1780
  custom:scripting/monoscript/fileName/OffsetElements.cs: 112aeff604960ea9032670cfb4a87fc1 -> 458cc781ffeffd7206e0b1c130f2eec5
  custom:scripting/monoscript/fileName/VectorMask.cs: f37b197a0f2e7d76768feac2551f97f2 -> ba27e7ec933b2076546dcfdaaa788a30
  custom:scripting/monoscript/fileName/FixedBitArray3.cs: bc9279bedd3a6bc1feb5645d9911ddcf -> 19581a695ccc746fb3b7e7dd64fdf8bb
  custom:scripting/monoscript/fileName/AppendElements.cs: 48197571f7c160b8c47e348465caee55 -> 486d83c701ebf06e31569da6a2aa2a61
  custom:scripting/monoscript/fileName/SubdivideObject.cs: 15529496d16d945ce564dd73b9f022cf -> d85411130466895ad74cddf2f8961b2a
  custom:scripting/monoscript/fileName/TMP_Style.cs: ecc9948baa78373f3076151d1a0642d9 -> 22d5739edd705d10f980250dcfd7fde0
  custom:scripting/monoscript/fileName/ConnectEdges.cs: 8f686a7fff4566a6aa5be848bd67c552 -> ae65098df42811e49cbc9fbdf9c8945d
  custom:scripting/monoscript/fileName/BridgeEdges.cs: 7b3cbd3298c1cacf3fd10a2c13fb2858 -> 10bad4efb9bf2e63956f391bb2c8b8ed
  custom:scripting/monoscript/fileName/IKdTree.cs: 90647cc400823b41df847a6cbfc29026 -> 8f6297df34271fdb1ce2d9607ec6261d
  custom:scripting/monoscript/fileName/ExportPly.cs: 570e49f6204b40b7c2281c056489e701 -> 53679ea737f5b1dfa36f8666443d6fb4
  custom:scripting/monoscript/fileName/ToggleDragSelectionMode.cs: 6a922485a12d7e52256776f0adc1d3b0 -> 717210f7999935796e1f0c5e4d460495
  custom:scripting/monoscript/fileName/CSG.cs: fddebc96510ce08c125abace9d05eafd -> 2dc6a8dbd39bdcb649b4c2d3b5a6989d
  custom:scripting/monoscript/fileName/GrowSelection.cs: de1d66ff5d47fd9485b62f0576610afb -> 1bca638cbdbda9d68e37eef4443b3cb8
  custom:scripting/monoscript/fileName/SmartSubdivide.cs: e83627bb1da7bd1a9a208feb135dee35 -> cfdafb8092010961486f401c21290682
  custom:scripting/monoscript/fileName/TMP_StyleSheetEditor.cs: 38b210a450ac855df2d81ab0242c2feb -> b6503d890746d6150e0f267f43ce60e4
  custom:scripting/monoscript/fileName/EdgeLookup.cs: 1933ab40224290e9191c61e11eab2868 -> c9997fabb8a6c934a062de5df942cb8b
  custom:scripting/monoscript/fileName/SelectSmoothingGroup.cs: e7adc037d5343729fde59c2f041f72e6 -> 77ca64551fca402d7ced40d23a45fbac
  custom:scripting/monoscript/fileName/TriangulateFaces.cs: 7d58267eca67ed800671b3fe1771472b -> 7384e16273c0b0cb8589d3e983ff177a
  custom:scripting/monoscript/fileName/OpenSmoothingEditor.cs: b7bfcfe69a934092c115177d09b130dc -> 560aef3f7be06bb4ace9e3ef06de1679
  custom:scripting/monoscript/fileName/SetPivotToSelection.cs: 0a4f1a088a797c04c53d4f4d7ec66668 -> 4b1632cacf89ec92f9fec662bcb33ec8
  custom:scripting/monoscript/fileName/ProBuilderEditorShortcuts.cs: 2e87be32c8a93b1377e99b0795a6bb9d -> 449f66bb9fa7cf61c5b8fa043ae0c50c
  custom:scripting/monoscript/fileName/pb_Stl_Exporter.cs: a0bbf115d527a544930104c2dcebd300 -> fc035555d13973baa50218da209917b1
  custom:scripting/monoscript/fileName/HandleUtility.cs: 3a2b940ef1063bb7ed90d70b8e902cf5 -> 91f1544f408469553ae7951802376dc7
  custom:scripting/monoscript/fileName/TMP_EditorPanelUI.cs: 0c3fb43855adf1da22258c211d01a47d -> 6242af713a75147e6e5820bfce936424
  custom:container-demuxer-webm: 4f35f7cbe854078d1ac9338744f61a02 -> 
  custom:scripting/monoscript/fileName/IPriorityQueue.cs: 90647cc400823b41df847a6cbfc29026 -> 8f6297df34271fdb1ce2d9607ec6261d
  custom:scripting/monoscript/fileName/TMP_FontAsset.cs: 6c1db4680a96f294cf0af87a0b8099aa -> 52c81438acb65fa444fe26964ef0345b
  custom:scripting/monoscript/fileName/SurfaceTopology.cs: 9526d30cd2f928b0eb81e56b5d034cc7 -> fcacf53dc1a9d80c141f45da4ad5cacb
  custom:scripting/monoscript/fileName/ProBuilderMenuActionAttribute.cs: 3674968d5ee67384faaf101c9d3dcda8 -> aa21e1cb340b4d66624ab269efca064a
  custom:scripting/monoscript/fileName/EntityEditor.cs: a91f91f5e306a57ac3e888e91213305d -> 479bbcdafdc8895866e190aa1e4ed7ae
  custom:scripting/monoscript/fileName/SimpleTuple.cs: 0cdf409b5aa8d4c25876d72b5c6a3b60 -> a53f96815da50de15010b1c479bc70cf
  custom:scripting/monoscript/fileName/SetTrigger.cs: 286b69f4327b4c46524ba1c15eb198ce -> f7f341239430639cef5ba11846355a7a
  custom:scripting/monoscript/fileName/IntVec3.cs: 2c04041d253e07e499b1153625966a9e -> 8e91de7bd5c399115a08ccab7da9cd25
  custom:scripting/monoscript/fileName/DrawShapeTool.cs: ac1712ae32bc97f8f4f25c7ab7b85183 -> 087ba03db22cf2aea364f3b020b8922b
  custom:scripting/monoscript/fileName/TMP_SubMeshUI_Editor.cs: 119a633ce37cc27ac209988b5de61d96 -> 765ce633a5bfada7c5afc51aed8631bb
  custom:scripting/monoscript/fileName/Vertex.cs: c33a8579f06fb5ec710638da284dce30 -> 3fc3fd0e61353ff6b176457a8fd399b5
  custom:scripting/monoscript/fileName/Triangle.cs: 38f2dea2cbf63a10d865b3c93a929d93 -> d0562d63fecbf5188e24fde2e83ce680
  custom:scripting/monoscript/fileName/DTSweepBasin.cs: 245db94975c479306e3cbdfe84d22fb1 -> 96c7d9fe46864bb8d255e7f6e122a693
  custom:scripting/monoscript/fileName/Bevel.cs: cda4b6394b0873a5b8e8df0dce506d92 -> 8dbd493457fbbaa6f0a8eafd7c8dcc46
  custom:scripting/monoscript/fileName/DetachFaces.cs: cf9073f1266f2923b20679a1bde3c8c0 -> 94dd7702b69703198ce1c3c7aa68e223
  custom:scripting/monoscript/fileName/ShapeState_DrawHeightShape.cs: bf3d191b58aaab9e01024402c1802b6e -> 2464cba411c66ffea21889b6bb1a9e5b
  custom:scripting/monoscript/fileName/P2T.cs: 0aa69cc22c33e17e24d809b0c56993bc -> 5311fa65ea4de3c842913b51a3672a69
  custom:scripting/monoscript/fileName/OpenLightmapUVEditor.cs: 1e75a505fb05c16310e33b72465177ef -> f4a58c1b2bf684de0477f3ca649636c6
  custom:scripting/monoscript/fileName/ProBuilderSettings.cs: 44e160cbb89a8c9e895fdc5e21b659ba -> 5a96b8b1ccf6640321034b1f4527c6d9
  custom:scripting/monoscript/fileName/GenerateUV2.cs: 7e9f55032cd43909a50ad3d71fd47174 -> fa8c5f708ed1b733fb4e35d385baccf2
  custom:scripting/monoscript/fileName/Shape.cs: 0c1bd185dc308e7f1b0ad86de0300f5a -> b68a5dc625e9be120706720fea43f4b9
  custom:scripting/monoscript/fileName/TMP_BaseEditorPanel.cs: f4b9967705e7bb57152fef4117417ba7 -> bf7c6aff8663a36814779dfe47e82e00
  custom:scripting/monoscript/fileName/Transform2D.cs: 99c230faf7d8b1d82d86bcfe0bdd121e -> 8d8b4790312f50d85e5b76972af21da4
  custom:scripting/monoscript/fileName/MergeObjects.cs: 11f6d640a9d3c77be19a9d5930aa559d -> 4a98045f4cd14250333a534475d04874
  custom:scripting/monoscript/fileName/EditShapeTool.cs: 5e5caa4d0c9b3b31aa98622a360a986a -> edf2bf13d6fce430418380467ef7d6cd
  custom:scripting/monoscript/fileName/TMP_InputField.cs: f7712ab842984f124274656d749eca3d -> 8fed3480abb5543168012b207b39349b
  custom:scripting/monoscript/fileName/TransformUtility.cs: d73c91a7d4fba2846cb7f791384de39e -> f8a825729175a8eb807be414b7783c28
  custom:scripting/monoscript/fileName/ShapeState_DrawBaseShape.cs: e0d5b8da05d52dbfb8f12dcc42366618 -> 343d5e9d83baac5a65a94a52293c2ebf
  custom:scripting/monoscript/fileName/TMP_Sprite.cs: 0ee3c386846aa132dd254421fac18cd1 -> e9945527ea1584af23f8f41ce4b844b4
  custom:scripting/monoscript/fileName/EditorHandleDrawing.cs: e4a253013e923fc5e2a42116f3e9cb52 -> c0b6f35562a3c493b8272c548242aa12
  custom:scripting/monoscript/fileName/UnwrapParametersEditor.cs: ad2871f345be52d0cf9added22b9bbb9 -> 46c6178a4fd4477a754acf75893976c4
  custom:scripting/monoscript/fileName/Cylinder.cs: c1df0163afb2da9cb82c7acacf1ed730 -> 67c389358d4360f5810186f579b884ba
  custom:scripting/monoscript/fileName/Math.cs: 4765fe41cdb59756d6a6579184fc0ff8 -> 810421a6066b39d78a9ffd9f3991df48
  custom:scripting/monoscript/fileName/SelectionPickerRendererStandard.cs: e1a12a27c7781421a618a7721df48c68 -> 8743fb0efc136665a8cc090eb2b971c3
  custom:scripting/monoscript/fileName/UVEditing.cs: 282cce0694f10e0de5a3bd7509995bd0 -> d95c0ab26b17358202fc0975ff46e659
  custom:scripting/monoscript/fileName/TMP_ResourcesLoader.cs: 6f1f07799f3cfe795f955033c27f98ed -> f71e35ced40721d6906e578fb6e7f0e9
  custom:scripting/monoscript/fileName/Log.cs: 2f3b85a20367d6d99e3a14c7ae399267 -> ef974d1e30c85abd7256cecbc60a1fbc
  custom:scripting/monoscript/fileName/TMP_StyleSheet.cs: de73099b6bd4b9281c92feedf1315618 -> b6deb5f646a1f5ad7b696d32618ba797
  custom:scripting/monoscript/fileName/TMPro_Private.cs: 90647cc400823b41df847a6cbfc29026 -> 8f6297df34271fdb1ce2d9607ec6261d
  custom:scripting/monoscript/fileName/TMP_MeshInfo.cs: 89833651f7d905e51b340ec2afe531d1 -> 375ed9fada55d6bf39f9352ef1dd520b
  custom:scripting/monoscript/fileName/TMP_SpriteCharacter.cs: 81dc73ff0878d6528202f8be44877b26 -> fe232bb280dddc880a01918d3502c13a
  custom:scripting/monoscript/fileName/SceneDragAndDropListener.cs: 07a111f362d027d85d45bdb7a902f14e -> 7eedb350c997b79189715bec5609131a
  custom:scripting/monoscript/fileName/PolygonSet.cs: 1d5b94bd81a36884686c2f6dc3640c06 -> d3555720d371c4592c80ff65e5b1085e
  custom:scripting/monoscript/fileName/DTSweepDebugContext.cs: 6ac3331923d1210cbd6f306a6bc3e3c2 -> 48402eb94f889eead1a14f20ba973022
  custom:scripting/monoscript/fileName/EditorShapeUtility.cs: b01457005654bb980604fba5d004d802 -> c452951f22509d3851777ee5927b7553
  custom:scripting/monoscript/fileName/Cube.cs: adf8d58792eaf50687787b68f170b6d6 -> 5a04a3344fd366715c4f1ec6471bd7b1
  custom:scripting/monoscript/fileName/Clipping.cs: 1741f8440a6254efcb95789a09be4e6a -> cb4ee0c14739aef486e76b64df8452f3
  custom:scripting/monoscript/fileName/TMP_ShaderUtilities.cs: 84a261643983e306d02445da38ed662f -> 75ec062faab558cb3190dcd3e4820547
  custom:scripting/monoscript/fileName/TMP_SettingsEditor.cs: 56bf06371df7e13c5b8cc88becb89a4d -> aa2b5eadaadb4b54b49cd650a2246119
  custom:scripting/monoscript/fileName/ShapeMenuItems.cs: 5f7ac6f810ef27e38f22b209ac1fc203 -> ae71d417fb6ad9ee80562655da47e069
  custom:scripting/monoscript/fileName/TMP_UpdateRegistery.cs: 1f23864d29c3a03d22aa9b00a337cf78 -> 62691e6bdb107984e7d826316a6498e1
  custom:scripting/monoscript/fileName/TMP_PackageUtilities.cs: 89e6e95503dd36070edf73e7aaab4557 -> 029634ff6f667ebc9454d70fde4def50
  custom:scripting/monoscript/fileName/TextureRotateTool.cs: c2d0baad66e4308f6143c552f0536843 -> de64360b3418b9277960231417fd3632
  custom:scripting/monoscript/fileName/SubdivideFaces.cs: 9109bab35f1c932e6b2935ab1452a120 -> 2f575da67016e5b8df89dad1b65d5a8f
  custom:scripting/monoscript/fileName/ProBuilderMeshSelection.cs: 90647cc400823b41df847a6cbfc29026 -> 8f6297df34271fdb1ce2d9607ec6261d
  custom:scripting/monoscript/fileName/Face.cs: a341fcdb31a7309723bdeb224f913433 -> 6b59248edf20736fe649e807e73c44a1
  custom:scripting/monoscript/fileName/FastAction.cs: dfbe75b66b645b53472915ad2590af11 -> 94d6ead813247e604740a116c5fa92db
  custom:scripting/monoscript/fileName/TMPro_TextContainerEditor.cs: b2fbc5db24221a870c4de162a712cbfe -> a97aca5bcf1b2486a0f60b2c7a935c42
  custom:scripting/monoscript/fileName/TextureStitching.cs: 282cce0694f10e0de5a3bd7509995bd0 -> d95c0ab26b17358202fc0975ff46e659
  custom:scripting/monoscript/fileName/ArrayUtility.cs: 1a4a57b6fbdf126f88c3fded2fdb776b -> 1c0723927a1dea4084aafa27e0babf3e
  custom:scripting/monoscript/fileName/ProBuilderMeshPreview.cs: 2c7c631c64eeea962429990f92666a51 -> d0230fea5a4d87373ad48ccae09a5956
  custom:scripting/monoscript/fileName/SelectEdgeRing.cs: a765561d8bccdd9a6baf3be3ef9ae6db -> 27dd4e73df0c1e8d2b1c164c1934d4ce
  custom:scripting/monoscript/fileName/FileUtility.cs: 71e69a0dda932652b4750f9f3d825114 -> 2961bba77c56c2a7229c3afaf4d78e44
  custom:scripting/monoscript/fileName/ContextClickManipulator.cs: 551ac0135cff9eba4bc63f242fd17841 -> 00a2ed4616fd5b136c16062206b02a4a
  custom:scripting/monoscript/fileName/ProbuilderRotateTool.cs: 46e8d522aca3344981cffc698ba16ada -> dfae9ba6f205547711d4eb1051f4780b
  custom:scripting/monoscript/fileName/Stairs.cs: 172b180c42a148fadf6415c52210a729 -> e254dec4f733abbd87258b46868d5452
  custom:scripting/monoscript/fileName/ProBuilderShape.cs: 3618f60e8d988cd8a0d66f0d060fd11a -> 4b94d05e947c45e53fde635ac0ebc2cf
  custom:scripting/monoscript/fileName/UnwrapParameters.cs: 644d0ce037708f9b6663416e490c0d59 -> 4d960715ecef383b56d2951e9c9da8c2
  custom:scripting/monoscript/fileName/DTSweepConstraint.cs: d620e55901dd883c92623a89c42030d5 -> 59c05bd289d9bce59258a29a158ea47e
  custom:scripting/monoscript/fileName/FillHole.cs: 49c97a483d8d6d36ce8ef90c74d4a79f -> aaa6fe80b3a68244078a7567ada0e365
  custom:scripting/monoscript/fileName/Prism.cs: c53bfe8cdbfb08eaf3dbf8c35a208bd4 -> 5f904ea39c8c32d25068cda89e69a200
  custom:scripting/monoscript/fileName/TMP_GlyphPairAdjustmentRecordPropertyDrawer.cs: 1a07941369755af9e0a102a45e9058c5 -> 6f07d27e8ea91e29d6bd5f39dd8deb23
  custom:scripting/monoscript/fileName/NewPolyShapeToggle.cs: 8acdd5cdcb7ee88e0e50b5931573fb4b -> bad7bfc867c0bf962133efa0f79b1273
  custom:scripting/monoscript/fileName/ExportStlBinary.cs: 5c64685a83bd5cbedf78a40252f3b12d -> dd8e10d762f32598ab0e1122ef48e9d4
  custom:scripting/monoscript/fileName/FlipFaceEdge.cs: f530ea0a74860a23981eb940ef68b251 -> fb9aa292368cc4ed51a43e9289ea2cfd
  custom:scripting/monoscript/fileName/FreezeTransform.cs: e675172267d870c70773e18ea0e1e250 -> 1599ad6ba59967d6e4db33cdd9b238e2
  custom:scripting/monoscript/fileName/ExtrudeElements.cs: 4c7ec400f4d4c6eaeb8b42dd1d2a747d -> 806117c07177fd070bb6a8f15afbe267
  custom:scripting/monoscript/fileName/TMP_FontFeaturesCommon.cs: 7d1db71d73353e7dd97f094c509882fa -> 89ff6ee76bb6f84827488d597e70ea5a
  custom:scripting/monoscript/fileName/TMP_LineInfo.cs: bb529d63c9723788bd7143f27cd69eaf -> 22ff02e7762110d3cc1f4bc096ea014d
  custom:scripting/monoscript/fileName/PreferencesInternal.cs: bfcfc9829daeeacc6e112df0986f85a6 -> 530b66421d3187fea0f2ff7b5a72657e
  custom:scripting/monoscript/fileName/VersionValidator.cs: bbb65e8a50d52b88a89cdeafda2af2f0 -> aee62f3e1b7975d116f5ff369b76465b
  custom:scripting/monoscript/fileName/UvAutoManualConversion.cs: 762f54589cdc906e3e1c04a57cf8ef9a -> 00828e5b9f8d412532156fb92532052a
  custom:scripting/monoscript/fileName/SelectVertexColor.cs: 7f0acb641efa7529c84cdbc924192168 -> 2865361f5d53aa2680c91d8c32a970a4
  custom:scripting/monoscript/fileName/ITriangulatable.cs: 5f8974429dff74ed7b6ecd00071f21a9 -> e9a73ba7369908268727333b921f0a74
  custom:scripting/monoscript/fileName/SelectFaceRing.cs: 3c7218fc27e261315951073ae7a7ef33 -> f5d0b1fb65552736125cad06744f8320
  custom:scripting/monoscript/fileName/Bounds2D.cs: 16ca90bc5c32dbbd92a84501f2c2743d -> 4ee9454de9a8cc8ab3a847168e9e1f47
  custom:scripting/monoscript/fileName/ExtrudeFaces.cs: 8da1d7548a755d4f7bfa6a3ad702beef -> afb8e77f6f04c56f7c5998b35b8192ec
  custom:video-decoder-ogg-theora: a1e56fd34408186e4bbccfd4996cb3dc -> 
  custom:scripting/monoscript/fileName/ConstrainedPointSet.cs: c9342aea7930c4ca55cd85acb4b82d33 -> 47771b5cd16d7a2fb324358db317755a
  custom:scripting/monoscript/fileName/TMP_UpdateManager.cs: fa7e71df671c5b3088b39753e4bbc70d -> 2b12c9b6d4082e0390a306eceed60fc6
  custom:scripting/monoscript/fileName/PointOnEdgeException.cs: 9e0012c09b9fee63c09ec06c54fbb87d -> 111622b5fd1bfc13cefcbb1aba3b389a
  custom:scripting/monoscript/fileName/DuplicateFaces.cs: 5ac5a69e6f038f9fa1492c8090a28996 -> fcd403cc51417d4fabdcff556d863805
  custom:scripting/monoscript/fileName/UnityScenePostProcessor.cs: 3af372e3e8128a470ce2c75685918c73 -> 355f8337335879c63d848a50cdab2946
  custom:scripting/monoscript/fileName/AssetTreeView.cs: f69e053f44c2ceb1d31b6346bdecf246 -> 2e85c4f99419cdb4a1518e9dc0b1f7e0
  custom:scripting/monoscript/fileName/TMP_TextAlignmentDrawer.cs: 011b7908ef5eb5e9dea532c77e85c538 -> ad15f73780bb9949f148eddcc3c3fbf7
  custom:scripting/monoscript/fileName/TMP_EditorPanel.cs: 0631f68be4ca0623bf3e313ec9becbc9 -> 0bd13db7cdfa07805bfadd631c0ddba8
  custom:scripting/monoscript/fileName/IHasPreferences.cs: a5f85efc1fefea988fce750a73fadae7 -> 1ad5ed8c1aa8e49fd9ef61122c0c14c9
  custom:scripting/monoscript/fileName/TriangulationUtil.cs: f18a7fb009b05f02616bafd07fbae553 -> 9c34fd675f82fec84d9e1a93c81ec48d
  custom:scripting/monoscript/fileName/SelectionPickerRendererHDRP.cs: e1a12a27c7781421a618a7721df48c68 -> 8743fb0efc136665a8cc090eb2b971c3
  custom:scripting/monoscript/fileName/TMP_EditorUtility.cs: b242106620cbbc38f0411146a086b885 -> f68b71b7543cddf9e4cdf261d5f519e5
  custom:scripting/monoscript/fileName/TMPro_CreateObjectMenu.cs: ddee59388caa7a56693342f3a805d427 -> e9e63aff764c7e7fd08e66f87103df4d
  custom:scripting/monoscript/fileName/SelectMaterial.cs: 9a86428319d18f00e00cf559df42df52 -> 68253dfa0eb4aed4fa93ce3f7dfd78d3
  custom:scripting/monoscript/fileName/SelectHole.cs: 331dc98cef43e5c9a3f6963fcc1bfe76 -> 30a46f79959cc819958849feeb1c5941
  custom:scripting/monoscript/fileName/PlyExporter.cs: bf5494e3645f49425628ca78199ab31d -> 387fdb165aa0453aa97982c13d7544ba
  custom:scripting/monoscript/fileName/SelectionPickerSettings.cs: 2d19355ddaebe622fb966ebf4e2a7407 -> 4abbf7aee3c44abab686a289f1fa4626
  custom:scripting/monoscript/fileName/ConformFaceNormals.cs: 05b09c7c65b09cbd069b7d54a7757b98 -> 70ae96991aefdfb4e1066374faf96754
  custom:scripting/monoscript/fileName/TMP_SpriteGlyphPropertyDrawer.cs: 1447c7afab82cf56bc359d5c7fba114e -> 4a6f1515709a40d92e24c84ec92fc53a
  custom:scripting/monoscript/fileName/DTSweepPointComparator.cs: 797b86f3c76f8674cd07c1b4091aebb1 -> 22d3ddb7fd4121b94809f8679e66fd07
  custom:scripting/monoscript/fileName/ProBuilderSnapping.cs: 299be986ce6dd2a383c58b87f56cf5bc -> 085a40d43e316416e1479fb555081379
  custom:scripting/monoscript/fileName/FixedArray3.cs: 90647cc400823b41df847a6cbfc29026 -> 8f6297df34271fdb1ce2d9607ec6261d
  custom:scripting/monoscript/fileName/TMP_Asset.cs: 7e95c8d89188057bea8fc9569c9aa309 -> dcedda1866ab6edcf1af2d4525512628
  custom:scripting/monoscript/fileName/MenuItems.cs: 36e8964894b4a740a9cbe85327eddbf8 -> 4497504db5d8eca795d2ad25eee9f798
  custom:audio-encoder-webm-vorbis: bf7c407c2cedff20999df2af8eb42d56 -> 
  custom:scripting/monoscript/fileName/TriangulationConstraint.cs: 02158ed4aeb2e0540be606ebedcd9aa5 -> 0faaf851a99afd5bae9e2ff752a2f938
  custom:scripting/monoscript/fileName/TMP_SpriteAssetMenu.cs: 05ea7b84320d1b77a6d1ae49c41ee9cc -> a42d2dc20ed9558b36972dc6e6d71655
  custom:scripting/monoscript/fileName/TMP_TextUtilities.cs: aab2855e68416a0a1f2f8904059662aa -> f68f97869f24792bf3a3694d69de955c
  custom:scripting/monoscript/fileName/ShapeFactory.cs: 0502fb9700fa7e8a16f4ae24254c8fb0 -> af4823c77fbc7658ddf7f8bb8aaf4480
  custom:scripting/monoscript/fileName/DTSweepEdgeEvent.cs: 0fd87cf929642b86af7d774c6fbe71c0 -> a2b304ddcb79e5db61493e9a786f471b
  custom:scripting/monoscript/fileName/ProGridsInterface.cs: 495262c8bdcccdf28a7c22cd60c9f4e7 -> 0aad9e6f8f7158b54237f57ec21d125a
  custom:scripting/monoscript/fileName/TMP_Dropdown.cs: ecea2f8babcb40d207d2e73158251f60 -> 39f6048c754db30f2da2ea32254db16b
  custom:scripting/monoscript/fileName/TMP_BaseShaderGUI.cs: 25118693f24c47c8a4b530b8bff26574 -> 2c2d4519754bb0c1dd0a107014b7ac8a
  custom:scripting/monoscript/fileName/MenuToolToggle.cs: 2abf8abff0704256700f4bae8074325c -> 510f254c215fa427f0124a42916b8aa8
  custom:scripting/monoscript/fileName/Cone.cs: 3ac9bedd6ed3a29bf5087d05f2c8a2a9 -> dc0d616f2196b303120236acb63076f9
  custom:scripting/monoscript/fileName/HierarchyListener.cs: df959326ae23895096fc25ce5eee65bb -> 419707e5338fd8411ffb999da97ad7a2
  custom:scripting/monoscript/fileName/MeshUtility.cs: 012ece355ae629d1c430517d97b8d6e4 -> 7a57f12791c9c801d83899c7f242fcbf
  custom:scripting/monoscript/fileName/TMP_ColorGradient.cs: 8d91c7c4749088eca69648d37a965bf8 -> 3baf9c6d3c50fc594e68e0c756eb8779
  custom:scripting/monoscript/fileName/SelectRing.cs: 6912c38cf645b01b143799d78cd61ef1 -> 86c04fa9b69f49e0a33986421184d6b0
  custom:scripting/monoscript/fileName/EntityUtility.cs: b021dbc0e14e8512304615a12fc46603 -> 9c2a19c8387d47c96fe3a7ec65b3ba2d
  custom:scripting/monoscript/fileName/Model.cs: 9856304bdbd2e76ecd815f3a6141f1cd -> 5f28c5444af8a33503cdc094930b5ed8
  custom:scripting/monoscript/fileName/TMP_CharacterInfo.cs: c840ce0b0aa6c1faafb27b3b884b2328 -> d2593478681404ce2cbd40e4e2f8a6d3
  custom:scripting/monoscript/fileName/TMP_ColorGradientEditor.cs: ed654c9d45026a5f71e6e9535130c15f -> 187fe88a4e95285275d1781f1da14d92
  custom:scripting/monoscript/fileName/CutToolToggle.cs: 552b76f8f489d420018d2bc016dee384 -> 991af3b2d5ecfe4a755a89c4427d29f1
  custom:scripting/monoscript/fileName/TMP_PreBuildProcessor.cs: 790c12dcd4980aa978fd28fb6f89fb37 -> d965cd4513e689cb01c0481012a89dee
  custom:scripting/monoscript/fileName/SubdivideEdges.cs: ea38859c9b60817b797cd0bc73fe7421 -> 51e662486f2ec78c887428bce9cc9b15
  custom:scripting/monoscript/fileName/EditorToolbarMenuItems.cs: 46058aaf6133ec8b6c96241a03c62a3a -> 060ec5f828cd41cc516ff59a79b3a9cb
  custom:scripting/monoscript/fileName/EntityVisibility.cs: 813cb3e764ffc83643f0aca9bfa0af07 -> 46fa3d1b1d698960648bd66414062d91
  custom:scripting/monoscript/fileName/NearestNeighbourList.cs: 0cdf409b5aa8d4c25876d72b5c6a3b60 -> a53f96815da50de15010b1c479bc70cf
  custom:scripting/monoscript/fileName/ExportAsset.cs: 64ea3c10f23669e99308cf5709607fe7 -> 13711cfc5906744546bb775cbefb2410
  custom:scripting/monoscript/fileName/TMP_SpriteAssetImporter.cs: 675c97d72afe988872a20f51812f7cdf -> 06875a6ac5102e58811218e1c5dd33ca
  custom:scripting/monoscript/fileName/AssetId.cs: 72051ac5858b603f67e79ad23943c39b -> a1ea614044a0829b1144b92d44d7bdbc
  custom:scripting/monoscript/fileName/ProbuilderMoveTool.cs: 0bc95615dcf63b5cbaf368eee6b40041 -> 0d4afed4ce21a6d48fd4739c49092194
  custom:scripting/monoscript/fileName/Lightmapping.cs: 729d5176389c7d55a1cea260e00908f3 -> b6f4ed35c1cea0f87578bf70c4ae8962
  custom:scripting/monoscript/fileName/TriangulationDebugContext.cs: 87fbe3212c108a097e48e0b9075b23af -> becd153078a4add97a1ccdeef8966064
  custom:scripting/monoscript/fileName/SharedVertex.cs: 9680b52997af34358e173ceeda08f072 -> 5102ddb8d2e8a0a19e58a9e9f4bc9380
  custom:scripting/monoscript/fileName/TMP_SerializedPropertyHolder.cs: 99e5dbc1fa1abe750acc8166e4243be8 -> 9860586610cb3d91ae7f4ce33ab22d0b
  custom:scripting/monoscript/fileName/CutTool.cs: e6300f07efa58b123cc9c4077043e15d -> 3a8150d779215dd32fb1063fed27d140
  custom:scripting/monoscript/fileName/RaycastHit.cs: 9675f1dd2c2a246ff2b48ea6c764f6ab -> e6010eda614e0c2e9143a1b5e5ca7a3e
  custom:scripting/monoscript/fileName/MenuActionShortcutAttribute.cs: 8ee1e1f0f987fedec31fbb0f30bf1447 -> 1f77266708d4eb2e88b379ea95d28a89
  custom:scripting/monoscript/fileName/MenuOption.cs: ec547da010b1f775387dac0d6dfc2379 -> 707688870f14f2a3b47b84564d682116
  custom:scripting/monoscript/fileName/ToggleDragRectMode.cs: a6f38316b8f4d3d28669b3b66d64c405 -> b3081d16943219892565319791527824
  custom:scripting/monoscript/fileName/Normals.cs: 2fceabbe4457a8c2cd17103527fc3999 -> 854a9db6009ce4e4e1a5a6a1429ae3a9
  custom:scripting/monoscript/fileName/TMP_SpriteAssetEditor.cs: 8a42af05e85c0eed4128787976375b45 -> 7dcaf47692799a91aa4e5cd439bc54d0
  custom:scripting/monoscript/fileName/TMP_ListPool.cs: 90647cc400823b41df847a6cbfc29026 -> 8f6297df34271fdb1ce2d9607ec6261d
  custom:scripting/monoscript/fileName/ShapeState_InitShape.cs: ecc7de96dd0c9d79cb24f533500a9905 -> 2fa1a3b73afeeeee81eae401c7606511
  custom:scripting/monoscript/fileName/TMP_SpriteCharacterPropertyDrawer.cs: 14565b4e4f9266584dc3194fd967d252 -> 63186d320ccdf4dfa06fbce4e897d3f3
  custom:scripting/monoscript/fileName/SplitVertices.cs: 30ce1208e3cd3ede28dd939c947c561b -> 618078c7e88b5acc189bcd729695f46c
  custom:scripting/monoscript/fileName/EditorGUILayout.cs: af6b60ff05c0a0b5e8b12b58eeee0a3d -> 36777319bd90832c88f578235414dff5
  custom:scripting/monoscript/fileName/ActionResult.cs: 878c00c54fb54c01804190a9d0655ed4 -> 0d60f69bc5e2fca2ac443cde22d11e3e
  custom:scripting/monoscript/fileName/ToggleHandleOrientation.cs: ff423b63e0ebde3f2c92755b6b7ee322 -> 71c78fd74ab7b833d0e267e5c3711105
  custom:scripting/monoscript/fileName/EditorSnapping.cs: df92563ba70f0b4fd00aaa62e5c8ce20 -> 4a87eff127e8d7fbb8723dbf79961300
  custom:scripting/monoscript/fileName/Polygon.cs: 5ac035759c9f8a76e3cbcd97006ade55 -> 4745c5bc7736972bec4ed0e009b03670
  custom:scripting/monoscript/fileName/TMP_BitmapShaderGUI.cs: 2ce3ac811452d1d6d82e565157cac3e2 -> ef806c32b355e8831ed4eb3f5e3400ff
  custom:scripting/monoscript/fileName/MaterialPalette.cs: 6eec2d59c4da6a8a8bfa6297b1bcc8a2 -> 4f05212f130961d08f1275198f3775b2
  custom:scripting/monoscript/fileName/TMP_ColorGradientAssetMenu.cs: 83563be632f8167fcdca7878d36901f9 -> 79ee3689ecabb3de162f43faa3b27adc
  custom:scripting/monoscript/fileName/KdTree.cs: fa1071bf87824d896f817aa60401970b -> a7ae47651017042dc98f27ecf5bc804b
  custom:scripting/monoscript/fileName/UndoUtility.cs: 01e71ce5a533c75551e0a685057d1f5a -> 699a87849619a15bc7d40c3f03f5d21a
  custom:scripting/monoscript/fileName/BevelEdges.cs: 900660c27c5ca8704eace46fcb229e08 -> 64819a0d909bce6850d147d97c08eb3b
  custom:scripting/monoscript/fileName/TextureScaleTool.cs: ada73f928df57eed2635e39d4b904480 -> e8fef69b6ba33a1320f4edf24d19eafa
  custom:scripting/monoscript/fileName/Normal.cs: 8aabbd74ea5a1bafd9f9f458ee31f0ea -> 4565256c89908ad68384ccab8dde842c
  custom:scripting/monoscript/fileName/MaterialReferenceManager.cs: c970e86594a0f568cbda548f2d4462c1 -> eaedc912311d98c6b58e199f6250c848
  custom:scripting/monoscript/fileName/DropdownOptionListDrawer.cs: 4362475bc384312c771d88865ee2f40d -> 342ee3f9c806e60b189c02609042c492
  custom:scripting/monoscript/fileName/WingedEdge.cs: 4d875b987a0abf3c39f7fbca07295966 -> ece2c29cf92323892f2f676ae0ab5f8e
  custom:scripting/monoscript/fileName/PolygonPoint.cs: 5deffe9741b5d71ba54cbaa302167698 -> 175ce7411af6a4d40df44407895d65c7
  custom:scripting/monoscript/fileName/TMP_Character.cs: 015720458ea991fbf07357eae19532db -> 2bff3626198e4d2228876f1e687078e0
  custom:scripting/monoscript/fileName/SelectEdgeLoop.cs: 2335c8d843b8886988200cdd4d6db849 -> c8e14bb119a739eacf384c2ee94cfa4f
  custom:scripting/monoscript/fileName/DimensionsEditor.cs: ec4125bca3b24bfc179b302c1fca5bf2 -> b091bdfa64b173b75503f27592f41570
  custom:scripting/monoscript/fileName/PointGenerator.cs: a1aa7e0803f517e32a9376a405ccf247 -> b0e9595f95e2dc5a9cba5384c6c111d4
  custom:scripting/monoscript/fileName/MeshDebugTool.cs: 37611c9d109cb7f09200abdfa0dae3d7 -> a132f077546caca746258de594424fa7
  custom:scripting/monoscript/fileName/OpenUVEditor.cs: cb3d61ee3cb3d622ab4668fb4c46395b -> b3e0347f921eaa1aed80e7d94dbad98e
  custom:scripting/monoscript/fileName/Pref.cs: 90647cc400823b41df847a6cbfc29026 -> 8f6297df34271fdb1ce2d9607ec6261d
  custom:scripting/monoscript/fileName/ITextPreProcessor.cs: a7aa94de5d5bfce2bdd74516315faaf2 -> 28ed6b2ca482997555fb0291bd20c40d
  custom:scripting/monoscript/fileName/SelectionPicker.cs: 0497fef85e2b96a812879276bdcae9cf -> c921a310dd07cf55e480e808cffb67df
  custom:scripting/monoscript/fileName/ExtrudeEdges.cs: ddb56ecccd06d064cce30e8ec94c3a24 -> 19e260fff6c055728a0721c6c286ef57
  custom:scripting/monoscript/fileName/TypeMath.cs: 90647cc400823b41df847a6cbfc29026 -> 8f6297df34271fdb1ce2d9607ec6261d
  custom:scripting/monoscript/fileName/Torus.cs: 80ba092579159f0ee10eed09283f5118 -> 5f68a512dd3143e54e2414447c81ccce
  custom:scripting/monoscript/fileName/DeleteFaces.cs: 6b563d42d9e83bc675dc19702c968415 -> e1be94c0b7147b4ca322ce14b5886538
  custom:scripting/monoscript/fileName/TMP_GlyphPropertyDrawer.cs: 56b500a16a5c8f635a7bfdd702279864 -> 75006bca208b32d4fc4710404c538acf
  custom:scripting/monoscript/fileName/ProBuilderMeshEditor.cs: 409e7369087b8f191734315fac6dc594 -> ba7cea26e2ee054ce54afeda55e2acbf
  custom:scripting/monoscript/fileName/MainToolbar.cs: 162e661b90bc0601e328b0d9c9a85d04 -> 79e78de572e97d829048a28a265ce89f
  custom:scripting/monoscript/fileName/TMP_SubMesh.cs: 9fd75270af40187985e5c14cc85ebe42 -> ff760a824537d48706351b95c8d4be21
  custom:framework-osx-AVFoundation: e770b220cccbd017edd2c1fefb359320 -> 
  custom:scripting/monoscript/fileName/NewShapeToggle.cs: 5f15e27392c39392c01d85b37192a28d -> 22e82395ce6e7dd83b0ee49932a6239e
  custom:scripting/monoscript/fileName/ConformObjectNormals.cs: ea6076ebe43da4b8ba6bcf8b94771359 -> 4237fecfa7cb9083988c803cf9294e58
  custom:scripting/monoscript/fileName/EditorGUIUtility.cs: 6cbafc8575de9d68c30b4fb135d63bfe -> f3bd9b8b5b6ca69dd3a4b5b66ce54864
  custom:scripting/monoscript/fileName/PolyShapeEditor.cs: fe3b7706705ed3c4dd84e573dcfcf6ed -> 2a86b654592bc26e694909cf5af65305
  custom:scripting/monoscript/fileName/InsertEdgeLoop.cs: 79633fa178da92a5c6294668ef444484 -> 2ae8d1c474b26256ab945d0d24356ef4
  custom:scripting/monoscript/fileName/TMP_SpriteGlyph.cs: cb4cdca5a4c6415e4f27ee5280164c41 -> 52a9bbe662618c4a5697bdefcba63d59
  custom:scripting/monoscript/fileName/SetCollider.cs: eae49933455a2c9b95713257135e4d8f -> cc3abb7dddeab450901f477ce95c40d0
  custom:scripting/monoscript/fileName/VertexManipulationToolSettings.cs: c46b46378b08a08e84560f649870b305 -> 98d6d07bac1309b24551406f82682144
  custom:scripting/monoscript/fileName/TMP_CharacterPropertyDrawer.cs: ddc6f8909fdac3de9238e9b86e411c3e -> 0fc1d1caf2f580e74b2224e6797250e4
  custom:scripting/monoscript/fileName/BezierShape.cs: b5801eb32f53d6731ef1dbd52394d0d7 -> 492afc0ee5d42c626ea1b854fe143d38
  custom:scripting/monoscript/fileName/EditorSceneViewPicker.cs: 13df4fde3106db2f1cf39c7820e34ef1 -> eb67d7fdef944856bd1331ac0db3e899
  custom:scripting/monoscript/fileName/QuadUtility.cs: f80c36f8b1183a738f2c4f7fa2ab27d9 -> adb8691cdbca3794813626448d418031
  custom:scripting/monoscript/fileName/Changelog.cs: 796ad3f3a5d8532b75e1fde95ea4a6fe -> 1122e49c3fdebdba4214b6f13d0abe53
  custom:scripting/monoscript/fileName/TMPro_EditorShaderUtilities.cs: f4cbef9348a73d49f1efb8d10ff07bf0 -> 1203fb3feabf58cb81d888055364f838
  custom:scripting/monoscript/fileName/TMP_FontAssetEditor.cs: e359b61135381f6b1d7b8c7e97a930f3 -> ff94a59ea0ba0aa81aa8a7f307f2efd3
  custom:scripting/monoscript/fileName/pb_Stl_Importer.cs: d65407d7fe02c27f450e320f523317a6 -> ce59d2e546360b5ddadc9d3acb103aaf
  custom:scripting/monoscript/fileName/KdTreeNode.cs: 90647cc400823b41df847a6cbfc29026 -> 8f6297df34271fdb1ce2d9607ec6261d
  custom:scripting/monoscript/fileName/AdvancingFrontNode.cs: 03e5d4b9222c4095e8449306398434f5 -> be7e972b9ebcf3f33ade1e8d7b8fe2a2
  custom:scripting/monoscript/fileName/InternalMeshUtility.cs: 47e64566b64f31667f3ecd22aea855bd -> 0de5a64e33f4d323f20840f87d91eac0
  custom:scripting/monoscript/fileName/TMP_FontAsset_CreationMenu.cs: 1c5caeb31a0df734411a201aca87cb03 -> 18345b423cea91a35f20f73f48aee7e1
  custom:scripting/monoscript/fileName/ITypeMath.cs: 90647cc400823b41df847a6cbfc29026 -> 8f6297df34271fdb1ce2d9607ec6261d
  custom:scripting/monoscript/fileName/ProBuilderize.cs: 006fb89e624c26dbea4b2af78139477c -> b6e77a89ac28a6cbd8f1723f941fdb1b
  custom:scripting/monoscript/fileName/ToggleXRay.cs: 2beaa89293af925965c361a628716eab -> 66d092c0bea39a1303fa5c233fd26486
  custom:scripting/monoscript/fileName/PolyShape.cs: 68d98358b4f6d4a567396bfd2d8fb6a8 -> b90e7a66031592bbe404809c789b99dc
  custom:scripting/monoscript/fileName/Subdivision.cs: 2d3ed2728b5e862f0b20dccff60f596a -> 4214f7e3c186352799919f680c300ab9
  custom:scripting/monoscript/fileName/pb_ObjectArray.cs: 23d64ec5390756f20b8935c6d27ae727 -> d439f54f1103ffdcf066b930ef0ed002
  custom:scripting/monoscript/fileName/ProGridsIgnoreSnap.cs: a6e9a46f7d1ca1bca90f5934e2b8f31e -> 17b54a171d61eb9640a0177ff9a66582
  custom:scripting/monoscript/fileName/TMP_CoroutineTween.cs: 76849b8d6d4ce499ad8ffee762e4a4af -> d4d869f6662b40274a62453f83c8a425
  custom:scripting/monoscript/fileName/SelectFaceLoop.cs: 41e1c4627a230cc32925e760a4ea1602 -> 2fb1c9710c6290c12316023624118d04
  custom:scripting/monoscript/fileName/ColliderBehaviour.cs: facc1ae2f42419fa1146003334c8bf66 -> d451213d21d47b74c407263f33a03ef8
  custom:scripting/monoscript/fileName/DeleteElements.cs: 4c13bc6aa328361166e449ea1ebb36f9 -> cf9b14012964b37f66698ee9c47500c7
  custom:scripting/monoscript/fileName/LicenseEditor.cs: 63763a27e13858a79a8d582236d3aff4 -> ee245f6e173f0d7c8e571bfc7220c407
  custom:scripting/monoscript/fileName/TMP_ScrollbarEventHandler.cs: c015e39b5a3f1a14518ce039f30e10af -> 55de10d862075cd935d8381c309f39e0
  custom:scripting/monoscript/fileName/GlyphMetricsPropertyDrawer.cs: 438b07e6eae795dab04c32f51ac4e752 -> dd0833870bcea17556e6d67c750c6ffc
  custom:scripting/monoscript/fileName/SelectPathFaces.cs: 80c6b565b5df1b6163de14f2f5623788 -> 956e5d9a52c910e4b588c354acd25c57
  custom:scripting/monoscript/fileName/Triangulation.cs: 09054241e6b66b6bff40ad35686c73c1 -> 1e8fcc43754c28019feda244e426966f
  custom:scripting/monoscript/fileName/TMP_ObjectPool.cs: 90647cc400823b41df847a6cbfc29026 -> 8f6297df34271fdb1ce2d9607ec6261d
  custom:scripting/monoscript/fileName/Node.cs: 291859575cb9c6e25dde80dbcd31fe5f -> 8234dc34b4b50e44a11739a21fc7dbb0
  custom:scripting/monoscript/fileName/EditorMaterialUtility.cs: b048d9073a287734afa3e8a672786fb9 -> 84a70b59d1d63e712f67e813ba36d7ae
  custom:scripting/monoscript/fileName/MergeFaces.cs: f0a7123f95ff8b6d8a9b42653a9c0700 -> 478bd082b921878c0faa5fbd914f4623
  custom:scripting/monoscript/fileName/OpenVertexPositionEditor.cs: 8383d3bdff3fd2a102f368cd27c823e5 -> 1c2587ac934db4dcbc17554a467f1939
  custom:scripting/monoscript/fileName/TMP_SpriteAnimator.cs: bf3a797c3a059d3698e93e0031d7f11c -> 126f1482d1430ed8648c2a6d8d693c6d
  custom:scripting/monoscript/fileName/Door.cs: 01c9614e23978f328b71d053948f991a -> cebbdc7207e599ec2335d015d5c88709
  custom:scripting/monoscript/fileName/TMP_FontAssetUtilities.cs: 5b7a9bc9c5c56e3cb5ccc808a2bdd9e4 -> d84a52975d941e769af4ae15b3aaa211
  custom:scripting/monoscript/fileName/VertexEditing.cs: cb46c69b687fb75b59e3367415afaff1 -> 48fa141f1142ca37a0a888ca67e8ef34
  custom:scripting/monoscript/fileName/CombineMeshes.cs: a9ce7a0bc7639b0c1010471275dc600c -> e57faaa9d1f04fee988363e931293786
  custom:scripting/monoscript/fileName/ShapeState.cs: 3749e2c667cecc0f702ff706b018e886 -> e988bef49163d375955329bc9ae0456e
  custom:scripting/monoscript/fileName/PolygonGenerator.cs: 2aafe12f9c6b9da7c8245101147d5dd8 -> fa18afe7d5bd64c8cff6760ef14f2100
  custom:scripting/monoscript/fileName/BezierSplineEditor.cs: 3ad6df2b7420af9029add9cd3b037737 -> f5eedf610dd8f3757db29bab55565da5
  custom:scripting/monoscript/fileName/SelectLoop.cs: 03ac0ad9679c503b1c8b7fe6c371f29c -> 5d42efd8d6620a332d218c45d18a3cd9
  custom:scripting/monoscript/fileName/AutoUnwrapSettings.cs: 505c9e8ec7abeb42e5de8a57e4ff3803 -> 015a471b4dbdaa33489c4d36328c3beb
  custom:scripting/monoscript/fileName/PriorityQueue.cs: 0cdf409b5aa8d4c25876d72b5c6a3b60 -> a53f96815da50de15010b1c479bc70cf
  custom:scripting/monoscript/fileName/MaterialEditor.cs: f530beda68d4162ffebd1ab086eac73e -> acdbf38b336001cc3e985cb342226383
  custom:scripting/monoscript/fileName/Sphere.cs: fc1a890637c16d42bea0288fac0d32cf -> c1a44c6d944741157e928ad0402333e8
  custom:container-muxer-webm: aa71ff27fc2769a1b78a27578f13a17b -> 
  custom:scripting/monoscript/fileName/TMP_TextProcessingStack.cs: 6146dd1b7f9b90aa342ef9794e387c23 -> ef8795fce16f80562f220a2f8bcb6bd2
  custom:scripting/monoscript/fileName/ProBuilderToolManager.cs: b1a465d81a664e6bb35ec8ea83bc4b74 -> efac8a6290fba659fcd8fd21e95506fd
  custom:scripting/monoscript/fileName/VertexPositioning.cs: 72fdeca4b408d9862267b32f667e1074 -> 8173a895fcb8b6774e5176bb1cf53649
  custom:scripting/monoscript/fileName/MeshImporter.cs: bf784b146e3ce8404151198f5cf6434d -> c065f89f4f1bc987d93f1b4ab6189570
  custom:scripting/monoscript/fileName/MeshAndElementSelection.cs: a24a0934fd2aa12cf7e44f99f89ac69e -> ffd56092cae22dd65182d760efae6efd
  custom:scripting/monoscript/fileName/ColorPalette.cs: 1c1b41242ba5ca26499c5f401ccf2446 -> 723bc1c0e0d6b918dfcc308382ccd0a8
  custom:scripting/monoscript/fileName/Sprite.cs: feaf383831c6d8dc30fd1ee62a194252 -> 68532d2c61f6c3b62602737162a2ec1d
  custom:scripting/monoscript/fileName/VectorHash.cs: 73efb1b59aa72f6931fc7c991c4eeae6 -> 0ac05caaee9071a92351b076db254b0e
  custom:scripting/monoscript/fileName/TMP_InputValidator.cs: 5e0d679d98dae60baa87977011e0ed51 -> e99335724872b7fcd0e5352c682debe0
  custom:scripting/monoscript/fileName/ObjExporter.cs: c82ccdbcc64a076a13c2f8aab8afbc5a -> f76ea5992fc1638cd329a47af7421ff2
  custom:scripting/monoscript/fileName/VertexManipulationTool.cs: 285f01fa4b22517173c175fb8dc94e60 -> 6c9885d0c0ce7e91ada99245859b6282
  custom:scripting/monoscript/fileName/VertexUtility.cs: 052e4b725d8884d92d676e6d212b34e9 -> d0165786e6cc9eb484d7ca11d8521f29
  custom:scripting/monoscript/fileName/NewBezierShape.cs: 2b4083186ccd0d651beb42f17f850f7e -> 55ed07965ee19ea782befd50d4e70796
  custom:scripting/monoscript/fileName/TMP_DefaultControls.cs: 2673e29173eb9307fa53ee17c15332ed -> 1798ee96b3c83cf7d4cea690bb04976a
  custom:scripting/monoscript/fileName/TMP_UIStyleManager.cs: 66d96f3fa9ea14a5a6ed3f92d3bbe0f1 -> f54fffa86b286da3a3329c601ca8d03e
  custom:scripting/monoscript/fileName/FlipFaceNormals.cs: b425fafc3a8e4b16ac0ff7feea8fc66b -> 05ee004a25fc472818454f533c58d44a
  custom:scripting/monoscript/fileName/TMP_SelectionCaret.cs: d2a06fefe973175bffa10d62f788c481 -> ed141b1915a10b9c7ff9136666b54ee9
  custom:scripting/monoscript/fileName/AssetIdRemapEditor.cs: c3f34756c8a6598c4cf15f5e847bf414 -> b101c0148ed87c9402e1b92e19874e20
  custom:scripting/monoscript/fileName/EditorToolsContexts.cs: 2d17066c287657c5db318975da74e7af -> 6cd5542a801a031fe071267d10480b9d
  custom:scripting/monoscript/fileName/TriangulateObject.cs: 552194489d8ee542e612ed9b3681ec44 -> 748d938029092e3170c8c658591a67d5
  custom:scripting/monoscript/fileName/DoubleMath.cs: d3a713d6df919a256ea9b090c3b84b43 -> 14977dd02f104c4ff8b45a4a5479c978
  custom:scripting/monoscript/fileName/ProBuilderSettingsProvider.cs: 31c7f11630ae278eb11b8b1b3b44c0ad -> 13beb7e19435cf9f346fa945eea48a58
  custom:scripting/monoscript/fileName/AdvancingFront.cs: ba4e7f8c74fb24a84261ff39b2535119 -> 9f3ce40a422fb6016a318c8ee109c89b
  custom:scripting/monoscript/fileName/Version.cs: 2140673570cb0dbe2b0365f572525f99 -> f0b9c4d54aef1e586fc652cfdc620f4c
  custom:scripting/monoscript/fileName/CollapseVertices.cs: b8f4877fb9cdb02e00dd9b33b403fa7c -> dc3e1016a661dce32e47367904825a91
  custom:scripting/monoscript/fileName/ObjectPool.cs: 90647cc400823b41df847a6cbfc29026 -> 8f6297df34271fdb1ce2d9607ec6261d
========================================================================
Received Import Request.
  Time since last request: 191.615154 seconds.
  path: Assets/Classic FPS/Third-Party Notices.txt
  artifactKey: Guid(52615e67ee2b26c4d8e8d495b7e14168) Importer(2089858483,0ecaa5967403d082aa24f35e1b516d23)
Start importing Assets/Classic FPS/Third-Party Notices.txt using Guid(52615e67ee2b26c4d8e8d495b7e14168) Importer(2089858483,0ecaa5967403d082aa24f35e1b516d23)  -> (artifact id: 'cfec2fa45ed4492608d061c5c40f517f') in 0.211090 seconds
Number of updated asset objects reloaded before import = 0
Number of asset objects unloaded after import = 1
========================================================================
Received Import Request.
  Time since last request: 0.000054 seconds.
  path: Assets/Classic FPS/Graphics/UI_Button.png
  artifactKey: Guid(fcd9655b3aeadcf42bc955fa5b7fe737) Importer(2089858483,0ecaa5967403d082aa24f35e1b516d23)
Start importing Assets/Classic FPS/Graphics/UI_Button.png using Guid(fcd9655b3aeadcf42bc955fa5b7fe737) Importer(2089858483,0ecaa5967403d082aa24f35e1b516d23)  -> (artifact id: 'ea74cc55ed55154136c4bb1e4c986136') in 0.194868 seconds
Number of updated asset objects reloaded before import = 0
Number of asset objects unloaded after import = 3
========================================================================
Received Import Request.
  Time since last request: 0.000187 seconds.
  path: Assets/Classic FPS/Attribute/SuffixAttribute.cs
  artifactKey: Guid(a1e0ccc878b2bfd49bb75edbfdda1916) Importer(2089858483,0ecaa5967403d082aa24f35e1b516d23)
Start importing Assets/Classic FPS/Attribute/SuffixAttribute.cs using Guid(a1e0ccc878b2bfd49bb75edbfdda1916) Importer(2089858483,0ecaa5967403d082aa24f35e1b516d23)  -> (artifact id: '3df6ed201be79fdc1690c4c66fafd9d8') in 0.004865 seconds
Number of updated asset objects reloaded before import = 0
Number of asset objects unloaded after import = 1
========================================================================
Received Import Request.
  Time since last request: 0.000073 seconds.
  path: Assets/Classic FPS/Audio/Player_Death.wav
  artifactKey: Guid(c197edb9882998342867544817227e32) Importer(2089858483,0ecaa5967403d082aa24f35e1b516d23)
Start importing Assets/Classic FPS/Audio/Player_Death.wav using Guid(c197edb9882998342867544817227e32) Importer(2089858483,0ecaa5967403d082aa24f35e1b516d23)  -> (artifact id: '74d9a2297cc8d82844a6bb42caba7060') in 0.042134 seconds
Number of updated asset objects reloaded before import = 0
Number of asset objects unloaded after import = 1
========================================================================
Received Import Request.
  Time since last request: 0.000062 seconds.
  path: Assets/Classic FPS/Attribute/LineAttribute.cs
  artifactKey: Guid(e2fa3464deca351438194f3ec36322c7) Importer(2089858483,0ecaa5967403d082aa24f35e1b516d23)
Start importing Assets/Classic FPS/Attribute/LineAttribute.cs using Guid(e2fa3464deca351438194f3ec36322c7) Importer(2089858483,0ecaa5967403d082aa24f35e1b516d23)  -> (artifact id: '304e86f7a95efdb788a0a23d20d56fee') in 0.003160 seconds
Number of updated asset objects reloaded before import = 0
Number of asset objects unloaded after import = 1
========================================================================
Received Import Request.
  Time since last request: 0.000038 seconds.
  path: Assets/Classic FPS/Graphics/UI_White.png
  artifactKey: Guid(5d37be9f459e6b64ebb3ae74fde72a31) Importer(2089858483,0ecaa5967403d082aa24f35e1b516d23)
Start importing Assets/Classic FPS/Graphics/UI_White.png using Guid(5d37be9f459e6b64ebb3ae74fde72a31) Importer(2089858483,0ecaa5967403d082aa24f35e1b516d23)  -> (artifact id: 'e389b74bdd4c9fdeba1916f918cbe6a8') in 0.013421 seconds
Number of updated asset objects reloaded before import = 0
Number of asset objects unloaded after import = 3
========================================================================
Received Import Request.
  Time since last request: 0.000047 seconds.
  path: Assets/Classic FPS/Scripts/ProceduralAnimation.cs
  artifactKey: Guid(059026e92ec38a84a84cf9e1bdbc9459) Importer(2089858483,0ecaa5967403d082aa24f35e1b516d23)
Start importing Assets/Classic FPS/Scripts/ProceduralAnimation.cs using Guid(059026e92ec38a84a84cf9e1bdbc9459) Importer(2089858483,0ecaa5967403d082aa24f35e1b516d23)  -> (artifact id: 'a4c3548e83bd0ea9c9e1608adc8d082c') in 0.004570 seconds
Number of updated asset objects reloaded before import = 0
Number of asset objects unloaded after import = 2
========================================================================
Received Import Request.
  Time since last request: 0.000085 seconds.
  path: Assets/Classic FPS/Editor/BetaDownloader.cs
  artifactKey: Guid(e99d37740fd60cc48bc6323f4568b714) Importer(2089858483,0ecaa5967403d082aa24f35e1b516d23)
Start importing Assets/Classic FPS/Editor/BetaDownloader.cs using Guid(e99d37740fd60cc48bc6323f4568b714) Importer(2089858483,0ecaa5967403d082aa24f35e1b516d23)  -> (artifact id: '190135f79a2c85798650144a18745e1e') in 0.005292 seconds
Number of updated asset objects reloaded before import = 0
Number of asset objects unloaded after import = 1
========================================================================
Received Import Request.
  Time since last request: 0.000037 seconds.
  path: Assets/Classic FPS/Resources/Localization.asset
  artifactKey: Guid(a69db4d60cf1eaa41a3dcaacd3250192) Importer(2089858483,0ecaa5967403d082aa24f35e1b516d23)
Start importing Assets/Classic FPS/Resources/Localization.asset using Guid(a69db4d60cf1eaa41a3dcaacd3250192) Importer(2089858483,0ecaa5967403d082aa24f35e1b516d23)  -> (artifact id: '2b52df65b8e18a86a5675c7e64d39ccd') in 0.044581 seconds
Number of updated asset objects reloaded before import = 0
Number of asset objects unloaded after import = 1
========================================================================
Received Import Request.
  Time since last request: 0.000126 seconds.
  path: Assets/Classic FPS/Resources/LocalizationEnum.cs
  artifactKey: Guid(d87f66b6b0afa504ea40acae2c038266) Importer(2089858483,0ecaa5967403d082aa24f35e1b516d23)
Start importing Assets/Classic FPS/Resources/LocalizationEnum.cs using Guid(d87f66b6b0afa504ea40acae2c038266) Importer(2089858483,0ecaa5967403d082aa24f35e1b516d23)  -> (artifact id: '788a127584bc636651dae6c19bbab341') in 0.002912 seconds
Number of updated asset objects reloaded before import = 0
Number of asset objects unloaded after import = 1
========================================================================
Received Import Request.
  Time since last request: 0.000140 seconds.
  path: Assets/Classic FPS/Post Processing/High_Post_Processing.asset
  artifactKey: Guid(11936e6d7a42c5a43a3ea3ad5a5afa50) Importer(2089858483,0ecaa5967403d082aa24f35e1b516d23)
Start importing Assets/Classic FPS/Post Processing/High_Post_Processing.asset using Guid(11936e6d7a42c5a43a3ea3ad5a5afa50) Importer(2089858483,0ecaa5967403d082aa24f35e1b516d23)  -> (artifact id: 'f68f977821e1e2435ddc83514f0aa3b8') in 0.043122 seconds
Number of updated asset objects reloaded before import = 0
Number of asset objects unloaded after import = 11
========================================================================
Received Import Request.
  Time since last request: 0.000042 seconds.
  path: Assets/Classic FPS/Graphics/BulletHole.png
  artifactKey: Guid(07992406b9144f04b80df3a92aad1d9a) Importer(2089858483,0ecaa5967403d082aa24f35e1b516d23)
Start importing Assets/Classic FPS/Graphics/BulletHole.png using Guid(07992406b9144f04b80df3a92aad1d9a) Importer(2089858483,0ecaa5967403d082aa24f35e1b516d23)  -> (artifact id: 'c845a53f0d30c99ce956ebfc94b6e9e7') in 0.010347 seconds
Number of updated asset objects reloaded before import = 0
Number of asset objects unloaded after import = 3
========================================================================
Received Import Request.
  Time since last request: 0.000040 seconds.
  path: Assets/Classic FPS/Resources/Ability.asset
  artifactKey: Guid(c0131c07b700f1243b715caf6f8cfc55) Importer(2089858483,0ecaa5967403d082aa24f35e1b516d23)
Start importing Assets/Classic FPS/Resources/Ability.asset using Guid(c0131c07b700f1243b715caf6f8cfc55) Importer(2089858483,0ecaa5967403d082aa24f35e1b516d23)  -> (artifact id: '7b42707b1582b65c27181d3674ea2269') in 0.034523 seconds
Number of updated asset objects reloaded before import = 0
Number of asset objects unloaded after import = 62
========================================================================
Received Import Request.
  Time since last request: 0.000106 seconds.
  path: Assets/Classic FPS/Attribute/TinyDebug.cs
  artifactKey: Guid(903819291ca2cb64a9e53dd0de2c6a4a) Importer(2089858483,0ecaa5967403d082aa24f35e1b516d23)
Start importing Assets/Classic FPS/Attribute/TinyDebug.cs using Guid(903819291ca2cb64a9e53dd0de2c6a4a) Importer(2089858483,0ecaa5967403d082aa24f35e1b516d23)  -> (artifact id: 'dfbe59a2e08fdceb1f3388cd1c7cc24d') in 0.002800 seconds
Number of updated asset objects reloaded before import = 0
Number of asset objects unloaded after import = 1
========================================================================
Received Import Request.
  Time since last request: 0.000085 seconds.
  path: Assets/Classic FPS/Input/CustomComposite.cs
  artifactKey: Guid(51abe6d0f685306419327a8c0ed5b8f8) Importer(2089858483,0ecaa5967403d082aa24f35e1b516d23)
Start importing Assets/Classic FPS/Input/CustomComposite.cs using Guid(51abe6d0f685306419327a8c0ed5b8f8) Importer(2089858483,0ecaa5967403d082aa24f35e1b516d23)  -> (artifact id: '9bad0162896e478a5a4e15bfcab958df') in 0.002982 seconds
Number of updated asset objects reloaded before import = 0
Number of asset objects unloaded after import = 1
========================================================================
Received Import Request.
  Time since last request: 0.000082 seconds.
  path: Assets/Classic FPS/Materials/HB_Defualt.mat
  artifactKey: Guid(331c2b072a9c7b746b116b4f112cec00) Importer(2089858483,0ecaa5967403d082aa24f35e1b516d23)
Start importing Assets/Classic FPS/Materials/HB_Defualt.mat using Guid(331c2b072a9c7b746b116b4f112cec00) Importer(2089858483,0ecaa5967403d082aa24f35e1b516d23)  -> (artifact id: '2ae35167211c22a8e2ca8b0b8d2f73d8') in 0.221433 seconds
Number of updated asset objects reloaded before import = 0
Number of asset objects unloaded after import = 1
========================================================================
Received Import Request.
  Time since last request: 0.000114 seconds.
  path: Assets/Classic FPS/Post Processing/Only_AO_Test.asset
  artifactKey: Guid(0fa11e9465dde064785481e6fd481ec1) Importer(2089858483,0ecaa5967403d082aa24f35e1b516d23)
Start importing Assets/Classic FPS/Post Processing/Only_AO_Test.asset using Guid(0fa11e9465dde064785481e6fd481ec1) Importer(2089858483,0ecaa5967403d082aa24f35e1b516d23)  -> (artifact id: 'e057aa670a4c598596f301ac9be416be') in 0.005545 seconds
Number of updated asset objects reloaded before import = 0
Number of asset objects unloaded after import = 7
========================================================================
Received Import Request.
  Time since last request: 0.000122 seconds.
  path: Assets/Classic FPS/Scripts/TinyGUI.cs
  artifactKey: Guid(18197283cfa2194489ec18cc6c50dae5) Importer(2089858483,0ecaa5967403d082aa24f35e1b516d23)
Start importing Assets/Classic FPS/Scripts/TinyGUI.cs using Guid(18197283cfa2194489ec18cc6c50dae5) Importer(2089858483,0ecaa5967403d082aa24f35e1b516d23)  -> (artifact id: '58ea6693e9c80279a18ef2c6c9752dbc') in 0.005338 seconds
Number of updated asset objects reloaded before import = 0
Number of asset objects unloaded after import = 2
========================================================================
Received Import Request.
  Time since last request: 0.000099 seconds.
  path: Assets/TextMesh Pro/Documentation/TextMesh Pro User Guide 2016.pdf
  artifactKey: Guid(1b8d251f9af63b746bf2f7ffe00ebb9b) Importer(2089858483,0ecaa5967403d082aa24f35e1b516d23)
Start importing Assets/TextMesh Pro/Documentation/TextMesh Pro User Guide 2016.pdf using Guid(1b8d251f9af63b746bf2f7ffe00ebb9b) Importer(2089858483,0ecaa5967403d082aa24f35e1b516d23)  -> (artifact id: '742b47f0dafbeb10ed7530b237c8018c') in 0.002865 seconds
Number of updated asset objects reloaded before import = 0
Number of asset objects unloaded after import = 1
========================================================================
Received Import Request.
  Time since last request: 0.000085 seconds.
  path: Assets/Classic FPS/Resources/Game_Settings.asset
  artifactKey: Guid(d2fc44f72675446448da3a50f4c3d7ca) Importer(2089858483,0ecaa5967403d082aa24f35e1b516d23)
Start importing Assets/Classic FPS/Resources/Game_Settings.asset using Guid(d2fc44f72675446448da3a50f4c3d7ca) Importer(2089858483,0ecaa5967403d082aa24f35e1b516d23)  -> (artifact id: '047196d9dd85412822858900697e730f') in 0.009754 seconds
Number of updated asset objects reloaded before import = 0
Number of asset objects unloaded after import = 1
========================================================================
Received Import Request.
  Time since last request: 0.000058 seconds.
  path: Assets/Classic FPS/Attribute/ShowIfAttribute.cs
  artifactKey: Guid(3aba11c01267ddf4bacedc73473cec36) Importer(2089858483,0ecaa5967403d082aa24f35e1b516d23)
Start importing Assets/Classic FPS/Attribute/ShowIfAttribute.cs using Guid(3aba11c01267ddf4bacedc73473cec36) Importer(2089858483,0ecaa5967403d082aa24f35e1b516d23)  -> (artifact id: 'c970fd0fbfc031245e5231d593bcc0a2') in 0.002934 seconds
Number of updated asset objects reloaded before import = 0
Number of asset objects unloaded after import = 1
========================================================================
Received Import Request.
  Time since last request: 0.000139 seconds.
  path: Assets/Classic FPS/Prefabs/Bullet_Hole.prefab
  artifactKey: Guid(a8227fd0b748f28498d440bacffe08f6) Importer(2089858483,0ecaa5967403d082aa24f35e1b516d23)
Start importing Assets/Classic FPS/Prefabs/Bullet_Hole.prefab using Guid(a8227fd0b748f28498d440bacffe08f6) Importer(2089858483,0ecaa5967403d082aa24f35e1b516d23)  -> (artifact id: '2980dcfdeaabc5fabab0a7b33a3b02dd') in 0.022057 seconds
Number of updated asset objects reloaded before import = 0
Number of asset objects unloaded after import = 10
========================================================================
Received Import Request.
  Time since last request: 0.000063 seconds.
  path: Assets/Classic FPS/Scripts/AudioManager.cs
  artifactKey: Guid(579f98aafc4b00846b72945f3e74665b) Importer(2089858483,0ecaa5967403d082aa24f35e1b516d23)
Start importing Assets/Classic FPS/Scripts/AudioManager.cs using Guid(579f98aafc4b00846b72945f3e74665b) Importer(2089858483,0ecaa5967403d082aa24f35e1b516d23)  -> (artifact id: '827bb803e7642f68fe982a4af049bf45') in 0.004487 seconds
Number of updated asset objects reloaded before import = 0
Number of asset objects unloaded after import = 2
========================================================================
Received Import Request.
  Time since last request: 0.000085 seconds.
  path: Assets/Classic FPS/Prefabs/Explosion.prefab
  artifactKey: Guid(33861500b12e62940828a437cf7f0e2d) Importer(2089858483,0ecaa5967403d082aa24f35e1b516d23)
Start importing Assets/Classic FPS/Prefabs/Explosion.prefab using Guid(33861500b12e62940828a437cf7f0e2d) Importer(2089858483,0ecaa5967403d082aa24f35e1b516d23)  -> (artifact id: '44c1c2caac11576cc069dbed4a1f6256') in 0.054301 seconds
Number of updated asset objects reloaded before import = 0
Number of asset objects unloaded after import = 18
========================================================================
Received Import Request.
  Time since last request: 0.000057 seconds.
  path: Assets/TextMesh Pro/Fonts/LiberationSans.ttf
  artifactKey: Guid(e3265ab4bf004d28a9537516768c1c75) Importer(2089858483,0ecaa5967403d082aa24f35e1b516d23)
Start importing Assets/TextMesh Pro/Fonts/LiberationSans.ttf using Guid(e3265ab4bf004d28a9537516768c1c75) Importer(2089858483,0ecaa5967403d082aa24f35e1b516d23)  -> (artifact id: 'aae68dbdebac9b563b05d7cb2243633a') in 0.011690 seconds
Number of updated asset objects reloaded before import = 0
Number of asset objects unloaded after import = 3
========================================================================
Received Import Request.
  Time since last request: 0.000065 seconds.
  path: Assets/Classic FPS/Scripts/ExtensionMethods.cs
  artifactKey: Guid(ada3469c840cae144a8a41f4b5aadaae) Importer(2089858483,0ecaa5967403d082aa24f35e1b516d23)
Start importing Assets/Classic FPS/Scripts/ExtensionMethods.cs using Guid(ada3469c840cae144a8a41f4b5aadaae) Importer(2089858483,0ecaa5967403d082aa24f35e1b516d23)  -> (artifact id: '9ae598c419ffbe4befb650f1d8da507e') in 0.003339 seconds
Number of updated asset objects reloaded before import = 0
Number of asset objects unloaded after import = 2
========================================================================
Received Import Request.
  Time since last request: 0.000082 seconds.
  path: Assets/Classic FPS/Scripts/FaceCamera.cs
  artifactKey: Guid(504bdd5611ac2d247ad359b44bacf7bd) Importer(2089858483,0ecaa5967403d082aa24f35e1b516d23)
Start importing Assets/Classic FPS/Scripts/FaceCamera.cs using Guid(504bdd5611ac2d247ad359b44bacf7bd) Importer(2089858483,0ecaa5967403d082aa24f35e1b516d23)  -> (artifact id: '5314dac6c48932cd7ae1ebc51163ab96') in 0.003514 seconds
Number of updated asset objects reloaded before import = 0
Number of asset objects unloaded after import = 2
========================================================================
Received Import Request.
  Time since last request: 0.000092 seconds.
  path: Assets/Classic FPS/Scripts/HellishBattleFeedback.cs
  artifactKey: Guid(7c065538cbe07124d995f0669ff39b13) Importer(2089858483,0ecaa5967403d082aa24f35e1b516d23)
Start importing Assets/Classic FPS/Scripts/HellishBattleFeedback.cs using Guid(7c065538cbe07124d995f0669ff39b13) Importer(2089858483,0ecaa5967403d082aa24f35e1b516d23)  -> (artifact id: '6edc0505aaaee19ebbb4b9f297f519b4') in 0.005014 seconds
Number of updated asset objects reloaded before import = 0
Number of asset objects unloaded after import = 2
========================================================================
Received Import Request.
  Time since last request: 0.000057 seconds.
  path: Assets/Classic FPS/Scripts/DynamicBillboardChange.cs
  artifactKey: Guid(75f56a27ab1835f4898667758f3d7538) Importer(2089858483,0ecaa5967403d082aa24f35e1b516d23)
Start importing Assets/Classic FPS/Scripts/DynamicBillboardChange.cs using Guid(75f56a27ab1835f4898667758f3d7538) Importer(2089858483,0ecaa5967403d082aa24f35e1b516d23)  -> (artifact id: '9188878944c476c6db84708d7b3b740e') in 0.003487 seconds
Number of updated asset objects reloaded before import = 0
Number of asset objects unloaded after import = 2
========================================================================
Received Import Request.
  Time since last request: 0.000069 seconds.
  path: Assets/Classic FPS/Post Processing/Test_01.asset
  artifactKey: Guid(b17b92980e860184a8b8b3fbe8889d04) Importer(2089858483,0ecaa5967403d082aa24f35e1b516d23)
Start importing Assets/Classic FPS/Post Processing/Test_01.asset using Guid(b17b92980e860184a8b8b3fbe8889d04) Importer(2089858483,0ecaa5967403d082aa24f35e1b516d23)  -> (artifact id: 'b5e72d845efd6affb5f2d8f26f1dd135') in 0.025749 seconds
Number of updated asset objects reloaded before import = 0
Number of asset objects unloaded after import = 10
========================================================================
Received Import Request.
  Time since last request: 0.000160 seconds.
  path: Assets/Classic FPS/Resources/TinyInput.inputactions
  artifactKey: Guid(0b59ae89ea7b10c47973e8c46d779ce4) Importer(2089858483,0ecaa5967403d082aa24f35e1b516d23)
Start importing Assets/Classic FPS/Resources/TinyInput.inputactions using Guid(0b59ae89ea7b10c47973e8c46d779ce4) Importer(2089858483,0ecaa5967403d082aa24f35e1b516d23)  -> (artifact id: '3df76608368ee000c64ba93c778a8268') in 0.043857 seconds
Number of updated asset objects reloaded before import = 0
Number of asset objects unloaded after import = 31
========================================================================
Received Import Request.
  Time since last request: 0.000054 seconds.
  path: Assets/TextMesh Pro/Resources/LineBreaking Following Characters.txt
  artifactKey: Guid(fade42e8bc714b018fac513c043d323b) Importer(2089858483,0ecaa5967403d082aa24f35e1b516d23)
Start importing Assets/TextMesh Pro/Resources/LineBreaking Following Characters.txt using Guid(fade42e8bc714b018fac513c043d323b) Importer(2089858483,0ecaa5967403d082aa24f35e1b516d23)  -> (artifact id: 'e4e62cadad162ac971317535d819c8bc') in 0.002179 seconds
Number of updated asset objects reloaded before import = 0
Number of asset objects unloaded after import = 1
========================================================================
Received Import Request.
  Time since last request: 0.000180 seconds.
  path: Assets/Classic FPS/Graphics/Explosion_64.png
  artifactKey: Guid(ea085aac90367f44691531a3acd1154f) Importer(2089858483,0ecaa5967403d082aa24f35e1b516d23)
Start importing Assets/Classic FPS/Graphics/Explosion_64.png using Guid(ea085aac90367f44691531a3acd1154f) Importer(2089858483,0ecaa5967403d082aa24f35e1b516d23)  -> (artifact id: '399e7d4af889ff51b30276dbf78216f4') in 0.025118 seconds
Number of updated asset objects reloaded before import = 0
Number of asset objects unloaded after import = 14
========================================================================
Received Import Request.
  Time since last request: 0.000058 seconds.
  path: Assets/Classic FPS/Graphics/UI_Button_Pressed.png
  artifactKey: Guid(aab655521ca61aa43ac578775eca4aed) Importer(2089858483,0ecaa5967403d082aa24f35e1b516d23)
Start importing Assets/Classic FPS/Graphics/UI_Button_Pressed.png using Guid(aab655521ca61aa43ac578775eca4aed) Importer(2089858483,0ecaa5967403d082aa24f35e1b516d23)  -> (artifact id: '3ba12d15317930c6c3bdb5eefc7c508f') in 0.011498 seconds
Number of updated asset objects reloaded before import = 0
Number of asset objects unloaded after import = 3
========================================================================
Received Import Request.
  Time since last request: 0.000040 seconds.
  path: Assets/Classic FPS/Materials/HB_Defualt 1.mat
  artifactKey: Guid(25b72991a813c4a4297b9771474a3f20) Importer(2089858483,0ecaa5967403d082aa24f35e1b516d23)
Start importing Assets/Classic FPS/Materials/HB_Defualt 1.mat using Guid(25b72991a813c4a4297b9771474a3f20) Importer(2089858483,0ecaa5967403d082aa24f35e1b516d23)  -> (artifact id: '8f7fe6b9553e1ad0a90ad7e6d534f3d2') in 0.004656 seconds
Number of updated asset objects reloaded before import = 0
Number of asset objects unloaded after import = 1
========================================================================
Received Import Request.
  Time since last request: 0.000118 seconds.
  path: Assets/Classic FPS/Post Processing/Base_Low_PP.asset
  artifactKey: Guid(198f8ca73e51615458915cae765e8e18) Importer(2089858483,0ecaa5967403d082aa24f35e1b516d23)
Start importing Assets/Classic FPS/Post Processing/Base_Low_PP.asset using Guid(198f8ca73e51615458915cae765e8e18) Importer(2089858483,0ecaa5967403d082aa24f35e1b516d23)  -> (artifact id: '89ed2c52e73dadcecbc53be77ed55f67') in 0.002901 seconds
Number of updated asset objects reloaded before import = 0
Number of asset objects unloaded after import = 7
========================================================================
Received Import Request.
  Time since last request: 0.000831 seconds.
  path: Assets/Classic FPS/Scripts/DestroyAfter.cs
  artifactKey: Guid(1f863e07797f44444959278d1003ae6f) Importer(2089858483,0ecaa5967403d082aa24f35e1b516d23)
Start importing Assets/Classic FPS/Scripts/DestroyAfter.cs using Guid(1f863e07797f44444959278d1003ae6f) Importer(2089858483,0ecaa5967403d082aa24f35e1b516d23)  -> (artifact id: 'c14feb21babb947dbbb1971db1d649c1') in 0.003982 seconds
Number of updated asset objects reloaded before import = 0
Number of asset objects unloaded after import = 2
========================================================================
Received Import Request.
  Time since last request: 0.000053 seconds.
  path: Assets/Classic FPS/Scripts/TriggerEventDetector.cs
  artifactKey: Guid(9e9ffbda53aed354396ef482efbc85d9) Importer(2089858483,0ecaa5967403d082aa24f35e1b516d23)
Start importing Assets/Classic FPS/Scripts/TriggerEventDetector.cs using Guid(9e9ffbda53aed354396ef482efbc85d9) Importer(2089858483,0ecaa5967403d082aa24f35e1b516d23)  -> (artifact id: '94ef89b4bf610bb16a19b32e321f6415') in 0.003761 seconds
Number of updated asset objects reloaded before import = 0
Number of asset objects unloaded after import = 2
========================================================================
Received Import Request.
  Time since last request: 0.000061 seconds.
  path: Assets/Classic FPS/Graphics/Baner_1x2.png
  artifactKey: Guid(6c0f6b7d067b812409ac1324d0cc00c8) Importer(2089858483,0ecaa5967403d082aa24f35e1b516d23)
Start importing Assets/Classic FPS/Graphics/Baner_1x2.png using Guid(6c0f6b7d067b812409ac1324d0cc00c8) Importer(2089858483,0ecaa5967403d082aa24f35e1b516d23)  -> (artifact id: '4ab22a2dc4b11558eb160242c74088ba') in 0.012224 seconds
Number of updated asset objects reloaded before import = 0
Number of asset objects unloaded after import = 3
========================================================================
Received Import Request.
  Time since last request: 0.000065 seconds.
  path: Assets/Classic FPS/Resources/InputSystem.inputsettings.asset
  artifactKey: Guid(ae73b302be909014e80f12d3bf15db22) Importer(2089858483,0ecaa5967403d082aa24f35e1b516d23)
Start importing Assets/Classic FPS/Resources/InputSystem.inputsettings.asset using Guid(ae73b302be909014e80f12d3bf15db22) Importer(2089858483,0ecaa5967403d082aa24f35e1b516d23)  -> (artifact id: 'b5720cf611cab06e6b8b9afcb7d1d8f1') in 0.012892 seconds
Number of updated asset objects reloaded before import = 0
Number of asset objects unloaded after import = 1
========================================================================
Received Import Request.
  Time since last request: 0.000068 seconds.
  path: Assets/Classic FPS/Attribute/attributeTest.cs
  artifactKey: Guid(881c0eed3b2eba94fab3dd05158c06d9) Importer(2089858483,0ecaa5967403d082aa24f35e1b516d23)
Start importing Assets/Classic FPS/Attribute/attributeTest.cs using Guid(881c0eed3b2eba94fab3dd05158c06d9) Importer(2089858483,0ecaa5967403d082aa24f35e1b516d23)  -> (artifact id: 'de361beafa2d625e44a1b328c17fbfe5') in 0.002895 seconds
Number of updated asset objects reloaded before import = 0
Number of asset objects unloaded after import = 1
========================================================================
Received Import Request.
  Time since last request: 0.000109 seconds.
  path: Assets/Classic FPS/Graphics/Explosion_96.png
  artifactKey: Guid(6725bf5af8229934f92e90cf0d48be37) Importer(2089858483,0ecaa5967403d082aa24f35e1b516d23)
Start importing Assets/Classic FPS/Graphics/Explosion_96.png using Guid(6725bf5af8229934f92e90cf0d48be37) Importer(2089858483,0ecaa5967403d082aa24f35e1b516d23)  -> (artifact id: 'd1eeb03964c9cf1b752ed32ef2b579dd') in 0.024974 seconds
Number of updated asset objects reloaded before import = 0
Number of asset objects unloaded after import = 14
========================================================================
Received Import Request.
  Time since last request: 0.000056 seconds.
  path: Assets/Classic FPS/Attribute/HierarchySeparator.cs
  artifactKey: Guid(a914a45a5c97c7f4d9b66becc822d627) Importer(2089858483,0ecaa5967403d082aa24f35e1b516d23)
Start importing Assets/Classic FPS/Attribute/HierarchySeparator.cs using Guid(a914a45a5c97c7f4d9b66becc822d627) Importer(2089858483,0ecaa5967403d082aa24f35e1b516d23)  -> (artifact id: '455d3b7b5b98c457c9dde7d15c37346a') in 0.003158 seconds
Number of updated asset objects reloaded before import = 0
Number of asset objects unloaded after import = 1
========================================================================
Received Import Request.
  Time since last request: 0.000074 seconds.
  path: Assets/Classic FPS/Graphics/Flag.png
  artifactKey: Guid(3258f64c60efa2b4796803eed52c9566) Importer(2089858483,0ecaa5967403d082aa24f35e1b516d23)
Start importing Assets/Classic FPS/Graphics/Flag.png using Guid(3258f64c60efa2b4796803eed52c9566) Importer(2089858483,0ecaa5967403d082aa24f35e1b516d23)  -> (artifact id: '6d3306e8602fe501446b2d5437e5222c') in 0.014681 seconds
Number of updated asset objects reloaded before import = 0
Number of asset objects unloaded after import = 6
========================================================================
Received Import Request.
  Time since last request: 0.000049 seconds.
  path: Assets/Classic FPS/Input/TinyInput.cs
  artifactKey: Guid(e06100d32c19e6a4f87870815319fbd7) Importer(2089858483,0ecaa5967403d082aa24f35e1b516d23)
Start importing Assets/Classic FPS/Input/TinyInput.cs using Guid(e06100d32c19e6a4f87870815319fbd7) Importer(2089858483,0ecaa5967403d082aa24f35e1b516d23)  -> (artifact id: 'd9d07366c6ca3e3061c6092bffd2ca0f') in 0.002499 seconds
Number of updated asset objects reloaded before import = 0
Number of asset objects unloaded after import = 1
========================================================================
Received Import Request.
  Time since last request: 0.000140 seconds.
  path: Assets/Classic FPS/Font/upheavtt.asset
  artifactKey: Guid(771c722a9f822534592a4ca0fcfe3417) Importer(2089858483,0ecaa5967403d082aa24f35e1b516d23)
Start importing Assets/Classic FPS/Font/upheavtt.asset using Guid(771c722a9f822534592a4ca0fcfe3417) Importer(2089858483,0ecaa5967403d082aa24f35e1b516d23) Shader 'TextMeshPro/Distance Field': fallback shader 'TextMeshPro/Mobile/Distance Field' not found
 -> (artifact id: '2867864dee3fe69bb3b1d88a7bb4b01e') in 0.056002 seconds
Number of updated asset objects reloaded before import = 0
Number of asset objects unloaded after import = 6
========================================================================
Received Import Request.
  Time since last request: 1.642397 seconds.
  path: Assets/TextMesh Pro/Shaders/TMP_Bitmap-Mobile.shader
  artifactKey: Guid(1e3b057af24249748ff873be7fafee47) Importer(2089858483,0ecaa5967403d082aa24f35e1b516d23)
Start importing Assets/TextMesh Pro/Shaders/TMP_Bitmap-Mobile.shader using Guid(1e3b057af24249748ff873be7fafee47) Importer(2089858483,0ecaa5967403d082aa24f35e1b516d23)  -> (artifact id: 'b60fae8266f9eed480fdce5bef8e99cc') in 0.016845 seconds
Number of updated asset objects reloaded before import = 0
Number of asset objects unloaded after import = 1
========================================================================
Received Import Request.
  Time since last request: 0.000167 seconds.
  path: Assets/Classic FPS/Audio/Enemy/Enemy_Hit_01.wav
  artifactKey: Guid(9fc3c21aace2fb047a89663969cdd5cf) Importer(2089858483,0ecaa5967403d082aa24f35e1b516d23)
Start importing Assets/Classic FPS/Audio/Enemy/Enemy_Hit_01.wav using Guid(9fc3c21aace2fb047a89663969cdd5cf) Importer(2089858483,0ecaa5967403d082aa24f35e1b516d23)  -> (artifact id: '8d2b0434f3cdd65dead5ee41cc2f24d3') in 0.040069 seconds
Number of updated asset objects reloaded before import = 0
Number of asset objects unloaded after import = 1
========================================================================
Received Import Request.
  Time since last request: 0.000133 seconds.
  path: Assets/Classic FPS/Audio/Enemy/Enemy_Death_01.wav
  artifactKey: Guid(bebc1d42dcae72f4ba9019c8cb9117f3) Importer(2089858483,0ecaa5967403d082aa24f35e1b516d23)
Start importing Assets/Classic FPS/Audio/Enemy/Enemy_Death_01.wav using Guid(bebc1d42dcae72f4ba9019c8cb9117f3) Importer(2089858483,0ecaa5967403d082aa24f35e1b516d23)  -> (artifact id: '4a6eaef0d1e74c1d56a47bcf38ece19a') in 0.019123 seconds
Number of updated asset objects reloaded before import = 0
Number of asset objects unloaded after import = 1
========================================================================
Received Import Request.
  Time since last request: 0.000095 seconds.
  path: Assets/TextMesh Pro/Sprites/EmojiOne.json
  artifactKey: Guid(8f05276190cf498a8153f6cbe761d4e6) Importer(2089858483,0ecaa5967403d082aa24f35e1b516d23)
Start importing Assets/TextMesh Pro/Sprites/EmojiOne.json using Guid(8f05276190cf498a8153f6cbe761d4e6) Importer(2089858483,0ecaa5967403d082aa24f35e1b516d23)  -> (artifact id: 'd603fbe06b843f4ee7039d13cce5a02a') in 0.002053 seconds
Number of updated asset objects reloaded before import = 0
Number of asset objects unloaded after import = 1
========================================================================
Received Import Request.
  Time since last request: 0.000117 seconds.
  path: Assets/TextMesh Pro/Shaders/TMPro.cginc
  artifactKey: Guid(407bc68d299748449bbf7f48ee690f8d) Importer(2089858483,0ecaa5967403d082aa24f35e1b516d23)
Start importing Assets/TextMesh Pro/Shaders/TMPro.cginc using Guid(407bc68d299748449bbf7f48ee690f8d) Importer(2089858483,0ecaa5967403d082aa24f35e1b516d23)  -> (artifact id: 'aa0c0283a06d26aaa555df3254bdee38') in 0.002313 seconds
Number of updated asset objects reloaded before import = 0
Number of asset objects unloaded after import = 1
========================================================================
Received Import Request.
  Time since last request: 0.000088 seconds.
  path: Assets/Classic FPS/Audio/FX/Lickpick_Slot.wav
  artifactKey: Guid(ddc18f3f59d7ade41b47451fb5158836) Importer(2089858483,0ecaa5967403d082aa24f35e1b516d23)
Start importing Assets/Classic FPS/Audio/FX/Lickpick_Slot.wav using Guid(ddc18f3f59d7ade41b47451fb5158836) Importer(2089858483,0ecaa5967403d082aa24f35e1b516d23)  -> (artifact id: '95c28c0844c771c0c9a177f1e850863e') in 0.032433 seconds
Number of updated asset objects reloaded before import = 0
Number of asset objects unloaded after import = 1
========================================================================
Received Import Request.
  Time since last request: 0.000360 seconds.
  path: Assets/Classic FPS/Audio/Weapon/Laser_Gun_Reload.wav
  artifactKey: Guid(8854eea3fbfa6f6408de347fe4d3b094) Importer(2089858483,0ecaa5967403d082aa24f35e1b516d23)
Start importing Assets/Classic FPS/Audio/Weapon/Laser_Gun_Reload.wav using Guid(8854eea3fbfa6f6408de347fe4d3b094) Importer(2089858483,0ecaa5967403d082aa24f35e1b516d23)  -> (artifact id: '768005cef72798a8565e395f4a3d42b2') in 0.020946 seconds
Number of updated asset objects reloaded before import = 0
Number of asset objects unloaded after import = 1
========================================================================
Received Import Request.
  Time since last request: 0.000129 seconds.
  path: Assets/Classic FPS/Audio/FX/Safe_ChangeSlot.wav
  artifactKey: Guid(248d7e7fa4c36c44c934e41d9fc1ec1c) Importer(2089858483,0ecaa5967403d082aa24f35e1b516d23)
Start importing Assets/Classic FPS/Audio/FX/Safe_ChangeSlot.wav using Guid(248d7e7fa4c36c44c934e41d9fc1ec1c) Importer(2089858483,0ecaa5967403d082aa24f35e1b516d23)  -> (artifact id: 'c83718846eee1a712abebb37a5975506') in 0.018164 seconds
Number of updated asset objects reloaded before import = 0
Number of asset objects unloaded after import = 1
========================================================================
Received Import Request.
  Time since last request: 0.000138 seconds.
  path: Assets/TextMesh Pro/Shaders/TMP_SDF-Mobile Overlay.shader
  artifactKey: Guid(a02a7d8c237544f1962732b55a9aebf1) Importer(2089858483,0ecaa5967403d082aa24f35e1b516d23)
Start importing Assets/TextMesh Pro/Shaders/TMP_SDF-Mobile Overlay.shader using Guid(a02a7d8c237544f1962732b55a9aebf1) Importer(2089858483,0ecaa5967403d082aa24f35e1b516d23)  -> (artifact id: 'a5775c0c59b9c19455583116bf6645e7') in 0.005096 seconds
Number of updated asset objects reloaded before import = 0
Number of asset objects unloaded after import = 1
========================================================================
Received Import Request.
  Time since last request: 0.000139 seconds.
  path: Assets/Classic FPS/Audio/Enemy/Robot_Attack_Melle.wav
  artifactKey: Guid(2ab1ea0b00e69fc44af3c047edc3e191) Importer(2089858483,0ecaa5967403d082aa24f35e1b516d23)
Start importing Assets/Classic FPS/Audio/Enemy/Robot_Attack_Melle.wav using Guid(2ab1ea0b00e69fc44af3c047edc3e191) Importer(2089858483,0ecaa5967403d082aa24f35e1b516d23)  -> (artifact id: 'abbc6ce2d246de4d83b74ec5cd8672ef') in 0.031026 seconds
Number of updated asset objects reloaded before import = 0
Number of asset objects unloaded after import = 1
========================================================================
Received Import Request.
  Time since last request: 0.000164 seconds.
  path: Assets/Classic FPS/Audio/Weapon/Rocket_Lancher_Shot.wav
  artifactKey: Guid(3a8b7d5b28e65514e95afacd32ccf4e1) Importer(2089858483,0ecaa5967403d082aa24f35e1b516d23)
Start importing Assets/Classic FPS/Audio/Weapon/Rocket_Lancher_Shot.wav using Guid(3a8b7d5b28e65514e95afacd32ccf4e1) Importer(2089858483,0ecaa5967403d082aa24f35e1b516d23)  -> (artifact id: '4b79fbe28aeb2964a5378e970fdd41d7') in 0.032410 seconds
Number of updated asset objects reloaded before import = 0
Number of asset objects unloaded after import = 1
========================================================================
Received Import Request.
  Time since last request: 0.000225 seconds.
  path: Assets/Classic FPS/Animation/UI/Main_Menu_Button.controller
  artifactKey: Guid(dbb5bf4f4f2428a41aa78f675728e1d1) Importer(2089858483,0ecaa5967403d082aa24f35e1b516d23)
Start importing Assets/Classic FPS/Animation/UI/Main_Menu_Button.controller using Guid(dbb5bf4f4f2428a41aa78f675728e1d1) Importer(2089858483,0ecaa5967403d082aa24f35e1b516d23)  -> (artifact id: 'bcd64a2216ba961174ded2b86ef3c95b') in 0.013900 seconds
Number of updated asset objects reloaded before import = 0
Number of asset objects unloaded after import = 17
========================================================================
Received Import Request.
  Time since last request: 0.000075 seconds.
  path: Assets/Classic FPS/Audio/Enemy/Enemy_Melle_03.flac
  artifactKey: Guid(759836d34fd850547bf83ae0edcb5145) Importer(2089858483,0ecaa5967403d082aa24f35e1b516d23)
Start importing Assets/Classic FPS/Audio/Enemy/Enemy_Melle_03.flac using Guid(759836d34fd850547bf83ae0edcb5145) Importer(2089858483,0ecaa5967403d082aa24f35e1b516d23)  -> (artifact id: '52b7f6faf41b813546390373ceeae2f0') in 0.031656 seconds
Number of updated asset objects reloaded before import = 0
Number of asset objects unloaded after import = 1
========================================================================
Received Import Request.
  Time since last request: 0.000202 seconds.
  path: Assets/Classic FPS/Audio/Weapon/Charge_Gun_Reload.wav
  artifactKey: Guid(8199b5518194b2b4b994196eb7dedd55) Importer(2089858483,0ecaa5967403d082aa24f35e1b516d23)
Start importing Assets/Classic FPS/Audio/Weapon/Charge_Gun_Reload.wav using Guid(8199b5518194b2b4b994196eb7dedd55) Importer(2089858483,0ecaa5967403d082aa24f35e1b516d23)  -> (artifact id: '11a90bea25a8878f83b9923c92dfb55d') in 0.032758 seconds
Number of updated asset objects reloaded before import = 0
Number of asset objects unloaded after import = 1
========================================================================
Received Import Request.
  Time since last request: 0.000144 seconds.
  path: Assets/Classic FPS/Audio/Weapon/Infinity_Pistol_Reload.wav
  artifactKey: Guid(0db04550756be974e85e1f27f1f824b3) Importer(2089858483,0ecaa5967403d082aa24f35e1b516d23)
Start importing Assets/Classic FPS/Audio/Weapon/Infinity_Pistol_Reload.wav using Guid(0db04550756be974e85e1f27f1f824b3) Importer(2089858483,0ecaa5967403d082aa24f35e1b516d23)  -> (artifact id: 'f2d6ac4d64e2a8569ed597901d247564') in 0.033629 seconds
Number of updated asset objects reloaded before import = 0
Number of asset objects unloaded after import = 1
========================================================================
Received Import Request.
  Time since last request: 0.000114 seconds.
  path: Assets/TextMesh Pro/Sprites/EmojiOne.png
  artifactKey: Guid(dffef66376be4fa480fb02b19edbe903) Importer(2089858483,0ecaa5967403d082aa24f35e1b516d23)
Start importing Assets/TextMesh Pro/Sprites/EmojiOne.png using Guid(dffef66376be4fa480fb02b19edbe903) Importer(2089858483,0ecaa5967403d082aa24f35e1b516d23)  -> (artifact id: '71f73c384188b42d7d10957e08ae7105') in 0.011862 seconds
Number of updated asset objects reloaded before import = 0
Number of asset objects unloaded after import = 1
========================================================================
Received Import Request.
  Time since last request: 0.000192 seconds.
  path: Assets/Classic FPS/Audio/Enemy/Enemy_Death_04.wav
  artifactKey: Guid(40d1d348e4de8d946b1cde41e7459496) Importer(2089858483,0ecaa5967403d082aa24f35e1b516d23)
Start importing Assets/Classic FPS/Audio/Enemy/Enemy_Death_04.wav using Guid(40d1d348e4de8d946b1cde41e7459496) Importer(2089858483,0ecaa5967403d082aa24f35e1b516d23)  -> (artifact id: '0661471c33ba3c31acb9ce30b91c2716') in 0.017244 seconds
Number of updated asset objects reloaded before import = 0
Number of asset objects unloaded after import = 1
========================================================================
Received Import Request.
  Time since last request: 0.000196 seconds.
  path: Assets/Classic FPS/Audio/Enemy/Enemy_Death_07.wav
  artifactKey: Guid(04b6571a5adb58f4c9650084d0efb586) Importer(2089858483,0ecaa5967403d082aa24f35e1b516d23)
Start importing Assets/Classic FPS/Audio/Enemy/Enemy_Death_07.wav using Guid(04b6571a5adb58f4c9650084d0efb586) Importer(2089858483,0ecaa5967403d082aa24f35e1b516d23)  -> (artifact id: '46982fa0a1e8f0cdb45ab72ddcd516ce') in 0.020051 seconds
Number of updated asset objects reloaded before import = 0
Number of asset objects unloaded after import = 1
========================================================================
Received Import Request.
  Time since last request: 0.000134 seconds.
  path: Assets/Classic FPS/Audio/Enemy/Robot_Attack_Death.wav
  artifactKey: Guid(adb14291f6f44ad4da3f28461bc55a2c) Importer(2089858483,0ecaa5967403d082aa24f35e1b516d23)
Start importing Assets/Classic FPS/Audio/Enemy/Robot_Attack_Death.wav using Guid(adb14291f6f44ad4da3f28461bc55a2c) Importer(2089858483,0ecaa5967403d082aa24f35e1b516d23)  -> (artifact id: 'c470ebc1233cbeb402b6e3912776ea16') in 0.030712 seconds
Number of updated asset objects reloaded before import = 0
Number of asset objects unloaded after import = 1
========================================================================
Received Import Request.
  Time since last request: 0.000131 seconds.
  path: Assets/Classic FPS/Audio/FX/Safe_Unlock.wav
  artifactKey: Guid(f448604612240424994aba6fd2c2c240) Importer(2089858483,0ecaa5967403d082aa24f35e1b516d23)
Start importing Assets/Classic FPS/Audio/FX/Safe_Unlock.wav using Guid(f448604612240424994aba6fd2c2c240) Importer(2089858483,0ecaa5967403d082aa24f35e1b516d23)  -> (artifact id: '010fc4c6c0481d010d9348d3e249e33d') in 0.032521 seconds
Number of updated asset objects reloaded before import = 0
Number of asset objects unloaded after import = 1
========================================================================
Received Import Request.
  Time since last request: 0.000067 seconds.
  path: Assets/Classic FPS/Audio/Weapon/Shotgun_Empty.flac
  artifactKey: Guid(2ec1a4930ebd5b846be550dc45e384b1) Importer(2089858483,0ecaa5967403d082aa24f35e1b516d23)
Start importing Assets/Classic FPS/Audio/Weapon/Shotgun_Empty.flac using Guid(2ec1a4930ebd5b846be550dc45e384b1) Importer(2089858483,0ecaa5967403d082aa24f35e1b516d23)  -> (artifact id: '51c36cc39ef7abfb3aff6f2e2fa05b9e') in 0.018162 seconds
Number of updated asset objects reloaded before import = 0
Number of asset objects unloaded after import = 1
========================================================================
Received Import Request.
  Time since last request: 0.000078 seconds.
  path: Assets/Classic FPS/Audio/FX/Safe_ChangeGoodSlot.wav
  artifactKey: Guid(cbfd4894da4b30a428f3ac3da92a11e3) Importer(2089858483,0ecaa5967403d082aa24f35e1b516d23)
Start importing Assets/Classic FPS/Audio/FX/Safe_ChangeGoodSlot.wav using Guid(cbfd4894da4b30a428f3ac3da92a11e3) Importer(2089858483,0ecaa5967403d082aa24f35e1b516d23)  -> (artifact id: 'a7afeeff7afd1148fb593ad0f531cce5') in 0.030730 seconds
Number of updated asset objects reloaded before import = 0
Number of asset objects unloaded after import = 1
========================================================================
Received Import Request.
  Time since last request: 0.000086 seconds.
  path: Assets/Classic FPS/Audio/Enemy/Metal_Hit_02.wav
  artifactKey: Guid(a55a50ae4023c4047a73a38c3af05733) Importer(2089858483,0ecaa5967403d082aa24f35e1b516d23)
Start importing Assets/Classic FPS/Audio/Enemy/Metal_Hit_02.wav using Guid(a55a50ae4023c4047a73a38c3af05733) Importer(2089858483,0ecaa5967403d082aa24f35e1b516d23)  -> (artifact id: 'baba9d11bfe779777df2d4d0f45f2794') in 0.033527 seconds
Number of updated asset objects reloaded before import = 0
Number of asset objects unloaded after import = 1
========================================================================
Received Import Request.
  Time since last request: 0.000088 seconds.
  path: Assets/Classic FPS/Audio/Weapon/Rifle_Shot.wav
  artifactKey: Guid(ab2e5fcab3063b246b18caff00595bea) Importer(2089858483,0ecaa5967403d082aa24f35e1b516d23)
Start importing Assets/Classic FPS/Audio/Weapon/Rifle_Shot.wav using Guid(ab2e5fcab3063b246b18caff00595bea) Importer(2089858483,0ecaa5967403d082aa24f35e1b516d23)  -> (artifact id: 'bbcb294e1eaf5655304f8b8ae8f2b8fe') in 0.032105 seconds
Number of updated asset objects reloaded before import = 0
Number of asset objects unloaded after import = 1
========================================================================
Received Import Request.
  Time since last request: 0.000103 seconds.
  path: Assets/Classic FPS/Audio/Enemy/Enemy_Shoot_04.wav
  artifactKey: Guid(e08f365c0b2050f4fb91328ec242e55d) Importer(2089858483,0ecaa5967403d082aa24f35e1b516d23)
Start importing Assets/Classic FPS/Audio/Enemy/Enemy_Shoot_04.wav using Guid(e08f365c0b2050f4fb91328ec242e55d) Importer(2089858483,0ecaa5967403d082aa24f35e1b516d23)  -> (artifact id: '2f29d345178bf3907123b3ff80bb98a0') in 0.035003 seconds
Number of updated asset objects reloaded before import = 0
Number of asset objects unloaded after import = 1
========================================================================
Received Import Request.
  Time since last request: 0.000117 seconds.
  path: Assets/Classic FPS/Audio/Weapon/DoubleBarrel_Reload.wav
  artifactKey: Guid(21e996d50488cfc4dbb0da63aeb73e62) Importer(2089858483,0ecaa5967403d082aa24f35e1b516d23)
Start importing Assets/Classic FPS/Audio/Weapon/DoubleBarrel_Reload.wav using Guid(21e996d50488cfc4dbb0da63aeb73e62) Importer(2089858483,0ecaa5967403d082aa24f35e1b516d23)  -> (artifact id: '4e8b2695536dbcfce371f48ca61addfa') in 0.018435 seconds
Number of updated asset objects reloaded before import = 0
Number of asset objects unloaded after import = 1
========================================================================
Received Import Request.
  Time since last request: 0.000076 seconds.
  path: Assets/Classic FPS/Audio/FX/Button_FX.wav
  artifactKey: Guid(fc4d4bba022059742a8f4557ebbac830) Importer(2089858483,0ecaa5967403d082aa24f35e1b516d23)
Start importing Assets/Classic FPS/Audio/FX/Button_FX.wav using Guid(fc4d4bba022059742a8f4557ebbac830) Importer(2089858483,0ecaa5967403d082aa24f35e1b516d23)  -> (artifact id: '8f0fe43e36e22dfaa52cac6e9b66a6dd') in 0.015511 seconds
Number of updated asset objects reloaded before import = 0
Number of asset objects unloaded after import = 1
========================================================================
Received Import Request.
  Time since last request: 0.000113 seconds.
  path: Assets/Classic FPS/Audio/Weapon/Bow_Shot.wav
  artifactKey: Guid(cc9211d07eeef554a8c9300f3e14951c) Importer(2089858483,0ecaa5967403d082aa24f35e1b516d23)
Start importing Assets/Classic FPS/Audio/Weapon/Bow_Shot.wav using Guid(cc9211d07eeef554a8c9300f3e14951c) Importer(2089858483,0ecaa5967403d082aa24f35e1b516d23)  -> (artifact id: 'c3ca9473cd378177b0e8aea3190ef63b') in 0.032123 seconds
Number of updated asset objects reloaded before import = 0
Number of asset objects unloaded after import = 1
========================================================================
Received Import Request.
  Time since last request: 0.000087 seconds.
  path: Assets/Classic FPS/Audio/Enemy/Enemy_Hit_04.wav
  artifactKey: Guid(793beead441cd0643aeb79af13e6992c) Importer(2089858483,0ecaa5967403d082aa24f35e1b516d23)
Start importing Assets/Classic FPS/Audio/Enemy/Enemy_Hit_04.wav using Guid(793beead441cd0643aeb79af13e6992c) Importer(2089858483,0ecaa5967403d082aa24f35e1b516d23)  -> (artifact id: '857200ee1cc7168dd20aa43b08834627') in 0.030745 seconds
Number of updated asset objects reloaded before import = 0
Number of asset objects unloaded after import = 1
========================================================================
Received Import Request.
  Time since last request: 0.000103 seconds.
  path: Assets/Classic FPS/Audio/Enemy/Enemy_Shoot_01.wav
  artifactKey: Guid(c653f39780a46234b95e05eea6da0524) Importer(2089858483,0ecaa5967403d082aa24f35e1b516d23)
Start importing Assets/Classic FPS/Audio/Enemy/Enemy_Shoot_01.wav using Guid(c653f39780a46234b95e05eea6da0524) Importer(2089858483,0ecaa5967403d082aa24f35e1b516d23)  -> (artifact id: 'e419c120261c9378203994cb82fdce92') in 0.030009 seconds
Number of updated asset objects reloaded before import = 0
Number of asset objects unloaded after import = 1
========================================================================
Received Import Request.
  Time since last request: 0.000084 seconds.
  path: Assets/TextMesh Pro/Shaders/TMP_SDF-Mobile Masking.shader
  artifactKey: Guid(bc1ede39bf3643ee8e493720e4259791) Importer(2089858483,0ecaa5967403d082aa24f35e1b516d23)
Start importing Assets/TextMesh Pro/Shaders/TMP_SDF-Mobile Masking.shader using Guid(bc1ede39bf3643ee8e493720e4259791) Importer(2089858483,0ecaa5967403d082aa24f35e1b516d23)  -> (artifact id: 'be4d8550ed651eb0a7cefeb9d64333a0') in 0.003726 seconds
Number of updated asset objects reloaded before import = 0
Number of asset objects unloaded after import = 1
========================================================================
Received Import Request.
  Time since last request: 0.000107 seconds.
  path: Assets/Classic FPS/Attribute/Reorderable/ReorderableListUtility.cs
  artifactKey: Guid(8efb46d18e0f68e49aaa65fecd2dda6d) Importer(2089858483,0ecaa5967403d082aa24f35e1b516d23)
Start importing Assets/Classic FPS/Attribute/Reorderable/ReorderableListUtility.cs using Guid(8efb46d18e0f68e49aaa65fecd2dda6d) Importer(2089858483,0ecaa5967403d082aa24f35e1b516d23)  -> (artifact id: '897968f2f5f0aa56d40fa5eeedbcfce2') in 0.002670 seconds
Number of updated asset objects reloaded before import = 0
Number of asset objects unloaded after import = 1
========================================================================
Received Import Request.
  Time since last request: 0.000108 seconds.
  path: Assets/Classic FPS/Audio/Weapon/Explosion.wav
  artifactKey: Guid(93ebcd9817780fb43bfc4c1b384b6bdf) Importer(2089858483,0ecaa5967403d082aa24f35e1b516d23)
Start importing Assets/Classic FPS/Audio/Weapon/Explosion.wav using Guid(93ebcd9817780fb43bfc4c1b384b6bdf) Importer(2089858483,0ecaa5967403d082aa24f35e1b516d23)  -> (artifact id: '6abfe993b85281714b9dc6ecd148811b') in 0.018931 seconds
Number of updated asset objects reloaded before import = 0
Number of asset objects unloaded after import = 1
========================================================================
Received Import Request.
  Time since last request: 0.000181 seconds.
  path: Assets/Classic FPS/Audio/Enemy/Metal_Hit_01.wav
  artifactKey: Guid(b1a1334f37472c441937372c67849b85) Importer(2089858483,0ecaa5967403d082aa24f35e1b516d23)
Start importing Assets/Classic FPS/Audio/Enemy/Metal_Hit_01.wav using Guid(b1a1334f37472c441937372c67849b85) Importer(2089858483,0ecaa5967403d082aa24f35e1b516d23)  -> (artifact id: '20a2ebd4f5b7dde06fce2bba7345975f') in 0.032889 seconds
Number of updated asset objects reloaded before import = 0
Number of asset objects unloaded after import = 1
========================================================================
Received Import Request.
  Time since last request: 0.000064 seconds.
  path: Assets/TextMesh Pro/Shaders/TMP_SDF Overlay.shader
  artifactKey: Guid(dd89cf5b9246416f84610a006f916af7) Importer(2089858483,0ecaa5967403d082aa24f35e1b516d23)
Start importing Assets/TextMesh Pro/Shaders/TMP_SDF Overlay.shader using Guid(dd89cf5b9246416f84610a006f916af7) Importer(2089858483,0ecaa5967403d082aa24f35e1b516d23) Shader 'TextMeshPro/Distance Field Overlay': fallback shader 'TextMeshPro/Mobile/Distance Field' not found
 -> (artifact id: 'f51c517a9e3ad146f581138dbbaff113') in 0.003732 seconds
Number of updated asset objects reloaded before import = 0
Number of asset objects unloaded after import = 1
========================================================================
Received Import Request.
  Time since last request: 0.000102 seconds.
  path: Assets/TextMesh Pro/Shaders/TMP_SDF-Mobile.shader
  artifactKey: Guid(fe393ace9b354375a9cb14cdbbc28be4) Importer(2089858483,0ecaa5967403d082aa24f35e1b516d23)
Start importing Assets/TextMesh Pro/Shaders/TMP_SDF-Mobile.shader using Guid(fe393ace9b354375a9cb14cdbbc28be4) Importer(2089858483,0ecaa5967403d082aa24f35e1b516d23)  -> (artifact id: '26d0de8bf95a5866d4824a36e4289b94') in 0.003268 seconds
Number of updated asset objects reloaded before import = 0
Number of asset objects unloaded after import = 1
========================================================================
Received Import Request.
  Time since last request: 0.000129 seconds.
  path: Assets/Classic FPS/Audio/Enemy/Enemy_Hit_02.wav
  artifactKey: Guid(741f4ae406bd46648ab4d973580e8e83) Importer(2089858483,0ecaa5967403d082aa24f35e1b516d23)
Start importing Assets/Classic FPS/Audio/Enemy/Enemy_Hit_02.wav using Guid(741f4ae406bd46648ab4d973580e8e83) Importer(2089858483,0ecaa5967403d082aa24f35e1b516d23)  -> (artifact id: 'afd2749d8c22fd23d8096f7653d3ec40') in 0.031291 seconds
Number of updated asset objects reloaded before import = 0
Number of asset objects unloaded after import = 1
========================================================================
Received Import Request.
  Time since last request: 0.000079 seconds.
  path: Assets/Classic FPS/Audio/Weapon/Charge_Gun_Shot.wav
  artifactKey: Guid(949f7ec023372f64390ab2432651dbf6) Importer(2089858483,0ecaa5967403d082aa24f35e1b516d23)
Start importing Assets/Classic FPS/Audio/Weapon/Charge_Gun_Shot.wav using Guid(949f7ec023372f64390ab2432651dbf6) Importer(2089858483,0ecaa5967403d082aa24f35e1b516d23)  -> (artifact id: '9a5cc7b0d31f28c97fcef03f9d43aef9') in 0.017764 seconds
Number of updated asset objects reloaded before import = 0
Number of asset objects unloaded after import = 1
========================================================================
Received Import Request.
  Time since last request: 0.000085 seconds.
  path: Assets/Classic FPS/Audio/FX/Safe_Fail.wav
  artifactKey: Guid(47c9e41acc6178647ae530c832b7533f) Importer(2089858483,0ecaa5967403d082aa24f35e1b516d23)
Start importing Assets/Classic FPS/Audio/FX/Safe_Fail.wav using Guid(47c9e41acc6178647ae530c832b7533f) Importer(2089858483,0ecaa5967403d082aa24f35e1b516d23)  -> (artifact id: '730d3ce77de83fb6d6ddf8eaafc23758') in 0.032104 seconds
Number of updated asset objects reloaded before import = 0
Number of asset objects unloaded after import = 1
========================================================================
Received Import Request.
  Time since last request: 0.000204 seconds.
  path: Assets/Classic FPS/Audio/Music/Music_06.wav
  artifactKey: Guid(63025959c270470419756807e3c91228) Importer(2089858483,0ecaa5967403d082aa24f35e1b516d23)
Start importing Assets/Classic FPS/Audio/Music/Music_06.wav using Guid(63025959c270470419756807e3c91228) Importer(2089858483,0ecaa5967403d082aa24f35e1b516d23)  -> (artifact id: 'c9f73bbc09c6c0f618d309b4c2c1dc3f') in 0.170192 seconds
Number of updated asset objects reloaded before import = 0
Number of asset objects unloaded after import = 1
========================================================================
Received Import Request.
  Time since last request: 0.000262 seconds.
  path: Assets/Classic FPS/Audio/Enemy/Robot_Attack_Range.wav
  artifactKey: Guid(e10923eda1721464aa164095a5b8d4c9) Importer(2089858483,0ecaa5967403d082aa24f35e1b516d23)
Start importing Assets/Classic FPS/Audio/Enemy/Robot_Attack_Range.wav using Guid(e10923eda1721464aa164095a5b8d4c9) Importer(2089858483,0ecaa5967403d082aa24f35e1b516d23)  -> (artifact id: '2c849c9a6547874ec9222aba79eb064b') in 0.034531 seconds
Number of updated asset objects reloaded before import = 0
Number of asset objects unloaded after import = 1
========================================================================
Received Import Request.
  Time since last request: 0.000136 seconds.
  path: Assets/Classic FPS/Audio/Weapon/Grenade_Lancher_Reload.wav
  artifactKey: Guid(8a5848d712268af4abf10e5e39c8fcf2) Importer(2089858483,0ecaa5967403d082aa24f35e1b516d23)
Start importing Assets/Classic FPS/Audio/Weapon/Grenade_Lancher_Reload.wav using Guid(8a5848d712268af4abf10e5e39c8fcf2) Importer(2089858483,0ecaa5967403d082aa24f35e1b516d23)  -> (artifact id: '02fa7932f32c70482bb9ece5455bb030') in 0.035696 seconds
Number of updated asset objects reloaded before import = 0
Number of asset objects unloaded after import = 1
========================================================================
Received Import Request.
  Time since last request: 0.000110 seconds.
  path: Assets/TextMesh Pro/Shaders/TMP_SDF SSD.shader
  artifactKey: Guid(14eb328de4b8eb245bb7cea29e4ac00b) Importer(2089858483,0ecaa5967403d082aa24f35e1b516d23)
Start importing Assets/TextMesh Pro/Shaders/TMP_SDF SSD.shader using Guid(14eb328de4b8eb245bb7cea29e4ac00b) Importer(2089858483,0ecaa5967403d082aa24f35e1b516d23) Shader 'TextMeshPro/Distance Field SSD': fallback shader 'TextMeshPro/Mobile/Distance Field' not found
 -> (artifact id: '5e1eaf1ead256ed2621e1e853b5c8915') in 0.003991 seconds
Number of updated asset objects reloaded before import = 0
Number of asset objects unloaded after import = 1
========================================================================
Received Import Request.
  Time since last request: 0.000075 seconds.
  path: Assets/Classic FPS/Audio/Weapon/HandGrenade_Throw.flac
  artifactKey: Guid(5f3b56de335ce9c4c8a72d4ad03d4ae1) Importer(2089858483,0ecaa5967403d082aa24f35e1b516d23)
Start importing Assets/Classic FPS/Audio/Weapon/HandGrenade_Throw.flac using Guid(5f3b56de335ce9c4c8a72d4ad03d4ae1) Importer(2089858483,0ecaa5967403d082aa24f35e1b516d23)  -> (artifact id: '40f329fdf4b83227a83995a3849e81fe') in 0.016971 seconds
Number of updated asset objects reloaded before import = 0
Number of asset objects unloaded after import = 1
========================================================================
Received Import Request.
  Time since last request: 0.000100 seconds.
  path: Assets/Classic FPS/Audio/FX/Keypad_Fail.wav
  artifactKey: Guid(4f70f5f0ead70224b8dc600f32ab1ba5) Importer(2089858483,0ecaa5967403d082aa24f35e1b516d23)
Start importing Assets/Classic FPS/Audio/FX/Keypad_Fail.wav using Guid(4f70f5f0ead70224b8dc600f32ab1ba5) Importer(2089858483,0ecaa5967403d082aa24f35e1b516d23)  -> (artifact id: 'd5128aff7c4cc56a233eaf89114d2df9') in 0.017329 seconds
Number of updated asset objects reloaded before import = 0
Number of asset objects unloaded after import = 1
========================================================================
Received Import Request.
  Time since last request: 0.000141 seconds.
  path: Assets/Classic FPS/Audio/Enemy/Enemy_Death_06.wav
  artifactKey: Guid(85891efddd041894eb63b6e3c0d92a49) Importer(2089858483,0ecaa5967403d082aa24f35e1b516d23)
Start importing Assets/Classic FPS/Audio/Enemy/Enemy_Death_06.wav using Guid(85891efddd041894eb63b6e3c0d92a49) Importer(2089858483,0ecaa5967403d082aa24f35e1b516d23)  -> (artifact id: 'bcdd1330b2624b7905ffff4e656954d8') in 0.017842 seconds
Number of updated asset objects reloaded before import = 0
Number of asset objects unloaded after import = 1
========================================================================
Received Import Request.
  Time since last request: 0.000162 seconds.
  path: Assets/Classic FPS/Audio/Enemy/Enemy_Melle_01.flac
  artifactKey: Guid(65bba9bd0d26b5b43968fe0f6d2045eb) Importer(2089858483,0ecaa5967403d082aa24f35e1b516d23)
Start importing Assets/Classic FPS/Audio/Enemy/Enemy_Melle_01.flac using Guid(65bba9bd0d26b5b43968fe0f6d2045eb) Importer(2089858483,0ecaa5967403d082aa24f35e1b516d23)  -> (artifact id: '0db64bffaf3638cc724c1bd1b79cfe58') in 0.033068 seconds
Number of updated asset objects reloaded before import = 0
Number of asset objects unloaded after import = 1
========================================================================
Received Import Request.
  Time since last request: 0.000121 seconds.
  path: Assets/Classic FPS/Audio/FX/Switch_FX.wav
  artifactKey: Guid(d717773467262b744ab3371bb6cf6f60) Importer(2089858483,0ecaa5967403d082aa24f35e1b516d23)
Start importing Assets/Classic FPS/Audio/FX/Switch_FX.wav using Guid(d717773467262b744ab3371bb6cf6f60) Importer(2089858483,0ecaa5967403d082aa24f35e1b516d23)  -> (artifact id: 'cf25ac424513c686a59fd551f9161686') in 0.030301 seconds
Number of updated asset objects reloaded before import = 0
Number of asset objects unloaded after import = 1
========================================================================
Received Import Request.
  Time since last request: 0.000134 seconds.
  path: Assets/Classic FPS/Audio/FX/Keypad_Click.wav
  artifactKey: Guid(7dcf0057ef4726847a6aff0230e74aa8) Importer(2089858483,0ecaa5967403d082aa24f35e1b516d23)
Start importing Assets/Classic FPS/Audio/FX/Keypad_Click.wav using Guid(7dcf0057ef4726847a6aff0230e74aa8) Importer(2089858483,0ecaa5967403d082aa24f35e1b516d23)  -> (artifact id: '2b8504ccdab953d4fae24b736b53c202') in 0.030817 seconds
Number of updated asset objects reloaded before import = 0
Number of asset objects unloaded after import = 1
========================================================================
Received Import Request.
  Time since last request: 0.000101 seconds.
  path: Assets/Classic FPS/Audio/Weapon/Dual_Revolver_Reload.wav
  artifactKey: Guid(3c9f339dec4e92f4d8428c6d261d49a6) Importer(2089858483,0ecaa5967403d082aa24f35e1b516d23)
Start importing Assets/Classic FPS/Audio/Weapon/Dual_Revolver_Reload.wav using Guid(3c9f339dec4e92f4d8428c6d261d49a6) Importer(2089858483,0ecaa5967403d082aa24f35e1b516d23)  -> (artifact id: 'c0f6bd19f989ec9ad5f08ff62af90c7a') in 0.034383 seconds
Number of updated asset objects reloaded before import = 0
Number of asset objects unloaded after import = 1
========================================================================
Received Import Request.
  Time since last request: 0.000136 seconds.
  path: Assets/Classic FPS/Audio/Enemy/Metal_Hit_03.wav
  artifactKey: Guid(89f5f4f0dd40b564bba5c27b696da1f3) Importer(2089858483,0ecaa5967403d082aa24f35e1b516d23)
Start importing Assets/Classic FPS/Audio/Enemy/Metal_Hit_03.wav using Guid(89f5f4f0dd40b564bba5c27b696da1f3) Importer(2089858483,0ecaa5967403d082aa24f35e1b516d23)  -> (artifact id: '9ad1736144c39fc557a90b56f08feb5e') in 0.034710 seconds
Number of updated asset objects reloaded before import = 0
Number of asset objects unloaded after import = 1
========================================================================
Received Import Request.
  Time since last request: 0.000097 seconds.
  path: Assets/Classic FPS/Audio/Weapon/Burst_Reload.wav
  artifactKey: Guid(4e87eb340a9dcf54bb9b7c3a56684ea1) Importer(2089858483,0ecaa5967403d082aa24f35e1b516d23)
Start importing Assets/Classic FPS/Audio/Weapon/Burst_Reload.wav using Guid(4e87eb340a9dcf54bb9b7c3a56684ea1) Importer(2089858483,0ecaa5967403d082aa24f35e1b516d23)  -> (artifact id: 'f93f4c29ff4f49a5554468d972732a5f') in 0.033957 seconds
Number of updated asset objects reloaded before import = 0
Number of asset objects unloaded after import = 1
========================================================================
Received Import Request.
  Time since last request: 0.000080 seconds.
  path: Assets/Classic FPS/Audio/Weapon/Laser_Gun_Shot.wav
  artifactKey: Guid(ed40df21678c93c43905d341e86ff789) Importer(2089858483,0ecaa5967403d082aa24f35e1b516d23)
Start importing Assets/Classic FPS/Audio/Weapon/Laser_Gun_Shot.wav using Guid(ed40df21678c93c43905d341e86ff789) Importer(2089858483,0ecaa5967403d082aa24f35e1b516d23)  -> (artifact id: '1084ed0a4edc0d34d7c970e88d51dfea') in 0.032055 seconds
Number of updated asset objects reloaded before import = 0
Number of asset objects unloaded after import = 1
========================================================================
Received Import Request.
  Time since last request: 0.000161 seconds.
  path: Assets/Classic FPS/Attribute/Reorderable/ReorderableListDrawer.cs
  artifactKey: Guid(7075fa52364d1284db347083bba055b1) Importer(2089858483,0ecaa5967403d082aa24f35e1b516d23)
Start importing Assets/Classic FPS/Attribute/Reorderable/ReorderableListDrawer.cs using Guid(7075fa52364d1284db347083bba055b1) Importer(2089858483,0ecaa5967403d082aa24f35e1b516d23)  -> (artifact id: '64554503ae7b4bf05f7500e649f8d665') in 0.002893 seconds
Number of updated asset objects reloaded before import = 0
Number of asset objects unloaded after import = 1
========================================================================
Received Import Request.
  Time since last request: 0.000097 seconds.
  path: Assets/TextMesh Pro/Shaders/TMP_SDF-Surface.shader
  artifactKey: Guid(f7ada0af4f174f0694ca6a487b8f543d) Importer(2089858483,0ecaa5967403d082aa24f35e1b516d23)
Start importing Assets/TextMesh Pro/Shaders/TMP_SDF-Surface.shader using Guid(f7ada0af4f174f0694ca6a487b8f543d) Importer(2089858483,0ecaa5967403d082aa24f35e1b516d23)  -> (artifact id: 'cfe5bbdf193be60eb913b4f32ab328ee') in 0.003797 seconds
Number of updated asset objects reloaded before import = 0
Number of asset objects unloaded after import = 1
========================================================================
Received Import Request.
  Time since last request: 0.000127 seconds.
  path: Assets/TextMesh Pro/Shaders/TMPro_Properties.cginc
  artifactKey: Guid(3997e2241185407d80309a82f9148466) Importer(2089858483,0ecaa5967403d082aa24f35e1b516d23)
Start importing Assets/TextMesh Pro/Shaders/TMPro_Properties.cginc using Guid(3997e2241185407d80309a82f9148466) Importer(2089858483,0ecaa5967403d082aa24f35e1b516d23)  -> (artifact id: '59644b98cae72ed71478af4bb6955ee2') in 0.002709 seconds
Number of updated asset objects reloaded before import = 0
Number of asset objects unloaded after import = 1
========================================================================
Received Import Request.
  Time since last request: 0.000070 seconds.
  path: Assets/Classic FPS/Audio/Music/Music_02.wav
  artifactKey: Guid(5cd72c4642dfec24791a915e97d8fd55) Importer(2089858483,0ecaa5967403d082aa24f35e1b516d23)
Start importing Assets/Classic FPS/Audio/Music/Music_02.wav using Guid(5cd72c4642dfec24791a915e97d8fd55) Importer(2089858483,0ecaa5967403d082aa24f35e1b516d23)  -> (artifact id: 'bf8da6dde0959c28bddd3a34cb494ab2') in 0.796369 seconds
Number of updated asset objects reloaded before import = 0
Number of asset objects unloaded after import = 1
========================================================================
Received Prepare
Begin MonoManager ReloadAssembly
- Loaded All Assemblies, in  0.492 seconds
Refreshing native plugins compatible for Editor in 0.10 ms, found 0 plugins.
Native extension for iOS target not found
Native extension for Android target not found
Native extension for OSXStandalone target not found
Mono: successfully reloaded assembly
- Finished resetting the current domain, in  1.774 seconds
Domain Reload Profiling: 2268ms
	BeginReloadAssembly (322ms)
		ExecutionOrderSort (0ms)
		DisableScriptedObjects (37ms)
		BackupInstance (0ms)
		ReleaseScriptingObjects (0ms)
		CreateAndSetChildDomain (64ms)
	RebuildCommonClasses (56ms)
	RebuildNativeTypeToScriptingClass (15ms)
	initialDomainReloadingComplete (64ms)
	LoadAllAssembliesAndSetupDomain (34ms)
		LoadAssemblies (160ms)
		RebuildTransferFunctionScriptingTraits (0ms)
		AnalyzeDomain (15ms)
			TypeCache.Refresh (5ms)
				TypeCache.ScanAssembly (0ms)
			ScanForSourceGeneratedMonoScriptInfo (0ms)
			ResolveRequiredComponents (10ms)
	FinalizeReload (1775ms)
		ReleaseScriptCaches (0ms)
		RebuildScriptCaches (0ms)
		SetupLoadedEditorAssemblies (1126ms)
			LogAssemblyErrors (0ms)
			InitializePlatformSupportModulesInManaged (137ms)
			SetLoadedEditorAssemblies (16ms)
			RefreshPlugins (0ms)
			BeforeProcessingInitializeOnLoad (108ms)
			ProcessInitializeOnLoadAttributes (772ms)
			ProcessInitializeOnLoadMethodAttributes (93ms)
			AfterProcessingInitializeOnLoad (1ms)
			EditorAssembliesLoaded (0ms)
		ExecutionOrderSort2 (0ms)
		AwakeInstancesAfterBackupRestoration (45ms)
Refreshing native plugins compatible for Editor in 0.12 ms, found 0 plugins.
Preloading 0 native plugins for Editor in 0.00 ms.
Unloading 1378 Unused Serialized files (Serialized files now loaded: 0)
Unloading 32 unused Assets / (2.5 MB). Loaded Objects now: 2417.
Memory consumption went from 195.9 MB to 193.4 MB.
Total: 3.375250 ms (FindLiveObjects: 0.171792 ms CreateObjectMapping: 0.054833 ms MarkObjects: 2.549583 ms  DeleteObjects: 0.598375 ms)

Prepare: number of updated asset objects reloaded= 0
AssetImportParameters requested are different than current active one (requested -> active):
  custom:scripting/monoscript/fileName/PreferenceKeys.cs: 971ed4aae575beb1e198c26581764982 -> c1c6958d9062b9c9c2efa7a28affa946
  custom:video-encoder-webm-vp8: eb34c28f22e8b96e1ab97ce403110664 -> 
  custom:scripting/monoscript/fileName/OpenVertexColorEditor.cs: 30ff560893ac054d11bcf5e0433eccba -> 0bde100a5e68bc6e8f047cf079c6371d
  custom:video-decoder-webm-vp8: 9c59270c3fd7afecdb556c50c9e8de78 -> 
  custom:scripting/monoscript/fileName/PackageImporter.cs: 1fe0039e0f1efd9d08d3a2da485c6f93 -> 18c4245910829c7fba0e1946a3f22d91
  custom:scripting/monoscript/fileName/TMP_FontFeatureTable.cs: cbd25d300d7ed4d969d60cb9f98f2826 -> 5ff9812058e8c02a5b04eaa88778f2a5
  custom:scripting/monoscript/fileName/TMP_SDFShaderGUI.cs: 1460619486eb6e8da302e26af5538aaa -> 082588c068c6e819b94cdf417f8b7551
  custom:scripting/monoscript/fileName/TMP_FontAssetCommon.cs: 2b5f11ccf8aacaf9b5ea6564bf2b0d57 -> 4a5ab4d4426385ab38edd57c118cd485
  custom:scripting/monoscript/fileName/TMP_RichTextTagsCommon.cs: 5462d55f8a9ad882f9a7f2d708a6978b -> d28b21b13d6cea8fa92671f9a2a1f20d
  custom:scripting/monoscript/fileName/SmoothGroupEditor.cs: 8bc2610f365dc4634fc8c31ccc969585 -> 1064d8331a913257dab4cdfc21fcec17
  custom:scripting/monoscript/fileName/TMPro_ExtensionMethods.cs: 479bffcc157b89693ffc4c2ef2374861 -> 3d34decc871f763d4c9c61f1fe0f3275
  custom:scripting/monoscript/fileName/DTSweep.cs: b489dbbdebbb3b9e956ffbc2a0d88071 -> d045108b24d44b221d8a008624fcda26
  custom:scripting/monoscript/fileName/MeshValidation.cs: 96702c51dfa78152e589ae8ca081a783 -> 04075680859bc34196ccd56358357ff4
  custom:scripting/monoscript/fileName/UVRenderOptions.cs: cbafaf027c1745bc7e47ed02d4fc6533 -> 6e1785599c7dbe3002d892a90e785a42
  custom:scripting/monoscript/fileName/WingedEdgeEnumerator.cs: adbd097edcaa08879624b3dbf9fed71f -> 599f0117cecc3a04c53adc2951c5dbe9
  custom:scripting/monoscript/fileName/EditorHandleUtility.cs: 0ac2d22f358476e1b744f1f8895e1aba -> dfe46cfb4b3329610eea1da8172ee0c1
  custom:scripting/monoscript/fileName/HyperRect.cs: 90647cc400823b41df847a6cbfc29026 -> 8f6297df34271fdb1ce2d9607ec6261d
  custom:scripting/monoscript/fileName/TooltipEditor.cs: 051c4adf0743255fa06a6508fb451a66 -> 1883cf96151e042643af8c3e5724e842
  custom:scripting/monoscript/fileName/SemVer.cs: 3cf48f4591710125c2a8f6dc6ca94475 -> 3b20103f5867598637cd086120875f18
  custom:scripting/monoscript/fileName/ColorUtility.cs: 955d148b2d9eeb72c61392d743a13c8c -> 7083431eceae2ed89152408497c8394c
  custom:scripting/monoscript/fileName/RepairActions.cs: c98caac95a1bd550b46a8909c4bd3f4b -> 5cadd7ed963fc39bb2a3786966755ca1
  custom:scripting/monoscript/fileName/FloatMath.cs: 0fe73a55cac7bdb87b1e039ac908242b -> d1d434c83c83cea2c1b3e68a52a53b59
  custom:scripting/monoscript/fileName/UvUnwrapping.cs: 6dc18e949826aea52a2968ed7b10cc47 -> f8c8948c67465d24bbe3ec0f1df0f6d3
  custom:scripting/monoscript/fileName/TMPro_EventManager.cs: 4c7492301243f935f7a463360f91d217 -> 9ebed0b1e26a8c995d644c176e696d93
  custom:scripting/monoscript/fileName/VertexPositionEditor.cs: 46d235253e54e23a363ea17144ac2a77 -> 20ce79aba53b8806cd4c2d9cb3f3ef6b
  custom:scripting/monoscript/fileName/ToggleSelectBackFaces.cs: cd800d355c36b0670ead69c584432936 -> 72f343f70eb62a43066b2f1a9721bf06
  custom:scripting/monoscript/fileName/TMP_SubMeshUI.cs: 748262c65738bc5e1c553ae7a37a0c73 -> 7a6337f74438df5e26b302bbbbc41105
  custom:scripting/monoscript/fileName/GlyphRectPropertyDrawer.cs: bdec415148eac17379112822c8814df5 -> d355023434b9b8f82f7070cb40c7c036
  custom:scripting/monoscript/fileName/ConnectElements.cs: b040b3cb3e9da34e655bb3a47bd46193 -> 176d925c658de9703fc379a239c082ea
  custom:scripting/monoscript/fileName/ShrinkSelection.cs: fe8a97f4f165a36f66e0120cfbdfd1a0 -> e24ad03152f0b3eb84e4686d997612d0
  custom:scripting/monoscript/fileName/WeldVertices.cs: 150ff8957179426a96725d6e78b916cf -> 310d946e6af6eb78ad0f4b270ab3f555
  custom:scripting/monoscript/fileName/TMPro_UGUI_Private.cs: 90647cc400823b41df847a6cbfc29026 -> 8f6297df34271fdb1ce2d9607ec6261d
  custom:scripting/monoscript/fileName/EditorStyles.cs: d933620442e94f395abad499f0a07844 -> d6cf61a3bff17f664d8f07b288899e0e
  custom:audio-decoder-ogg-vorbis: bf7c407c2cedff20999df2af8eb42d56 -> 
  custom:scripting/monoscript/fileName/IntVec4.cs: 4a457fdc2b6edfff9af20f31f74bc367 -> a3aa0bd472fa2d3b612a88ecb38ca78e
  custom:scripting/monoscript/fileName/MeshHandle.cs: 4fb552a16b062d468ef698bbde7ead52 -> f2b386582f7474a64e17e636fc0dbbcf
  custom:scripting/monoscript/fileName/Spline.cs: f8384952784bb95e08e1e29156fe4db5 -> 28e019c03606680a097c55b58115e0b3
  custom:scripting/monoscript/fileName/ShapeGenerator.cs: 8279205acb8a1e8bdcbaa5ab6a730a68 -> 559da73ab440a4cfbb6e5ee76a94db95
  custom:scripting/monoscript/fileName/VertexColorPalette.cs: e5d6bcbfe423cc4ee23c4be5f46b1637 -> 9d1376fe8abc00794faa97ecdf5c1ff7
  custom:scripting/monoscript/fileName/pb_Stl.cs: 9b07f4f149309491c5f1435ec678ae63 -> 51af4017240795884fad9c404f4e2fd7
  custom:scripting/monoscript/fileName/InternalUtility.cs: b46a4bbee8883c649a48eca82d9c5113 -> 9f2e1420b4fef97b404fe7afd5295ea8
  custom:scripting/monoscript/fileName/EditorToolbarLoader.cs: fdf9b8f64a6e826326906d3119503c10 -> 66381be3f5526c145ba9bae4850e926c
  custom:scripting/monoscript/fileName/IconUtility.cs: 45ed954b9dd197048f268e19e52aa10b -> 034630d592d662eca2e85205848a3722
  custom:scripting/monoscript/fileName/MeshHandles.cs: 9078a2010039bebdb66a21ef9e570477 -> 37075a86fc6b1c925d8ca4770dd1cbbc
  custom:scripting/monoscript/fileName/TMPro_ContextMenus.cs: 06b3d4b27f337b8d846ca7117f3251e1 -> fbbbcbf9b4eb950e9aeda2d70529152c
  custom:scripting/monoscript/fileName/DestroyListener.cs: 6be46e6f4b52a4b0718c2fb44268f9ce -> a68c3e137947b02ac2cd9c44630cb13d
  custom:scripting/monoscript/fileName/TMPro_MeshUtilities.cs: 2237d160e4d9e81a7d899dc235029cb3 -> 183dd3a7e1b70c109767dd5059a390dd
  custom:scripting/monoscript/fileName/TMP_TextInfo.cs: 9e4eb698c4c168829682cbe659418e8f -> d86eebf32f36b8febee06365f862b403
  custom:scripting/monoscript/fileName/TMP_TextElement_Legacy.cs: 6e11e173cb695b15e8cce3cd1e1cb2a7 -> 33cc86d4b4c35f95c6446ea70ef56fc4
  custom:scripting/monoscript/fileName/TMP_Compatibility.cs: 3ef1f12d3c823dd740c7c596ab076c61 -> d5209fd9c6a9aef9cccdbfb4f06bd571
  custom:scripting/monoscript/fileName/MenuAction.cs: 898ec4fe99f46e9006b47eb12b400bce -> fae602d108041252c892c7d0dbb6835e
  custom:scripting/monoscript/fileName/TextContainer.cs: 245c032a15fbc12850861c707e37b027 -> 4e3c016869303ab3136387f7870e5adb
  custom:scripting/monoscript/fileName/IntVec2.cs: 08f3ad76946da3616135c08e32f0dd9a -> 9ebed9e7543f0e4249c4d89daeef5a21
  custom:scripting/monoscript/fileName/Pipe.cs: 5ab339b2fd460f209f184462230f3149 -> 3ca54dd364f22d106e069d3639f4f8f6
  custom:scripting/monoscript/fileName/MirrorObjects.cs: 352699d4a7651efc5cce5eea885082ac -> 30fb8dc2394f76e291a51694eebc1bb7
  custom:scripting/monoscript/fileName/FaceRebuildData.cs: 84b2db0355125c47a227c7fa1701067f -> 4f4d3770d43d79d6f5c02b08c148862f
  custom:scripting/monoscript/fileName/PreferenceDictionaryEditor.cs: 9fa6284d94bac21a015ed6b0842b4204 -> 7cd89f8e58bce998ffced9b126a94783
  custom:scripting/monoscript/fileName/TextureTool.cs: 993795ee2a60353f3a850d19c84178be -> f36f558dcac1c72ba3562e4aa1c2caad
  custom:scripting/monoscript/fileName/MeshSelection.cs: 1023d69f6dc6c80d3619702d1b000c52 -> e7812b7cf0f91d037c2e98119937132a
  custom:scripting/monoscript/fileName/PolyShapeTool.cs: 7bc678380b9081ce72ddf75ffd2e71dd -> 7dfb89ede7ce1e06d6ffd4debafe5fb4
  custom:scripting/monoscript/fileName/EditorMeshUtility.cs: 07524f479fd6253ffe9cec9107fd0db3 -> d65aa916b1419290b5f7e47cb2b5d209
  custom:scripting/monoscript/fileName/PointSet.cs: 856b6b7048d351f3361fd73be98c133e -> 1cb3625d684708a48e1f619d38f3ae4d
  custom:scripting/monoscript/fileName/Plane.cs: 10495ff9b800b2afa8268aeffb6ada07 -> fdceb9c119da0a30acdabb70cd0ba29a
  custom:scripting/monoscript/fileName/BuiltinMaterials.cs: f1801187dcebf42d4c70a9f4b283cc9a -> abbf76b631504676e7b7d7a401b3619b
  custom:scripting/monoscript/fileName/HandleGUI.cs: d5e044de315c4ae729548743aabbcc7c -> afa4af5140a52f4f9ca3da5b0ac10ad6
  custom:scripting/monoscript/fileName/TMP_EditorResourceManager.cs: f56b80268a934198a76acc6f4cef503c -> 30391129c5b96f298e44c099ae0fab57
  custom:scripting/monoscript/fileName/TMPro_FontAssetCreatorWindow.cs: 0d0900483ed9b57d4ccc2ff58d1220b3 -> 9d68c1aab1c646cdf3e70083dc01df96
  custom:SearchIndexIgnoredProperties: e643bd26f0fe6173181afceb89e7c659 -> 
  custom:scripting/monoscript/fileName/Export.cs: 078559a78b86060d1b211241c5c67779 -> c50292d7ecb2991c4e7a9d81cef51859
  custom:scripting/monoscript/fileName/IHasDefault.cs: d3ac6d93a1f2a0255a9ab45bb4e61b9c -> 1e14a04e64e81d8f0d3e7c9ca86f95f4
  custom:scripting/monoscript/fileName/TriangulationPoint.cs: 32917afe2890c1499ece497286a4d04a -> 1035c919b741bdf95e2932b37bd260e4
  custom:scripting/monoscript/fileName/AutoUVEditor.cs: a2d70cd5a5b723a42dd96d8849970c6c -> 627ab62f8fdd1604c3ee48475ef9e815
  custom:scripting/monoscript/fileName/HandleConstraint2D.cs: 0be005422d79e45e5239b3f12629e4ee -> 9015774b3c0bbbdd3a4330fb8924982c
  custom:scripting/monoscript/fileName/TMP_SubMesh_Editor.cs: b381eb4c2ad4ef265088242d67c5b140 -> 6199a3bf0c204e3bdded9f5f05415a32
  custom:scripting/monoscript/fileName/TMP_Settings.cs: 68d1204aae2aa6d0a54c151b7af443e7 -> 957f1889ca66b295dca8f725cc81558d
  custom:scripting/monoscript/fileName/TMPro_SortingLayerHelper.cs: 8b86ad735987eff6a1277352e9e8d9b6 -> e3aabd077ed12370ac46dda129ef572e
  custom:scripting/monoscript/fileName/SelectionPickerRenderer.cs: ebb4947fce4540eba10b7d1df3164b8c -> 73f1e4a4a65ed18cd1e1d52a19d8d397
  custom:scripting/monoscript/fileName/Extrude.cs: 34a5e82da627ee072b8b3873fd02e1ab -> dcbaaeeec29f276dbf276d9d529d07bb
  custom:scripting/monoscript/fileName/TMP_TextElement.cs: 5dfb95666bd41ecc32948097824aba23 -> fb8354965187a75f506d9a9df85f19dd
  custom:scripting/monoscript/fileName/TMP_InputFieldEditor.cs: a6f05406e9cdb59679382b884c14216a -> 8f2095c37e5fd5ed563d60163f0c2e52
  custom:scripting/monoscript/fileName/TMP_Text.cs: 5cba61e283281e8dbf7dadaabcd638dc -> c453c9b4dcb2bfad1083e3b49dfa3983
  custom:container-demuxer-ogg: 62fdf1f143b41e24485cea50d1cbac27 -> 
  custom:scripting/monoscript/fileName/DTSweepContext.cs: 2981771f565ec1526dc5d821e460f88f -> 04c0f7cf0e165c3283113f604cd42540
  custom:scripting/monoscript/fileName/OpenMaterialEditor.cs: e48180fa4e846a1c9510af46c88df99b -> baa1f65543a2c837b5be23900001d62c
  custom:scripting/monoscript/fileName/UVEditor.cs: bb46d5bac7199bd3c17dd891460f80ff -> 72ca5bcad2be1e7fb633cba0a986444f
  custom:AudioImporter_EditorPlatform: 3918e3fc78b5a79bad01e8451be0beb8 -> 
  custom:scripting/monoscript/fileName/PreferenceDictionary.cs: 39594dd21319b14ffe21cbd90959a3a6 -> aa8b39134effb62bcf93956ec1113878
  custom:scripting/monoscript/fileName/Experimental.cs: 91e9d2d4ec28f211f51aa6b3c2d6addc -> 74044429c642e1d5383cff33699e9713
  custom:scripting/monoscript/fileName/ProbuilderScaleTool.cs: 2b819c71d43921e551cd144d387df88b -> 693ed401cdd2268a25a82a0b4d09aedb
  custom:scripting/monoscript/fileName/ReflectionUtility.cs: 4f20c90f34e7c9a0975037e76bd514e1 -> e9fbf2f99142e54c08e7ab42214b8d2e
  custom:scripting/monoscript/fileName/TriangulationContext.cs: c42f2501129644a7463ca94823659aca -> adf33f40b421fead56d5d60ed76341b6
  custom:scripting/monoscript/fileName/ElementSelection.cs: c68aacab4736cb88931cbda58954f8b2 -> 6fa56cc3b2c46b068ce001582f75bbdf
  custom:CustomObjectIndexerAttribute: 9a22284fe3817be447336de3de66b15e -> 
  custom:scripting/monoscript/fileName/TMP_SpriteAssetImportFormats.cs: 920e3140228fbd530b0080254da22d88 -> 3cc56654a2015a96112916e9636fbe6f
  custom:scripting/monoscript/fileName/TMP_StyleAssetMenu.cs: 60e7743122a0686d1131101c521adac6 -> d695e815510410a6715fa00ae5e73f57
  custom:scripting/monoscript/fileName/TriggerBehaviour.cs: 9e9b28603c1443f5d61fd91ef7ccbf86 -> 79e7a86a8530867940d5ec2db58f3ac8
  custom:scripting/monoscript/fileName/ProBuilderMeshFunction.cs: 90647cc400823b41df847a6cbfc29026 -> 8f6297df34271fdb1ce2d9607ec6261d
  custom:scripting/monoscript/fileName/TMP_MaterialManager.cs: 441d72ec3c04a8da6a351f60fff95465 -> 1382feee688fee3eebaa5e9d7b47e98d
  custom:scripting/monoscript/fileName/StripProBuilderScripts.cs: 8d1118df1b038f5729efd517ae8a88bb -> 28ed736835aaf61296e94776be7fe22f
  custom:scripting/monoscript/fileName/ConfigurableWindow.cs: c5114dc30bc9061442d90941d750ad69 -> dc908ec59e43674d94e6c44d5f6f0a04
  custom:scripting/monoscript/fileName/TextureMoveTool.cs: ce8cacc59824d8cf57a35f09c16f8711 -> 561dc27692dc87b40ac845b590590c6e
  custom:scripting/monoscript/fileName/TMP_SpriteAsset.cs: 8d06882cb45c7664f8d7c3079ee8757f -> b46309090c7f7da519ff6ef3172bd077
  custom:scripting/monoscript/fileName/TMP_TextParsingUtilities.cs: 8b3fe20641ae0dd97405135955c706a3 -> 47331f425db7fa5c443a11c866530503
  custom:scripting/monoscript/fileName/TooltipContent.cs: ebba672cca5b3ad7206f389dac2aaebf -> 59ac72fe5e43e89296b93f6ab317b8c6
  custom:scripting/monoscript/fileName/LightmapUVEditor.cs: 4a5ea877356561228eed906adcd3bedb -> a2aefb495142dc468618fa8a501b7aad
  custom:scripting/monoscript/fileName/PreferencesUpdater.cs: 83612b3eb5c9f939088fe8899554f47b -> 9a363e698ce1b17dbc0d2d4dab7a63b9
  custom:scripting/monoscript/fileName/SmartConnect.cs: 8e54477dfa9d32f8770b42f4e609398c -> 7cc56315c2f7d3b4ddbfec9b55b217f6
  custom:scripting/monoscript/fileName/ExportObj.cs: c18a1561185a459c7d8d09a4d25283a2 -> b50eb634a6665886ac462c95bd53c18a
  custom:scripting/monoscript/fileName/ProBuilderAnalytics.cs: 2cd7a59044f39493e703b05f32b66c91 -> 1c7d7c6ab5b13a09bcd39014b45b9a79
  custom:scripting/monoscript/fileName/EditorUtility.cs: 4382ba71a5fdd3efad937be52139f5f9 -> 93f1489ed0c05fd005da29cea6da0c82
  custom:scripting/monoscript/fileName/Arch.cs: b067ac6b52031bd7322d6f3511ad169c -> f1c51c8c0bcd0928d443c381b195e68f
  custom:scripting/monoscript/fileName/LogEditor.cs: 40340fd10eb0d8176aa6afc39bccbaf4 -> 5e1c92e4622e71b33b738b828fa27fb8
  custom:scripting/monoscript/fileName/FlipObjectNormals.cs: 5609faa163c9a11dab9cd43e902b823c -> fb2365562ddc0eea3f4f6e4b9288df3f
  custom:scripting/monoscript/fileName/PositionTool.cs: 2fd18bf8664a011c4421990ba96d6342 -> 5e734435a39761992fa026a9b9d7a18c
  custom:scripting/monoscript/fileName/Edge.cs: 057c878f971a98ac6fecd89263127db8 -> 6e8d0d5fb0fb548cecca33c0fd183e9e
  custom:scripting/monoscript/fileName/BezierPoint.cs: 34833cc72fdb3a48f1f4d008cbd59fdb -> 7525997013ed3923f7017a1f8bd43327
  custom:scripting/monoscript/fileName/TMPro_TexturePostProcessor.cs: 0750ad2b775120fa59f760172dc340ad -> d21743efde4e74198703a65b965619ea
  custom:scripting/monoscript/fileName/TMP_ResourcesManager.cs: 64252a073d41e9c6f4e95b5f68ac966c -> 0d972ba50c38c5b25fe15fb0c61ada2b
  custom:scripting/monoscript/fileName/Smoothing.cs: 330a1dd6217f1894b6d80984c74f9c02 -> a5f43ca51675d12c056752c71c91493e
  custom:scripting/monoscript/fileName/TMP_PostBuildProcessHandler.cs: c69b388004562ecb0f789fc3759d9651 -> 728d00fd9070cbfe6d8df45c08e57305
  custom:scripting/monoscript/fileName/ProBuilderShapeEditor.cs: e9de23e6a3e5ceebe7af47bb766a8898 -> 889928ab8d4165b46609eb6bf1b9947d
  custom:scripting/monoscript/fileName/Projection.cs: ed09dc3fa75f6d964258c142443c8e2f -> a99aca606acb7395e9583f20da6bb81a
  custom:scripting/monoscript/fileName/ConnectVertices.cs: 8257d8a693dec45e625c35a99914af6f -> 9f1e5d145cdb3ffd0765deedcb2d98bf
  custom:scripting/monoscript/fileName/TMP_DropdownEditor.cs: 2d907ee76ef876797c15186180266847 -> 6df138b51e278f9c93bd4976e96aa952
  custom:scripting/monoscript/fileName/EntityBehaviour.cs: 7a0182fad58e8b86f5d1052d96507e02 -> 7020f30221d5fc623dfd25c0afe538c2
  custom:scripting/monoscript/fileName/MergeElements.cs: c9b3400349305ddcd54accbdabf30f58 -> c200d1c9feef6a7cfad8fbd59745c8c0
  custom:scripting/monoscript/fileName/EdgeUtility.cs: 1a660714836b36f59bcd2ddafecfe565 -> d5d024e13a2c772fede5968a2a84bad1
  custom:scripting/monoscript/fileName/SelectionUtility.cs: 92d2eece3ee87ab27a4e71ba6256b756 -> 62672b6b7b9f66de36e9019b7ab61216
  custom:scripting/monoscript/fileName/ToolbarGroup.cs: 61877aef40bf12b94f4563196b114281 -> b3446a3ba7dbd0117ea9f39ef820f9d1
  custom:scripting/monoscript/fileName/Entity.cs: 46f49b609c478dd10de66061000fec95 -> 2a45643cd0ab11f7a87a1756acaf27c8
  custom:scripting/monoscript/fileName/ProBuilderEditor.cs: 2dba96b7748ca8a4b559fcb455a58b78 -> cb8336c5ae1ba4e4350b3a477f3a84f5
  custom:scripting/monoscript/fileName/TMP_PackageResourceImporter.cs: 949b6e7fa2132b400d5c4aaf9c34421a -> 5335f4ee7041812300af31a777e4f584
  custom:scripting/monoscript/fileName/EditorHandleDrawingScopes.cs: fa69dc0aae38f933c4768b1a381f6f16 -> 6e49124636030e26c07fc62951b3fc99
  custom:scripting/monoscript/fileName/ScriptingSymbolManager.cs: 9f4ebf1856d93cebe044158f23b01e0b -> c441cb9442058a8009c4677e535a8f5a
  custom:scripting/monoscript/fileName/MaterialUtility.cs: 39fc2b5fdbf10826d74b00a710dbbd4b -> 88cf4fbb88e3f1204571500ff4ff9e45
  custom:scripting/monoscript/fileName/TMP_EditorCoroutine.cs: 04cbf5ce6e541d98265aa7668ef82832 -> 01d80099920d11c11bfa87417e26164b
  custom:scripting/monoscript/fileName/MeshTransform.cs: 558feaf5ce4456f3514221266af9489f -> cef0215a2fecd1c2d2cbab8f5227f824
  custom:scripting/monoscript/fileName/DelaunayTriangle.cs: 908235f5d5e291f50089ca6a8bdf4c13 -> a054c1ee7cb04c097e8ceb96652dcdfb
  custom:scripting/monoscript/fileName/ExportStlAscii.cs: 9a4dfdfba98097a3c691a44b59f67ad6 -> 0202a109a87d532de90cb92c017792ca
  custom:scripting/monoscript/fileName/Submesh.cs: 51f2a9e71cf380288c6159863c8c6958 -> 3b9f33e18b686f2ef961a1460f1ca761
  custom:scripting/monoscript/fileName/CenterPivot.cs: 0540fa0c3bb9c7b452e63f89e313456c -> 770b513b1417a468a49e0612e0dc1780
  custom:scripting/monoscript/fileName/OffsetElements.cs: 112aeff604960ea9032670cfb4a87fc1 -> 458cc781ffeffd7206e0b1c130f2eec5
  custom:scripting/monoscript/fileName/VectorMask.cs: f37b197a0f2e7d76768feac2551f97f2 -> ba27e7ec933b2076546dcfdaaa788a30
  custom:scripting/monoscript/fileName/FixedBitArray3.cs: bc9279bedd3a6bc1feb5645d9911ddcf -> 19581a695ccc746fb3b7e7dd64fdf8bb
  custom:scripting/monoscript/fileName/AppendElements.cs: 48197571f7c160b8c47e348465caee55 -> 486d83c701ebf06e31569da6a2aa2a61
  custom:scripting/monoscript/fileName/SubdivideObject.cs: 15529496d16d945ce564dd73b9f022cf -> d85411130466895ad74cddf2f8961b2a
  custom:scripting/monoscript/fileName/TMP_Style.cs: ecc9948baa78373f3076151d1a0642d9 -> 22d5739edd705d10f980250dcfd7fde0
  custom:scripting/monoscript/fileName/ConnectEdges.cs: 8f686a7fff4566a6aa5be848bd67c552 -> ae65098df42811e49cbc9fbdf9c8945d
  custom:scripting/monoscript/fileName/BridgeEdges.cs: 7b3cbd3298c1cacf3fd10a2c13fb2858 -> 10bad4efb9bf2e63956f391bb2c8b8ed
  custom:scripting/monoscript/fileName/IKdTree.cs: 90647cc400823b41df847a6cbfc29026 -> 8f6297df34271fdb1ce2d9607ec6261d
  custom:scripting/monoscript/fileName/ExportPly.cs: 570e49f6204b40b7c2281c056489e701 -> 53679ea737f5b1dfa36f8666443d6fb4
  custom:scripting/monoscript/fileName/ToggleDragSelectionMode.cs: 6a922485a12d7e52256776f0adc1d3b0 -> 717210f7999935796e1f0c5e4d460495
  custom:scripting/monoscript/fileName/CSG.cs: fddebc96510ce08c125abace9d05eafd -> 2dc6a8dbd39bdcb649b4c2d3b5a6989d
  custom:scripting/monoscript/fileName/GrowSelection.cs: de1d66ff5d47fd9485b62f0576610afb -> 1bca638cbdbda9d68e37eef4443b3cb8
  custom:scripting/monoscript/fileName/SmartSubdivide.cs: e83627bb1da7bd1a9a208feb135dee35 -> cfdafb8092010961486f401c21290682
  custom:scripting/monoscript/fileName/TMP_StyleSheetEditor.cs: 38b210a450ac855df2d81ab0242c2feb -> b6503d890746d6150e0f267f43ce60e4
  custom:scripting/monoscript/fileName/EdgeLookup.cs: 1933ab40224290e9191c61e11eab2868 -> c9997fabb8a6c934a062de5df942cb8b
  custom:scripting/monoscript/fileName/SelectSmoothingGroup.cs: e7adc037d5343729fde59c2f041f72e6 -> 77ca64551fca402d7ced40d23a45fbac
  custom:scripting/monoscript/fileName/TriangulateFaces.cs: 7d58267eca67ed800671b3fe1771472b -> 7384e16273c0b0cb8589d3e983ff177a
  custom:scripting/monoscript/fileName/OpenSmoothingEditor.cs: b7bfcfe69a934092c115177d09b130dc -> 560aef3f7be06bb4ace9e3ef06de1679
  custom:scripting/monoscript/fileName/SetPivotToSelection.cs: 0a4f1a088a797c04c53d4f4d7ec66668 -> 4b1632cacf89ec92f9fec662bcb33ec8
  custom:scripting/monoscript/fileName/ProBuilderEditorShortcuts.cs: 2e87be32c8a93b1377e99b0795a6bb9d -> 449f66bb9fa7cf61c5b8fa043ae0c50c
  custom:scripting/monoscript/fileName/pb_Stl_Exporter.cs: a0bbf115d527a544930104c2dcebd300 -> fc035555d13973baa50218da209917b1
  custom:scripting/monoscript/fileName/HandleUtility.cs: 3a2b940ef1063bb7ed90d70b8e902cf5 -> 91f1544f408469553ae7951802376dc7
  custom:scripting/monoscript/fileName/TMP_EditorPanelUI.cs: 0c3fb43855adf1da22258c211d01a47d -> 6242af713a75147e6e5820bfce936424
  custom:container-demuxer-webm: 4f35f7cbe854078d1ac9338744f61a02 -> 
  custom:scripting/monoscript/fileName/IPriorityQueue.cs: 90647cc400823b41df847a6cbfc29026 -> 8f6297df34271fdb1ce2d9607ec6261d
  custom:scripting/monoscript/fileName/TMP_FontAsset.cs: 6c1db4680a96f294cf0af87a0b8099aa -> 52c81438acb65fa444fe26964ef0345b
  custom:scripting/monoscript/fileName/SurfaceTopology.cs: 9526d30cd2f928b0eb81e56b5d034cc7 -> fcacf53dc1a9d80c141f45da4ad5cacb
  custom:scripting/monoscript/fileName/ProBuilderMenuActionAttribute.cs: 3674968d5ee67384faaf101c9d3dcda8 -> aa21e1cb340b4d66624ab269efca064a
  custom:scripting/monoscript/fileName/EntityEditor.cs: a91f91f5e306a57ac3e888e91213305d -> 479bbcdafdc8895866e190aa1e4ed7ae
  custom:scripting/monoscript/fileName/SimpleTuple.cs: 0cdf409b5aa8d4c25876d72b5c6a3b60 -> a53f96815da50de15010b1c479bc70cf
  custom:scripting/monoscript/fileName/SetTrigger.cs: 286b69f4327b4c46524ba1c15eb198ce -> f7f341239430639cef5ba11846355a7a
  custom:scripting/monoscript/fileName/IntVec3.cs: 2c04041d253e07e499b1153625966a9e -> 8e91de7bd5c399115a08ccab7da9cd25
  custom:scripting/monoscript/fileName/DrawShapeTool.cs: ac1712ae32bc97f8f4f25c7ab7b85183 -> 087ba03db22cf2aea364f3b020b8922b
  custom:scripting/monoscript/fileName/TMP_SubMeshUI_Editor.cs: 119a633ce37cc27ac209988b5de61d96 -> 765ce633a5bfada7c5afc51aed8631bb
  custom:scripting/monoscript/fileName/Vertex.cs: c33a8579f06fb5ec710638da284dce30 -> 3fc3fd0e61353ff6b176457a8fd399b5
  custom:scripting/monoscript/fileName/Triangle.cs: 38f2dea2cbf63a10d865b3c93a929d93 -> d0562d63fecbf5188e24fde2e83ce680
  custom:scripting/monoscript/fileName/DTSweepBasin.cs: 245db94975c479306e3cbdfe84d22fb1 -> 96c7d9fe46864bb8d255e7f6e122a693
  custom:scripting/monoscript/fileName/Bevel.cs: cda4b6394b0873a5b8e8df0dce506d92 -> 8dbd493457fbbaa6f0a8eafd7c8dcc46
  custom:scripting/monoscript/fileName/DetachFaces.cs: cf9073f1266f2923b20679a1bde3c8c0 -> 94dd7702b69703198ce1c3c7aa68e223
  custom:scripting/monoscript/fileName/ShapeState_DrawHeightShape.cs: bf3d191b58aaab9e01024402c1802b6e -> 2464cba411c66ffea21889b6bb1a9e5b
  custom:scripting/monoscript/fileName/P2T.cs: 0aa69cc22c33e17e24d809b0c56993bc -> 5311fa65ea4de3c842913b51a3672a69
  custom:scripting/monoscript/fileName/OpenLightmapUVEditor.cs: 1e75a505fb05c16310e33b72465177ef -> f4a58c1b2bf684de0477f3ca649636c6
  custom:scripting/monoscript/fileName/ProBuilderSettings.cs: 44e160cbb89a8c9e895fdc5e21b659ba -> 5a96b8b1ccf6640321034b1f4527c6d9
  custom:scripting/monoscript/fileName/GenerateUV2.cs: 7e9f55032cd43909a50ad3d71fd47174 -> fa8c5f708ed1b733fb4e35d385baccf2
  custom:scripting/monoscript/fileName/Shape.cs: 0c1bd185dc308e7f1b0ad86de0300f5a -> b68a5dc625e9be120706720fea43f4b9
  custom:scripting/monoscript/fileName/TMP_BaseEditorPanel.cs: f4b9967705e7bb57152fef4117417ba7 -> bf7c6aff8663a36814779dfe47e82e00
  custom:scripting/monoscript/fileName/Transform2D.cs: 99c230faf7d8b1d82d86bcfe0bdd121e -> 8d8b4790312f50d85e5b76972af21da4
  custom:scripting/monoscript/fileName/MergeObjects.cs: 11f6d640a9d3c77be19a9d5930aa559d -> 4a98045f4cd14250333a534475d04874
  custom:scripting/monoscript/fileName/EditShapeTool.cs: 5e5caa4d0c9b3b31aa98622a360a986a -> edf2bf13d6fce430418380467ef7d6cd
  custom:scripting/monoscript/fileName/TMP_InputField.cs: f7712ab842984f124274656d749eca3d -> 8fed3480abb5543168012b207b39349b
  custom:scripting/monoscript/fileName/TransformUtility.cs: d73c91a7d4fba2846cb7f791384de39e -> f8a825729175a8eb807be414b7783c28
  custom:scripting/monoscript/fileName/ShapeState_DrawBaseShape.cs: e0d5b8da05d52dbfb8f12dcc42366618 -> 343d5e9d83baac5a65a94a52293c2ebf
  custom:scripting/monoscript/fileName/TMP_Sprite.cs: 0ee3c386846aa132dd254421fac18cd1 -> e9945527ea1584af23f8f41ce4b844b4
  custom:scripting/monoscript/fileName/EditorHandleDrawing.cs: e4a253013e923fc5e2a42116f3e9cb52 -> c0b6f35562a3c493b8272c548242aa12
  custom:scripting/monoscript/fileName/UnwrapParametersEditor.cs: ad2871f345be52d0cf9added22b9bbb9 -> 46c6178a4fd4477a754acf75893976c4
  custom:scripting/monoscript/fileName/Cylinder.cs: c1df0163afb2da9cb82c7acacf1ed730 -> 67c389358d4360f5810186f579b884ba
  custom:scripting/monoscript/fileName/Math.cs: 4765fe41cdb59756d6a6579184fc0ff8 -> 810421a6066b39d78a9ffd9f3991df48
  custom:scripting/monoscript/fileName/SelectionPickerRendererStandard.cs: e1a12a27c7781421a618a7721df48c68 -> 8743fb0efc136665a8cc090eb2b971c3
  custom:scripting/monoscript/fileName/UVEditing.cs: 282cce0694f10e0de5a3bd7509995bd0 -> d95c0ab26b17358202fc0975ff46e659
  custom:scripting/monoscript/fileName/TMP_ResourcesLoader.cs: 6f1f07799f3cfe795f955033c27f98ed -> f71e35ced40721d6906e578fb6e7f0e9
  custom:scripting/monoscript/fileName/Log.cs: 2f3b85a20367d6d99e3a14c7ae399267 -> ef974d1e30c85abd7256cecbc60a1fbc
  custom:scripting/monoscript/fileName/TMP_StyleSheet.cs: de73099b6bd4b9281c92feedf1315618 -> b6deb5f646a1f5ad7b696d32618ba797
  custom:scripting/monoscript/fileName/TMPro_Private.cs: 90647cc400823b41df847a6cbfc29026 -> 8f6297df34271fdb1ce2d9607ec6261d
  custom:scripting/monoscript/fileName/TMP_MeshInfo.cs: 89833651f7d905e51b340ec2afe531d1 -> 375ed9fada55d6bf39f9352ef1dd520b
  custom:scripting/monoscript/fileName/TMP_SpriteCharacter.cs: 81dc73ff0878d6528202f8be44877b26 -> fe232bb280dddc880a01918d3502c13a
  custom:scripting/monoscript/fileName/SceneDragAndDropListener.cs: 07a111f362d027d85d45bdb7a902f14e -> 7eedb350c997b79189715bec5609131a
  custom:scripting/monoscript/fileName/PolygonSet.cs: 1d5b94bd81a36884686c2f6dc3640c06 -> d3555720d371c4592c80ff65e5b1085e
  custom:scripting/monoscript/fileName/DTSweepDebugContext.cs: 6ac3331923d1210cbd6f306a6bc3e3c2 -> 48402eb94f889eead1a14f20ba973022
  custom:scripting/monoscript/fileName/EditorShapeUtility.cs: b01457005654bb980604fba5d004d802 -> c452951f22509d3851777ee5927b7553
  custom:scripting/monoscript/fileName/Cube.cs: adf8d58792eaf50687787b68f170b6d6 -> 5a04a3344fd366715c4f1ec6471bd7b1
  custom:scripting/monoscript/fileName/Clipping.cs: 1741f8440a6254efcb95789a09be4e6a -> cb4ee0c14739aef486e76b64df8452f3
  custom:scripting/monoscript/fileName/TMP_ShaderUtilities.cs: 84a261643983e306d02445da38ed662f -> 75ec062faab558cb3190dcd3e4820547
  custom:scripting/monoscript/fileName/TMP_SettingsEditor.cs: 56bf06371df7e13c5b8cc88becb89a4d -> aa2b5eadaadb4b54b49cd650a2246119
  custom:scripting/monoscript/fileName/ShapeMenuItems.cs: 5f7ac6f810ef27e38f22b209ac1fc203 -> ae71d417fb6ad9ee80562655da47e069
  custom:scripting/monoscript/fileName/TMP_UpdateRegistery.cs: 1f23864d29c3a03d22aa9b00a337cf78 -> 62691e6bdb107984e7d826316a6498e1
  custom:scripting/monoscript/fileName/TMP_PackageUtilities.cs: 89e6e95503dd36070edf73e7aaab4557 -> 029634ff6f667ebc9454d70fde4def50
  custom:scripting/monoscript/fileName/TextureRotateTool.cs: c2d0baad66e4308f6143c552f0536843 -> de64360b3418b9277960231417fd3632
  custom:scripting/monoscript/fileName/SubdivideFaces.cs: 9109bab35f1c932e6b2935ab1452a120 -> 2f575da67016e5b8df89dad1b65d5a8f
  custom:scripting/monoscript/fileName/ProBuilderMeshSelection.cs: 90647cc400823b41df847a6cbfc29026 -> 8f6297df34271fdb1ce2d9607ec6261d
  custom:scripting/monoscript/fileName/Face.cs: a341fcdb31a7309723bdeb224f913433 -> 6b59248edf20736fe649e807e73c44a1
  custom:scripting/monoscript/fileName/FastAction.cs: dfbe75b66b645b53472915ad2590af11 -> 94d6ead813247e604740a116c5fa92db
  custom:scripting/monoscript/fileName/TMPro_TextContainerEditor.cs: b2fbc5db24221a870c4de162a712cbfe -> a97aca5bcf1b2486a0f60b2c7a935c42
  custom:scripting/monoscript/fileName/TextureStitching.cs: 282cce0694f10e0de5a3bd7509995bd0 -> d95c0ab26b17358202fc0975ff46e659
  custom:scripting/monoscript/fileName/ArrayUtility.cs: 1a4a57b6fbdf126f88c3fded2fdb776b -> 1c0723927a1dea4084aafa27e0babf3e
  custom:scripting/monoscript/fileName/ProBuilderMeshPreview.cs: 2c7c631c64eeea962429990f92666a51 -> d0230fea5a4d87373ad48ccae09a5956
  custom:scripting/monoscript/fileName/SelectEdgeRing.cs: a765561d8bccdd9a6baf3be3ef9ae6db -> 27dd4e73df0c1e8d2b1c164c1934d4ce
  custom:scripting/monoscript/fileName/FileUtility.cs: 71e69a0dda932652b4750f9f3d825114 -> 2961bba77c56c2a7229c3afaf4d78e44
  custom:scripting/monoscript/fileName/ContextClickManipulator.cs: 551ac0135cff9eba4bc63f242fd17841 -> 00a2ed4616fd5b136c16062206b02a4a
  custom:scripting/monoscript/fileName/ProbuilderRotateTool.cs: 46e8d522aca3344981cffc698ba16ada -> dfae9ba6f205547711d4eb1051f4780b
  custom:scripting/monoscript/fileName/Stairs.cs: 172b180c42a148fadf6415c52210a729 -> e254dec4f733abbd87258b46868d5452
  custom:scripting/monoscript/fileName/ProBuilderShape.cs: 3618f60e8d988cd8a0d66f0d060fd11a -> 4b94d05e947c45e53fde635ac0ebc2cf
  custom:scripting/monoscript/fileName/UnwrapParameters.cs: 644d0ce037708f9b6663416e490c0d59 -> 4d960715ecef383b56d2951e9c9da8c2
  custom:scripting/monoscript/fileName/DTSweepConstraint.cs: d620e55901dd883c92623a89c42030d5 -> 59c05bd289d9bce59258a29a158ea47e
  custom:scripting/monoscript/fileName/FillHole.cs: 49c97a483d8d6d36ce8ef90c74d4a79f -> aaa6fe80b3a68244078a7567ada0e365
  custom:scripting/monoscript/fileName/Prism.cs: c53bfe8cdbfb08eaf3dbf8c35a208bd4 -> 5f904ea39c8c32d25068cda89e69a200
  custom:scripting/monoscript/fileName/TMP_GlyphPairAdjustmentRecordPropertyDrawer.cs: 1a07941369755af9e0a102a45e9058c5 -> 6f07d27e8ea91e29d6bd5f39dd8deb23
  custom:scripting/monoscript/fileName/NewPolyShapeToggle.cs: 8acdd5cdcb7ee88e0e50b5931573fb4b -> bad7bfc867c0bf962133efa0f79b1273
  custom:scripting/monoscript/fileName/ExportStlBinary.cs: 5c64685a83bd5cbedf78a40252f3b12d -> dd8e10d762f32598ab0e1122ef48e9d4
  custom:scripting/monoscript/fileName/FlipFaceEdge.cs: f530ea0a74860a23981eb940ef68b251 -> fb9aa292368cc4ed51a43e9289ea2cfd
  custom:scripting/monoscript/fileName/FreezeTransform.cs: e675172267d870c70773e18ea0e1e250 -> 1599ad6ba59967d6e4db33cdd9b238e2
  custom:scripting/monoscript/fileName/ExtrudeElements.cs: 4c7ec400f4d4c6eaeb8b42dd1d2a747d -> 806117c07177fd070bb6a8f15afbe267
  custom:scripting/monoscript/fileName/TMP_FontFeaturesCommon.cs: 7d1db71d73353e7dd97f094c509882fa -> 89ff6ee76bb6f84827488d597e70ea5a
  custom:scripting/monoscript/fileName/TMP_LineInfo.cs: bb529d63c9723788bd7143f27cd69eaf -> 22ff02e7762110d3cc1f4bc096ea014d
  custom:scripting/monoscript/fileName/PreferencesInternal.cs: bfcfc9829daeeacc6e112df0986f85a6 -> 530b66421d3187fea0f2ff7b5a72657e
  custom:scripting/monoscript/fileName/VersionValidator.cs: bbb65e8a50d52b88a89cdeafda2af2f0 -> aee62f3e1b7975d116f5ff369b76465b
  custom:scripting/monoscript/fileName/UvAutoManualConversion.cs: 762f54589cdc906e3e1c04a57cf8ef9a -> 00828e5b9f8d412532156fb92532052a
  custom:scripting/monoscript/fileName/SelectVertexColor.cs: 7f0acb641efa7529c84cdbc924192168 -> 2865361f5d53aa2680c91d8c32a970a4
  custom:scripting/monoscript/fileName/ITriangulatable.cs: 5f8974429dff74ed7b6ecd00071f21a9 -> e9a73ba7369908268727333b921f0a74
  custom:scripting/monoscript/fileName/SelectFaceRing.cs: 3c7218fc27e261315951073ae7a7ef33 -> f5d0b1fb65552736125cad06744f8320
  custom:scripting/monoscript/fileName/Bounds2D.cs: 16ca90bc5c32dbbd92a84501f2c2743d -> 4ee9454de9a8cc8ab3a847168e9e1f47
  custom:scripting/monoscript/fileName/ExtrudeFaces.cs: 8da1d7548a755d4f7bfa6a3ad702beef -> afb8e77f6f04c56f7c5998b35b8192ec
  custom:video-decoder-ogg-theora: a1e56fd34408186e4bbccfd4996cb3dc -> 
  custom:scripting/monoscript/fileName/ConstrainedPointSet.cs: c9342aea7930c4ca55cd85acb4b82d33 -> 47771b5cd16d7a2fb324358db317755a
  custom:scripting/monoscript/fileName/TMP_UpdateManager.cs: fa7e71df671c5b3088b39753e4bbc70d -> 2b12c9b6d4082e0390a306eceed60fc6
  custom:scripting/monoscript/fileName/PointOnEdgeException.cs: 9e0012c09b9fee63c09ec06c54fbb87d -> 111622b5fd1bfc13cefcbb1aba3b389a
  custom:scripting/monoscript/fileName/DuplicateFaces.cs: 5ac5a69e6f038f9fa1492c8090a28996 -> fcd403cc51417d4fabdcff556d863805
  custom:scripting/monoscript/fileName/UnityScenePostProcessor.cs: 3af372e3e8128a470ce2c75685918c73 -> 355f8337335879c63d848a50cdab2946
  custom:scripting/monoscript/fileName/AssetTreeView.cs: f69e053f44c2ceb1d31b6346bdecf246 -> 2e85c4f99419cdb4a1518e9dc0b1f7e0
  custom:scripting/monoscript/fileName/TMP_TextAlignmentDrawer.cs: 011b7908ef5eb5e9dea532c77e85c538 -> ad15f73780bb9949f148eddcc3c3fbf7
  custom:scripting/monoscript/fileName/TMP_EditorPanel.cs: 0631f68be4ca0623bf3e313ec9becbc9 -> 0bd13db7cdfa07805bfadd631c0ddba8
  custom:scripting/monoscript/fileName/IHasPreferences.cs: a5f85efc1fefea988fce750a73fadae7 -> 1ad5ed8c1aa8e49fd9ef61122c0c14c9
  custom:scripting/monoscript/fileName/TriangulationUtil.cs: f18a7fb009b05f02616bafd07fbae553 -> 9c34fd675f82fec84d9e1a93c81ec48d
  custom:scripting/monoscript/fileName/SelectionPickerRendererHDRP.cs: e1a12a27c7781421a618a7721df48c68 -> 8743fb0efc136665a8cc090eb2b971c3
  custom:scripting/monoscript/fileName/TMP_EditorUtility.cs: b242106620cbbc38f0411146a086b885 -> f68b71b7543cddf9e4cdf261d5f519e5
  custom:scripting/monoscript/fileName/TMPro_CreateObjectMenu.cs: ddee59388caa7a56693342f3a805d427 -> e9e63aff764c7e7fd08e66f87103df4d
  custom:scripting/monoscript/fileName/SelectMaterial.cs: 9a86428319d18f00e00cf559df42df52 -> 68253dfa0eb4aed4fa93ce3f7dfd78d3
  custom:scripting/monoscript/fileName/SelectHole.cs: 331dc98cef43e5c9a3f6963fcc1bfe76 -> 30a46f79959cc819958849feeb1c5941
  custom:scripting/monoscript/fileName/PlyExporter.cs: bf5494e3645f49425628ca78199ab31d -> 387fdb165aa0453aa97982c13d7544ba
  custom:scripting/monoscript/fileName/SelectionPickerSettings.cs: 2d19355ddaebe622fb966ebf4e2a7407 -> 4abbf7aee3c44abab686a289f1fa4626
  custom:scripting/monoscript/fileName/ConformFaceNormals.cs: 05b09c7c65b09cbd069b7d54a7757b98 -> 70ae96991aefdfb4e1066374faf96754
  custom:scripting/monoscript/fileName/TMP_SpriteGlyphPropertyDrawer.cs: 1447c7afab82cf56bc359d5c7fba114e -> 4a6f1515709a40d92e24c84ec92fc53a
  custom:scripting/monoscript/fileName/DTSweepPointComparator.cs: 797b86f3c76f8674cd07c1b4091aebb1 -> 22d3ddb7fd4121b94809f8679e66fd07
  custom:scripting/monoscript/fileName/ProBuilderSnapping.cs: 299be986ce6dd2a383c58b87f56cf5bc -> 085a40d43e316416e1479fb555081379
  custom:scripting/monoscript/fileName/FixedArray3.cs: 90647cc400823b41df847a6cbfc29026 -> 8f6297df34271fdb1ce2d9607ec6261d
  custom:scripting/monoscript/fileName/TMP_Asset.cs: 7e95c8d89188057bea8fc9569c9aa309 -> dcedda1866ab6edcf1af2d4525512628
  custom:scripting/monoscript/fileName/MenuItems.cs: 36e8964894b4a740a9cbe85327eddbf8 -> 4497504db5d8eca795d2ad25eee9f798
  custom:audio-encoder-webm-vorbis: bf7c407c2cedff20999df2af8eb42d56 -> 
  custom:scripting/monoscript/fileName/TriangulationConstraint.cs: 02158ed4aeb2e0540be606ebedcd9aa5 -> 0faaf851a99afd5bae9e2ff752a2f938
  custom:scripting/monoscript/fileName/TMP_SpriteAssetMenu.cs: 05ea7b84320d1b77a6d1ae49c41ee9cc -> a42d2dc20ed9558b36972dc6e6d71655
  custom:scripting/monoscript/fileName/TMP_TextUtilities.cs: aab2855e68416a0a1f2f8904059662aa -> f68f97869f24792bf3a3694d69de955c
  custom:scripting/monoscript/fileName/ShapeFactory.cs: 0502fb9700fa7e8a16f4ae24254c8fb0 -> af4823c77fbc7658ddf7f8bb8aaf4480
  custom:scripting/monoscript/fileName/DTSweepEdgeEvent.cs: 0fd87cf929642b86af7d774c6fbe71c0 -> a2b304ddcb79e5db61493e9a786f471b
  custom:scripting/monoscript/fileName/ProGridsInterface.cs: 495262c8bdcccdf28a7c22cd60c9f4e7 -> 0aad9e6f8f7158b54237f57ec21d125a
  custom:scripting/monoscript/fileName/TMP_Dropdown.cs: ecea2f8babcb40d207d2e73158251f60 -> 39f6048c754db30f2da2ea32254db16b
  custom:scripting/monoscript/fileName/TMP_BaseShaderGUI.cs: 25118693f24c47c8a4b530b8bff26574 -> 2c2d4519754bb0c1dd0a107014b7ac8a
  custom:scripting/monoscript/fileName/MenuToolToggle.cs: 2abf8abff0704256700f4bae8074325c -> 510f254c215fa427f0124a42916b8aa8
  custom:scripting/monoscript/fileName/Cone.cs: 3ac9bedd6ed3a29bf5087d05f2c8a2a9 -> dc0d616f2196b303120236acb63076f9
  custom:scripting/monoscript/fileName/HierarchyListener.cs: df959326ae23895096fc25ce5eee65bb -> 419707e5338fd8411ffb999da97ad7a2
  custom:scripting/monoscript/fileName/MeshUtility.cs: 012ece355ae629d1c430517d97b8d6e4 -> 7a57f12791c9c801d83899c7f242fcbf
  custom:scripting/monoscript/fileName/TMP_ColorGradient.cs: 8d91c7c4749088eca69648d37a965bf8 -> 3baf9c6d3c50fc594e68e0c756eb8779
  custom:scripting/monoscript/fileName/SelectRing.cs: 6912c38cf645b01b143799d78cd61ef1 -> 86c04fa9b69f49e0a33986421184d6b0
  custom:scripting/monoscript/fileName/EntityUtility.cs: b021dbc0e14e8512304615a12fc46603 -> 9c2a19c8387d47c96fe3a7ec65b3ba2d
  custom:scripting/monoscript/fileName/Model.cs: 9856304bdbd2e76ecd815f3a6141f1cd -> 5f28c5444af8a33503cdc094930b5ed8
  custom:scripting/monoscript/fileName/TMP_CharacterInfo.cs: c840ce0b0aa6c1faafb27b3b884b2328 -> d2593478681404ce2cbd40e4e2f8a6d3
  custom:scripting/monoscript/fileName/TMP_ColorGradientEditor.cs: ed654c9d45026a5f71e6e9535130c15f -> 187fe88a4e95285275d1781f1da14d92
  custom:scripting/monoscript/fileName/CutToolToggle.cs: 552b76f8f489d420018d2bc016dee384 -> 991af3b2d5ecfe4a755a89c4427d29f1
  custom:scripting/monoscript/fileName/TMP_PreBuildProcessor.cs: 790c12dcd4980aa978fd28fb6f89fb37 -> d965cd4513e689cb01c0481012a89dee
  custom:scripting/monoscript/fileName/SubdivideEdges.cs: ea38859c9b60817b797cd0bc73fe7421 -> 51e662486f2ec78c887428bce9cc9b15
  custom:scripting/monoscript/fileName/EditorToolbarMenuItems.cs: 46058aaf6133ec8b6c96241a03c62a3a -> 060ec5f828cd41cc516ff59a79b3a9cb
  custom:scripting/monoscript/fileName/EntityVisibility.cs: 813cb3e764ffc83643f0aca9bfa0af07 -> 46fa3d1b1d698960648bd66414062d91
  custom:scripting/monoscript/fileName/NearestNeighbourList.cs: 0cdf409b5aa8d4c25876d72b5c6a3b60 -> a53f96815da50de15010b1c479bc70cf
  custom:scripting/monoscript/fileName/ExportAsset.cs: 64ea3c10f23669e99308cf5709607fe7 -> 13711cfc5906744546bb775cbefb2410
  custom:scripting/monoscript/fileName/TMP_SpriteAssetImporter.cs: 675c97d72afe988872a20f51812f7cdf -> 06875a6ac5102e58811218e1c5dd33ca
  custom:scripting/monoscript/fileName/AssetId.cs: 72051ac5858b603f67e79ad23943c39b -> a1ea614044a0829b1144b92d44d7bdbc
  custom:scripting/monoscript/fileName/ProbuilderMoveTool.cs: 0bc95615dcf63b5cbaf368eee6b40041 -> 0d4afed4ce21a6d48fd4739c49092194
  custom:scripting/monoscript/fileName/Lightmapping.cs: 729d5176389c7d55a1cea260e00908f3 -> b6f4ed35c1cea0f87578bf70c4ae8962
  custom:scripting/monoscript/fileName/TriangulationDebugContext.cs: 87fbe3212c108a097e48e0b9075b23af -> becd153078a4add97a1ccdeef8966064
  custom:scripting/monoscript/fileName/SharedVertex.cs: 9680b52997af34358e173ceeda08f072 -> 5102ddb8d2e8a0a19e58a9e9f4bc9380
  custom:scripting/monoscript/fileName/TMP_SerializedPropertyHolder.cs: 99e5dbc1fa1abe750acc8166e4243be8 -> 9860586610cb3d91ae7f4ce33ab22d0b
  custom:scripting/monoscript/fileName/CutTool.cs: e6300f07efa58b123cc9c4077043e15d -> 3a8150d779215dd32fb1063fed27d140
  custom:scripting/monoscript/fileName/RaycastHit.cs: 9675f1dd2c2a246ff2b48ea6c764f6ab -> e6010eda614e0c2e9143a1b5e5ca7a3e
  custom:scripting/monoscript/fileName/MenuActionShortcutAttribute.cs: 8ee1e1f0f987fedec31fbb0f30bf1447 -> 1f77266708d4eb2e88b379ea95d28a89
  custom:scripting/monoscript/fileName/MenuOption.cs: ec547da010b1f775387dac0d6dfc2379 -> 707688870f14f2a3b47b84564d682116
  custom:scripting/monoscript/fileName/ToggleDragRectMode.cs: a6f38316b8f4d3d28669b3b66d64c405 -> b3081d16943219892565319791527824
  custom:scripting/monoscript/fileName/Normals.cs: 2fceabbe4457a8c2cd17103527fc3999 -> 854a9db6009ce4e4e1a5a6a1429ae3a9
  custom:scripting/monoscript/fileName/TMP_SpriteAssetEditor.cs: 8a42af05e85c0eed4128787976375b45 -> 7dcaf47692799a91aa4e5cd439bc54d0
  custom:scripting/monoscript/fileName/TMP_ListPool.cs: 90647cc400823b41df847a6cbfc29026 -> 8f6297df34271fdb1ce2d9607ec6261d
  custom:scripting/monoscript/fileName/ShapeState_InitShape.cs: ecc7de96dd0c9d79cb24f533500a9905 -> 2fa1a3b73afeeeee81eae401c7606511
  custom:scripting/monoscript/fileName/TMP_SpriteCharacterPropertyDrawer.cs: 14565b4e4f9266584dc3194fd967d252 -> 63186d320ccdf4dfa06fbce4e897d3f3
  custom:scripting/monoscript/fileName/SplitVertices.cs: 30ce1208e3cd3ede28dd939c947c561b -> 618078c7e88b5acc189bcd729695f46c
  custom:scripting/monoscript/fileName/EditorGUILayout.cs: af6b60ff05c0a0b5e8b12b58eeee0a3d -> 36777319bd90832c88f578235414dff5
  custom:scripting/monoscript/fileName/ActionResult.cs: 878c00c54fb54c01804190a9d0655ed4 -> 0d60f69bc5e2fca2ac443cde22d11e3e
  custom:scripting/monoscript/fileName/ToggleHandleOrientation.cs: ff423b63e0ebde3f2c92755b6b7ee322 -> 71c78fd74ab7b833d0e267e5c3711105
  custom:scripting/monoscript/fileName/EditorSnapping.cs: df92563ba70f0b4fd00aaa62e5c8ce20 -> 4a87eff127e8d7fbb8723dbf79961300
  custom:scripting/monoscript/fileName/Polygon.cs: 5ac035759c9f8a76e3cbcd97006ade55 -> 4745c5bc7736972bec4ed0e009b03670
  custom:scripting/monoscript/fileName/TMP_BitmapShaderGUI.cs: 2ce3ac811452d1d6d82e565157cac3e2 -> ef806c32b355e8831ed4eb3f5e3400ff
  custom:scripting/monoscript/fileName/MaterialPalette.cs: 6eec2d59c4da6a8a8bfa6297b1bcc8a2 -> 4f05212f130961d08f1275198f3775b2
  custom:scripting/monoscript/fileName/TMP_ColorGradientAssetMenu.cs: 83563be632f8167fcdca7878d36901f9 -> 79ee3689ecabb3de162f43faa3b27adc
  custom:scripting/monoscript/fileName/KdTree.cs: fa1071bf87824d896f817aa60401970b -> a7ae47651017042dc98f27ecf5bc804b
  custom:scripting/monoscript/fileName/UndoUtility.cs: 01e71ce5a533c75551e0a685057d1f5a -> 699a87849619a15bc7d40c3f03f5d21a
  custom:scripting/monoscript/fileName/BevelEdges.cs: 900660c27c5ca8704eace46fcb229e08 -> 64819a0d909bce6850d147d97c08eb3b
  custom:scripting/monoscript/fileName/TextureScaleTool.cs: ada73f928df57eed2635e39d4b904480 -> e8fef69b6ba33a1320f4edf24d19eafa
  custom:scripting/monoscript/fileName/Normal.cs: 8aabbd74ea5a1bafd9f9f458ee31f0ea -> 4565256c89908ad68384ccab8dde842c
  custom:scripting/monoscript/fileName/MaterialReferenceManager.cs: c970e86594a0f568cbda548f2d4462c1 -> eaedc912311d98c6b58e199f6250c848
  custom:scripting/monoscript/fileName/DropdownOptionListDrawer.cs: 4362475bc384312c771d88865ee2f40d -> 342ee3f9c806e60b189c02609042c492
  custom:scripting/monoscript/fileName/WingedEdge.cs: 4d875b987a0abf3c39f7fbca07295966 -> ece2c29cf92323892f2f676ae0ab5f8e
  custom:scripting/monoscript/fileName/PolygonPoint.cs: 5deffe9741b5d71ba54cbaa302167698 -> 175ce7411af6a4d40df44407895d65c7
  custom:scripting/monoscript/fileName/TMP_Character.cs: 015720458ea991fbf07357eae19532db -> 2bff3626198e4d2228876f1e687078e0
  custom:scripting/monoscript/fileName/SelectEdgeLoop.cs: 2335c8d843b8886988200cdd4d6db849 -> c8e14bb119a739eacf384c2ee94cfa4f
  custom:scripting/monoscript/fileName/DimensionsEditor.cs: ec4125bca3b24bfc179b302c1fca5bf2 -> b091bdfa64b173b75503f27592f41570
  custom:scripting/monoscript/fileName/PointGenerator.cs: a1aa7e0803f517e32a9376a405ccf247 -> b0e9595f95e2dc5a9cba5384c6c111d4
  custom:scripting/monoscript/fileName/MeshDebugTool.cs: 37611c9d109cb7f09200abdfa0dae3d7 -> a132f077546caca746258de594424fa7
  custom:scripting/monoscript/fileName/OpenUVEditor.cs: cb3d61ee3cb3d622ab4668fb4c46395b -> b3e0347f921eaa1aed80e7d94dbad98e
  custom:scripting/monoscript/fileName/Pref.cs: 90647cc400823b41df847a6cbfc29026 -> 8f6297df34271fdb1ce2d9607ec6261d
  custom:scripting/monoscript/fileName/ITextPreProcessor.cs: a7aa94de5d5bfce2bdd74516315faaf2 -> 28ed6b2ca482997555fb0291bd20c40d
  custom:scripting/monoscript/fileName/SelectionPicker.cs: 0497fef85e2b96a812879276bdcae9cf -> c921a310dd07cf55e480e808cffb67df
  custom:scripting/monoscript/fileName/ExtrudeEdges.cs: ddb56ecccd06d064cce30e8ec94c3a24 -> 19e260fff6c055728a0721c6c286ef57
  custom:scripting/monoscript/fileName/TypeMath.cs: 90647cc400823b41df847a6cbfc29026 -> 8f6297df34271fdb1ce2d9607ec6261d
  custom:scripting/monoscript/fileName/Torus.cs: 80ba092579159f0ee10eed09283f5118 -> 5f68a512dd3143e54e2414447c81ccce
  custom:scripting/monoscript/fileName/DeleteFaces.cs: 6b563d42d9e83bc675dc19702c968415 -> e1be94c0b7147b4ca322ce14b5886538
  custom:scripting/monoscript/fileName/TMP_GlyphPropertyDrawer.cs: 56b500a16a5c8f635a7bfdd702279864 -> 75006bca208b32d4fc4710404c538acf
  custom:scripting/monoscript/fileName/ProBuilderMeshEditor.cs: 409e7369087b8f191734315fac6dc594 -> ba7cea26e2ee054ce54afeda55e2acbf
  custom:scripting/monoscript/fileName/MainToolbar.cs: 162e661b90bc0601e328b0d9c9a85d04 -> 79e78de572e97d829048a28a265ce89f
  custom:scripting/monoscript/fileName/TMP_SubMesh.cs: 9fd75270af40187985e5c14cc85ebe42 -> ff760a824537d48706351b95c8d4be21
  custom:framework-osx-AVFoundation: e770b220cccbd017edd2c1fefb359320 -> 
  custom:scripting/monoscript/fileName/NewShapeToggle.cs: 5f15e27392c39392c01d85b37192a28d -> 22e82395ce6e7dd83b0ee49932a6239e
  custom:scripting/monoscript/fileName/ConformObjectNormals.cs: ea6076ebe43da4b8ba6bcf8b94771359 -> 4237fecfa7cb9083988c803cf9294e58
  custom:scripting/monoscript/fileName/EditorGUIUtility.cs: 6cbafc8575de9d68c30b4fb135d63bfe -> f3bd9b8b5b6ca69dd3a4b5b66ce54864
  custom:scripting/monoscript/fileName/PolyShapeEditor.cs: fe3b7706705ed3c4dd84e573dcfcf6ed -> 2a86b654592bc26e694909cf5af65305
  custom:scripting/monoscript/fileName/InsertEdgeLoop.cs: 79633fa178da92a5c6294668ef444484 -> 2ae8d1c474b26256ab945d0d24356ef4
  custom:scripting/monoscript/fileName/TMP_SpriteGlyph.cs: cb4cdca5a4c6415e4f27ee5280164c41 -> 52a9bbe662618c4a5697bdefcba63d59
  custom:scripting/monoscript/fileName/SetCollider.cs: eae49933455a2c9b95713257135e4d8f -> cc3abb7dddeab450901f477ce95c40d0
  custom:scripting/monoscript/fileName/VertexManipulationToolSettings.cs: c46b46378b08a08e84560f649870b305 -> 98d6d07bac1309b24551406f82682144
  custom:scripting/monoscript/fileName/TMP_CharacterPropertyDrawer.cs: ddc6f8909fdac3de9238e9b86e411c3e -> 0fc1d1caf2f580e74b2224e6797250e4
  custom:scripting/monoscript/fileName/BezierShape.cs: b5801eb32f53d6731ef1dbd52394d0d7 -> 492afc0ee5d42c626ea1b854fe143d38
  custom:scripting/monoscript/fileName/EditorSceneViewPicker.cs: 13df4fde3106db2f1cf39c7820e34ef1 -> eb67d7fdef944856bd1331ac0db3e899
  custom:scripting/monoscript/fileName/QuadUtility.cs: f80c36f8b1183a738f2c4f7fa2ab27d9 -> adb8691cdbca3794813626448d418031
  custom:scripting/monoscript/fileName/Changelog.cs: 796ad3f3a5d8532b75e1fde95ea4a6fe -> 1122e49c3fdebdba4214b6f13d0abe53
  custom:scripting/monoscript/fileName/TMPro_EditorShaderUtilities.cs: f4cbef9348a73d49f1efb8d10ff07bf0 -> 1203fb3feabf58cb81d888055364f838
  custom:scripting/monoscript/fileName/TMP_FontAssetEditor.cs: e359b61135381f6b1d7b8c7e97a930f3 -> ff94a59ea0ba0aa81aa8a7f307f2efd3
  custom:scripting/monoscript/fileName/pb_Stl_Importer.cs: d65407d7fe02c27f450e320f523317a6 -> ce59d2e546360b5ddadc9d3acb103aaf
  custom:scripting/monoscript/fileName/KdTreeNode.cs: 90647cc400823b41df847a6cbfc29026 -> 8f6297df34271fdb1ce2d9607ec6261d
  custom:scripting/monoscript/fileName/AdvancingFrontNode.cs: 03e5d4b9222c4095e8449306398434f5 -> be7e972b9ebcf3f33ade1e8d7b8fe2a2
  custom:scripting/monoscript/fileName/InternalMeshUtility.cs: 47e64566b64f31667f3ecd22aea855bd -> 0de5a64e33f4d323f20840f87d91eac0
  custom:scripting/monoscript/fileName/TMP_FontAsset_CreationMenu.cs: 1c5caeb31a0df734411a201aca87cb03 -> 18345b423cea91a35f20f73f48aee7e1
  custom:scripting/monoscript/fileName/ITypeMath.cs: 90647cc400823b41df847a6cbfc29026 -> 8f6297df34271fdb1ce2d9607ec6261d
  custom:scripting/monoscript/fileName/ProBuilderize.cs: 006fb89e624c26dbea4b2af78139477c -> b6e77a89ac28a6cbd8f1723f941fdb1b
  custom:scripting/monoscript/fileName/ToggleXRay.cs: 2beaa89293af925965c361a628716eab -> 66d092c0bea39a1303fa5c233fd26486
  custom:scripting/monoscript/fileName/PolyShape.cs: 68d98358b4f6d4a567396bfd2d8fb6a8 -> b90e7a66031592bbe404809c789b99dc
  custom:scripting/monoscript/fileName/Subdivision.cs: 2d3ed2728b5e862f0b20dccff60f596a -> 4214f7e3c186352799919f680c300ab9
  custom:scripting/monoscript/fileName/pb_ObjectArray.cs: 23d64ec5390756f20b8935c6d27ae727 -> d439f54f1103ffdcf066b930ef0ed002
  custom:scripting/monoscript/fileName/ProGridsIgnoreSnap.cs: a6e9a46f7d1ca1bca90f5934e2b8f31e -> 17b54a171d61eb9640a0177ff9a66582
  custom:scripting/monoscript/fileName/TMP_CoroutineTween.cs: 76849b8d6d4ce499ad8ffee762e4a4af -> d4d869f6662b40274a62453f83c8a425
  custom:scripting/monoscript/fileName/SelectFaceLoop.cs: 41e1c4627a230cc32925e760a4ea1602 -> 2fb1c9710c6290c12316023624118d04
  custom:scripting/monoscript/fileName/ColliderBehaviour.cs: facc1ae2f42419fa1146003334c8bf66 -> d451213d21d47b74c407263f33a03ef8
  custom:scripting/monoscript/fileName/DeleteElements.cs: 4c13bc6aa328361166e449ea1ebb36f9 -> cf9b14012964b37f66698ee9c47500c7
  custom:scripting/monoscript/fileName/LicenseEditor.cs: 63763a27e13858a79a8d582236d3aff4 -> ee245f6e173f0d7c8e571bfc7220c407
  custom:scripting/monoscript/fileName/TMP_ScrollbarEventHandler.cs: c015e39b5a3f1a14518ce039f30e10af -> 55de10d862075cd935d8381c309f39e0
  custom:scripting/monoscript/fileName/GlyphMetricsPropertyDrawer.cs: 438b07e6eae795dab04c32f51ac4e752 -> dd0833870bcea17556e6d67c750c6ffc
  custom:scripting/monoscript/fileName/SelectPathFaces.cs: 80c6b565b5df1b6163de14f2f5623788 -> 956e5d9a52c910e4b588c354acd25c57
  custom:scripting/monoscript/fileName/Triangulation.cs: 09054241e6b66b6bff40ad35686c73c1 -> 1e8fcc43754c28019feda244e426966f
  custom:scripting/monoscript/fileName/TMP_ObjectPool.cs: 90647cc400823b41df847a6cbfc29026 -> 8f6297df34271fdb1ce2d9607ec6261d
  custom:scripting/monoscript/fileName/Node.cs: 291859575cb9c6e25dde80dbcd31fe5f -> 8234dc34b4b50e44a11739a21fc7dbb0
  custom:scripting/monoscript/fileName/EditorMaterialUtility.cs: b048d9073a287734afa3e8a672786fb9 -> 84a70b59d1d63e712f67e813ba36d7ae
  custom:scripting/monoscript/fileName/MergeFaces.cs: f0a7123f95ff8b6d8a9b42653a9c0700 -> 478bd082b921878c0faa5fbd914f4623
  custom:scripting/monoscript/fileName/OpenVertexPositionEditor.cs: 8383d3bdff3fd2a102f368cd27c823e5 -> 1c2587ac934db4dcbc17554a467f1939
  custom:scripting/monoscript/fileName/TMP_SpriteAnimator.cs: bf3a797c3a059d3698e93e0031d7f11c -> 126f1482d1430ed8648c2a6d8d693c6d
  custom:scripting/monoscript/fileName/Door.cs: 01c9614e23978f328b71d053948f991a -> cebbdc7207e599ec2335d015d5c88709
  custom:scripting/monoscript/fileName/TMP_FontAssetUtilities.cs: 5b7a9bc9c5c56e3cb5ccc808a2bdd9e4 -> d84a52975d941e769af4ae15b3aaa211
  custom:scripting/monoscript/fileName/VertexEditing.cs: cb46c69b687fb75b59e3367415afaff1 -> 48fa141f1142ca37a0a888ca67e8ef34
  custom:scripting/monoscript/fileName/CombineMeshes.cs: a9ce7a0bc7639b0c1010471275dc600c -> e57faaa9d1f04fee988363e931293786
  custom:scripting/monoscript/fileName/ShapeState.cs: 3749e2c667cecc0f702ff706b018e886 -> e988bef49163d375955329bc9ae0456e
  custom:scripting/monoscript/fileName/PolygonGenerator.cs: 2aafe12f9c6b9da7c8245101147d5dd8 -> fa18afe7d5bd64c8cff6760ef14f2100
  custom:scripting/monoscript/fileName/BezierSplineEditor.cs: 3ad6df2b7420af9029add9cd3b037737 -> f5eedf610dd8f3757db29bab55565da5
  custom:scripting/monoscript/fileName/SelectLoop.cs: 03ac0ad9679c503b1c8b7fe6c371f29c -> 5d42efd8d6620a332d218c45d18a3cd9
  custom:scripting/monoscript/fileName/AutoUnwrapSettings.cs: 505c9e8ec7abeb42e5de8a57e4ff3803 -> 015a471b4dbdaa33489c4d36328c3beb
  custom:scripting/monoscript/fileName/PriorityQueue.cs: 0cdf409b5aa8d4c25876d72b5c6a3b60 -> a53f96815da50de15010b1c479bc70cf
  custom:scripting/monoscript/fileName/MaterialEditor.cs: f530beda68d4162ffebd1ab086eac73e -> acdbf38b336001cc3e985cb342226383
  custom:scripting/monoscript/fileName/Sphere.cs: fc1a890637c16d42bea0288fac0d32cf -> c1a44c6d944741157e928ad0402333e8
  custom:container-muxer-webm: aa71ff27fc2769a1b78a27578f13a17b -> 
  custom:scripting/monoscript/fileName/TMP_TextProcessingStack.cs: 6146dd1b7f9b90aa342ef9794e387c23 -> ef8795fce16f80562f220a2f8bcb6bd2
  custom:scripting/monoscript/fileName/ProBuilderToolManager.cs: b1a465d81a664e6bb35ec8ea83bc4b74 -> efac8a6290fba659fcd8fd21e95506fd
  custom:scripting/monoscript/fileName/VertexPositioning.cs: 72fdeca4b408d9862267b32f667e1074 -> 8173a895fcb8b6774e5176bb1cf53649
  custom:scripting/monoscript/fileName/MeshImporter.cs: bf784b146e3ce8404151198f5cf6434d -> c065f89f4f1bc987d93f1b4ab6189570
  custom:scripting/monoscript/fileName/MeshAndElementSelection.cs: a24a0934fd2aa12cf7e44f99f89ac69e -> ffd56092cae22dd65182d760efae6efd
  custom:scripting/monoscript/fileName/ColorPalette.cs: 1c1b41242ba5ca26499c5f401ccf2446 -> 723bc1c0e0d6b918dfcc308382ccd0a8
  custom:scripting/monoscript/fileName/Sprite.cs: feaf383831c6d8dc30fd1ee62a194252 -> 68532d2c61f6c3b62602737162a2ec1d
  custom:scripting/monoscript/fileName/VectorHash.cs: 73efb1b59aa72f6931fc7c991c4eeae6 -> 0ac05caaee9071a92351b076db254b0e
  custom:scripting/monoscript/fileName/TMP_InputValidator.cs: 5e0d679d98dae60baa87977011e0ed51 -> e99335724872b7fcd0e5352c682debe0
  custom:scripting/monoscript/fileName/ObjExporter.cs: c82ccdbcc64a076a13c2f8aab8afbc5a -> f76ea5992fc1638cd329a47af7421ff2
  custom:scripting/monoscript/fileName/VertexManipulationTool.cs: 285f01fa4b22517173c175fb8dc94e60 -> 6c9885d0c0ce7e91ada99245859b6282
  custom:scripting/monoscript/fileName/VertexUtility.cs: 052e4b725d8884d92d676e6d212b34e9 -> d0165786e6cc9eb484d7ca11d8521f29
  custom:scripting/monoscript/fileName/NewBezierShape.cs: 2b4083186ccd0d651beb42f17f850f7e -> 55ed07965ee19ea782befd50d4e70796
  custom:scripting/monoscript/fileName/TMP_DefaultControls.cs: 2673e29173eb9307fa53ee17c15332ed -> 1798ee96b3c83cf7d4cea690bb04976a
  custom:scripting/monoscript/fileName/TMP_UIStyleManager.cs: 66d96f3fa9ea14a5a6ed3f92d3bbe0f1 -> f54fffa86b286da3a3329c601ca8d03e
  custom:scripting/monoscript/fileName/FlipFaceNormals.cs: b425fafc3a8e4b16ac0ff7feea8fc66b -> 05ee004a25fc472818454f533c58d44a
  custom:scripting/monoscript/fileName/TMP_SelectionCaret.cs: d2a06fefe973175bffa10d62f788c481 -> ed141b1915a10b9c7ff9136666b54ee9
  custom:scripting/monoscript/fileName/AssetIdRemapEditor.cs: c3f34756c8a6598c4cf15f5e847bf414 -> b101c0148ed87c9402e1b92e19874e20
  custom:scripting/monoscript/fileName/EditorToolsContexts.cs: 2d17066c287657c5db318975da74e7af -> 6cd5542a801a031fe071267d10480b9d
  custom:scripting/monoscript/fileName/TriangulateObject.cs: 552194489d8ee542e612ed9b3681ec44 -> 748d938029092e3170c8c658591a67d5
  custom:scripting/monoscript/fileName/DoubleMath.cs: d3a713d6df919a256ea9b090c3b84b43 -> 14977dd02f104c4ff8b45a4a5479c978
  custom:scripting/monoscript/fileName/ProBuilderSettingsProvider.cs: 31c7f11630ae278eb11b8b1b3b44c0ad -> 13beb7e19435cf9f346fa945eea48a58
  custom:scripting/monoscript/fileName/AdvancingFront.cs: ba4e7f8c74fb24a84261ff39b2535119 -> 9f3ce40a422fb6016a318c8ee109c89b
  custom:scripting/monoscript/fileName/Version.cs: 2140673570cb0dbe2b0365f572525f99 -> f0b9c4d54aef1e586fc652cfdc620f4c
  custom:scripting/monoscript/fileName/CollapseVertices.cs: b8f4877fb9cdb02e00dd9b33b403fa7c -> dc3e1016a661dce32e47367904825a91
  custom:scripting/monoscript/fileName/ObjectPool.cs: 90647cc400823b41df847a6cbfc29026 -> 8f6297df34271fdb1ce2d9607ec6261d
========================================================================
Received Prepare
Begin MonoManager ReloadAssembly
- Loaded All Assemblies, in  0.479 seconds
Refreshing native plugins compatible for Editor in 0.12 ms, found 0 plugins.
Native extension for iOS target not found
Native extension for Android target not found
Native extension for OSXStandalone target not found
Mono: successfully reloaded assembly
- Finished resetting the current domain, in  1.747 seconds
Domain Reload Profiling: 2228ms
	BeginReloadAssembly (318ms)
		ExecutionOrderSort (0ms)
		DisableScriptedObjects (41ms)
		BackupInstance (0ms)
		ReleaseScriptingObjects (0ms)
		CreateAndSetChildDomain (49ms)
	RebuildCommonClasses (55ms)
	RebuildNativeTypeToScriptingClass (15ms)
	initialDomainReloadingComplete (62ms)
	LoadAllAssembliesAndSetupDomain (28ms)
		LoadAssemblies (161ms)
		RebuildTransferFunctionScriptingTraits (0ms)
		AnalyzeDomain (18ms)
			TypeCache.Refresh (5ms)
				TypeCache.ScanAssembly (0ms)
			ScanForSourceGeneratedMonoScriptInfo (0ms)
			ResolveRequiredComponents (12ms)
	FinalizeReload (1749ms)
		ReleaseScriptCaches (0ms)
		RebuildScriptCaches (0ms)
		SetupLoadedEditorAssemblies (1119ms)
			LogAssemblyErrors (0ms)
			InitializePlatformSupportModulesInManaged (130ms)
			SetLoadedEditorAssemblies (15ms)
			RefreshPlugins (0ms)
			BeforeProcessingInitializeOnLoad (107ms)
			ProcessInitializeOnLoadAttributes (770ms)
			ProcessInitializeOnLoadMethodAttributes (95ms)
			AfterProcessingInitializeOnLoad (1ms)
			EditorAssembliesLoaded (0ms)
		ExecutionOrderSort2 (0ms)
		AwakeInstancesAfterBackupRestoration (45ms)
Refreshing native plugins compatible for Editor in 0.09 ms, found 0 plugins.
Preloading 0 native plugins for Editor in 0.00 ms.
Unloading 1379 Unused Serialized files (Serialized files now loaded: 0)
Unloading 32 unused Assets / (2.5 MB). Loaded Objects now: 2417.
Memory consumption went from 198.3 MB to 195.8 MB.
Total: 3.129333 ms (FindLiveObjects: 0.115458 ms CreateObjectMapping: 0.037833 ms MarkObjects: 2.378042 ms  DeleteObjects: 0.597291 ms)

Prepare: number of updated asset objects reloaded= 0
AssetImportParameters requested are different than current active one (requested -> active):
  custom:scripting/monoscript/fileName/PreferenceKeys.cs: 971ed4aae575beb1e198c26581764982 -> c1c6958d9062b9c9c2efa7a28affa946
  custom:video-encoder-webm-vp8: eb34c28f22e8b96e1ab97ce403110664 -> 
  custom:scripting/monoscript/fileName/OpenVertexColorEditor.cs: 30ff560893ac054d11bcf5e0433eccba -> 0bde100a5e68bc6e8f047cf079c6371d
  custom:video-decoder-webm-vp8: 9c59270c3fd7afecdb556c50c9e8de78 -> 
  custom:scripting/monoscript/fileName/PackageImporter.cs: 1fe0039e0f1efd9d08d3a2da485c6f93 -> 18c4245910829c7fba0e1946a3f22d91
  custom:scripting/monoscript/fileName/TMP_FontFeatureTable.cs: cbd25d300d7ed4d969d60cb9f98f2826 -> 5ff9812058e8c02a5b04eaa88778f2a5
  custom:scripting/monoscript/fileName/TMP_SDFShaderGUI.cs: 1460619486eb6e8da302e26af5538aaa -> 082588c068c6e819b94cdf417f8b7551
  custom:scripting/monoscript/fileName/TMP_FontAssetCommon.cs: 2b5f11ccf8aacaf9b5ea6564bf2b0d57 -> 4a5ab4d4426385ab38edd57c118cd485
  custom:scripting/monoscript/fileName/TMP_RichTextTagsCommon.cs: 5462d55f8a9ad882f9a7f2d708a6978b -> d28b21b13d6cea8fa92671f9a2a1f20d
  custom:scripting/monoscript/fileName/SmoothGroupEditor.cs: 8bc2610f365dc4634fc8c31ccc969585 -> 1064d8331a913257dab4cdfc21fcec17
  custom:scripting/monoscript/fileName/TMPro_ExtensionMethods.cs: 479bffcc157b89693ffc4c2ef2374861 -> 3d34decc871f763d4c9c61f1fe0f3275
  custom:scripting/monoscript/fileName/DTSweep.cs: b489dbbdebbb3b9e956ffbc2a0d88071 -> d045108b24d44b221d8a008624fcda26
  custom:scripting/monoscript/fileName/MeshValidation.cs: 96702c51dfa78152e589ae8ca081a783 -> 04075680859bc34196ccd56358357ff4
  custom:scripting/monoscript/fileName/UVRenderOptions.cs: cbafaf027c1745bc7e47ed02d4fc6533 -> 6e1785599c7dbe3002d892a90e785a42
  custom:scripting/monoscript/fileName/WingedEdgeEnumerator.cs: adbd097edcaa08879624b3dbf9fed71f -> 599f0117cecc3a04c53adc2951c5dbe9
  custom:scripting/monoscript/fileName/EditorHandleUtility.cs: 0ac2d22f358476e1b744f1f8895e1aba -> dfe46cfb4b3329610eea1da8172ee0c1
  custom:scripting/monoscript/fileName/HyperRect.cs: 90647cc400823b41df847a6cbfc29026 -> 8f6297df34271fdb1ce2d9607ec6261d
  custom:scripting/monoscript/fileName/TooltipEditor.cs: 051c4adf0743255fa06a6508fb451a66 -> 1883cf96151e042643af8c3e5724e842
  custom:scripting/monoscript/fileName/SemVer.cs: 3cf48f4591710125c2a8f6dc6ca94475 -> 3b20103f5867598637cd086120875f18
  custom:scripting/monoscript/fileName/ColorUtility.cs: 955d148b2d9eeb72c61392d743a13c8c -> 7083431eceae2ed89152408497c8394c
  custom:scripting/monoscript/fileName/RepairActions.cs: c98caac95a1bd550b46a8909c4bd3f4b -> 5cadd7ed963fc39bb2a3786966755ca1
  custom:scripting/monoscript/fileName/FloatMath.cs: 0fe73a55cac7bdb87b1e039ac908242b -> d1d434c83c83cea2c1b3e68a52a53b59
  custom:scripting/monoscript/fileName/UvUnwrapping.cs: 6dc18e949826aea52a2968ed7b10cc47 -> f8c8948c67465d24bbe3ec0f1df0f6d3
  custom:scripting/monoscript/fileName/TMPro_EventManager.cs: 4c7492301243f935f7a463360f91d217 -> 9ebed0b1e26a8c995d644c176e696d93
  custom:scripting/monoscript/fileName/VertexPositionEditor.cs: 46d235253e54e23a363ea17144ac2a77 -> 20ce79aba53b8806cd4c2d9cb3f3ef6b
  custom:scripting/monoscript/fileName/ToggleSelectBackFaces.cs: cd800d355c36b0670ead69c584432936 -> 72f343f70eb62a43066b2f1a9721bf06
  custom:scripting/monoscript/fileName/TMP_SubMeshUI.cs: 748262c65738bc5e1c553ae7a37a0c73 -> 7a6337f74438df5e26b302bbbbc41105
  custom:scripting/monoscript/fileName/GlyphRectPropertyDrawer.cs: bdec415148eac17379112822c8814df5 -> d355023434b9b8f82f7070cb40c7c036
  custom:scripting/monoscript/fileName/ConnectElements.cs: b040b3cb3e9da34e655bb3a47bd46193 -> 176d925c658de9703fc379a239c082ea
  custom:scripting/monoscript/fileName/ShrinkSelection.cs: fe8a97f4f165a36f66e0120cfbdfd1a0 -> e24ad03152f0b3eb84e4686d997612d0
  custom:scripting/monoscript/fileName/WeldVertices.cs: 150ff8957179426a96725d6e78b916cf -> 310d946e6af6eb78ad0f4b270ab3f555
  custom:scripting/monoscript/fileName/TMPro_UGUI_Private.cs: 90647cc400823b41df847a6cbfc29026 -> 8f6297df34271fdb1ce2d9607ec6261d
  custom:scripting/monoscript/fileName/EditorStyles.cs: d933620442e94f395abad499f0a07844 -> d6cf61a3bff17f664d8f07b288899e0e
  custom:audio-decoder-ogg-vorbis: bf7c407c2cedff20999df2af8eb42d56 -> 
  custom:scripting/monoscript/fileName/IntVec4.cs: 4a457fdc2b6edfff9af20f31f74bc367 -> a3aa0bd472fa2d3b612a88ecb38ca78e
  custom:scripting/monoscript/fileName/MeshHandle.cs: 4fb552a16b062d468ef698bbde7ead52 -> f2b386582f7474a64e17e636fc0dbbcf
  custom:scripting/monoscript/fileName/Spline.cs: f8384952784bb95e08e1e29156fe4db5 -> 28e019c03606680a097c55b58115e0b3
  custom:scripting/monoscript/fileName/ShapeGenerator.cs: 8279205acb8a1e8bdcbaa5ab6a730a68 -> 559da73ab440a4cfbb6e5ee76a94db95
  custom:scripting/monoscript/fileName/VertexColorPalette.cs: e5d6bcbfe423cc4ee23c4be5f46b1637 -> 9d1376fe8abc00794faa97ecdf5c1ff7
  custom:scripting/monoscript/fileName/pb_Stl.cs: 9b07f4f149309491c5f1435ec678ae63 -> 51af4017240795884fad9c404f4e2fd7
  custom:scripting/monoscript/fileName/InternalUtility.cs: b46a4bbee8883c649a48eca82d9c5113 -> 9f2e1420b4fef97b404fe7afd5295ea8
  custom:scripting/monoscript/fileName/EditorToolbarLoader.cs: fdf9b8f64a6e826326906d3119503c10 -> 66381be3f5526c145ba9bae4850e926c
  custom:scripting/monoscript/fileName/IconUtility.cs: 45ed954b9dd197048f268e19e52aa10b -> 034630d592d662eca2e85205848a3722
  custom:scripting/monoscript/fileName/MeshHandles.cs: 9078a2010039bebdb66a21ef9e570477 -> 37075a86fc6b1c925d8ca4770dd1cbbc
  custom:scripting/monoscript/fileName/TMPro_ContextMenus.cs: 06b3d4b27f337b8d846ca7117f3251e1 -> fbbbcbf9b4eb950e9aeda2d70529152c
  custom:scripting/monoscript/fileName/DestroyListener.cs: 6be46e6f4b52a4b0718c2fb44268f9ce -> a68c3e137947b02ac2cd9c44630cb13d
  custom:scripting/monoscript/fileName/TMPro_MeshUtilities.cs: 2237d160e4d9e81a7d899dc235029cb3 -> 183dd3a7e1b70c109767dd5059a390dd
  custom:scripting/monoscript/fileName/TMP_TextInfo.cs: 9e4eb698c4c168829682cbe659418e8f -> d86eebf32f36b8febee06365f862b403
  custom:scripting/monoscript/fileName/TMP_TextElement_Legacy.cs: 6e11e173cb695b15e8cce3cd1e1cb2a7 -> 33cc86d4b4c35f95c6446ea70ef56fc4
  custom:scripting/monoscript/fileName/TMP_Compatibility.cs: 3ef1f12d3c823dd740c7c596ab076c61 -> d5209fd9c6a9aef9cccdbfb4f06bd571
  custom:scripting/monoscript/fileName/MenuAction.cs: 898ec4fe99f46e9006b47eb12b400bce -> fae602d108041252c892c7d0dbb6835e
  custom:scripting/monoscript/fileName/TextContainer.cs: 245c032a15fbc12850861c707e37b027 -> 4e3c016869303ab3136387f7870e5adb
  custom:scripting/monoscript/fileName/IntVec2.cs: 08f3ad76946da3616135c08e32f0dd9a -> 9ebed9e7543f0e4249c4d89daeef5a21
  custom:scripting/monoscript/fileName/Pipe.cs: 5ab339b2fd460f209f184462230f3149 -> 3ca54dd364f22d106e069d3639f4f8f6
  custom:scripting/monoscript/fileName/MirrorObjects.cs: 352699d4a7651efc5cce5eea885082ac -> 30fb8dc2394f76e291a51694eebc1bb7
  custom:scripting/monoscript/fileName/FaceRebuildData.cs: 84b2db0355125c47a227c7fa1701067f -> 4f4d3770d43d79d6f5c02b08c148862f
  custom:scripting/monoscript/fileName/PreferenceDictionaryEditor.cs: 9fa6284d94bac21a015ed6b0842b4204 -> 7cd89f8e58bce998ffced9b126a94783
  custom:scripting/monoscript/fileName/TextureTool.cs: 993795ee2a60353f3a850d19c84178be -> f36f558dcac1c72ba3562e4aa1c2caad
  custom:scripting/monoscript/fileName/MeshSelection.cs: 1023d69f6dc6c80d3619702d1b000c52 -> e7812b7cf0f91d037c2e98119937132a
  custom:scripting/monoscript/fileName/PolyShapeTool.cs: 7bc678380b9081ce72ddf75ffd2e71dd -> 7dfb89ede7ce1e06d6ffd4debafe5fb4
  custom:scripting/monoscript/fileName/EditorMeshUtility.cs: 07524f479fd6253ffe9cec9107fd0db3 -> d65aa916b1419290b5f7e47cb2b5d209
  custom:scripting/monoscript/fileName/PointSet.cs: 856b6b7048d351f3361fd73be98c133e -> 1cb3625d684708a48e1f619d38f3ae4d
  custom:scripting/monoscript/fileName/Plane.cs: 10495ff9b800b2afa8268aeffb6ada07 -> fdceb9c119da0a30acdabb70cd0ba29a
  custom:scripting/monoscript/fileName/BuiltinMaterials.cs: f1801187dcebf42d4c70a9f4b283cc9a -> abbf76b631504676e7b7d7a401b3619b
  custom:scripting/monoscript/fileName/HandleGUI.cs: d5e044de315c4ae729548743aabbcc7c -> afa4af5140a52f4f9ca3da5b0ac10ad6
  custom:scripting/monoscript/fileName/TMP_EditorResourceManager.cs: f56b80268a934198a76acc6f4cef503c -> 30391129c5b96f298e44c099ae0fab57
  custom:scripting/monoscript/fileName/TMPro_FontAssetCreatorWindow.cs: 0d0900483ed9b57d4ccc2ff58d1220b3 -> 9d68c1aab1c646cdf3e70083dc01df96
  custom:SearchIndexIgnoredProperties: e643bd26f0fe6173181afceb89e7c659 -> 
  custom:scripting/monoscript/fileName/Export.cs: 078559a78b86060d1b211241c5c67779 -> c50292d7ecb2991c4e7a9d81cef51859
  custom:scripting/monoscript/fileName/IHasDefault.cs: d3ac6d93a1f2a0255a9ab45bb4e61b9c -> 1e14a04e64e81d8f0d3e7c9ca86f95f4
  custom:scripting/monoscript/fileName/TriangulationPoint.cs: 32917afe2890c1499ece497286a4d04a -> 1035c919b741bdf95e2932b37bd260e4
  custom:scripting/monoscript/fileName/AutoUVEditor.cs: a2d70cd5a5b723a42dd96d8849970c6c -> 627ab62f8fdd1604c3ee48475ef9e815
  custom:scripting/monoscript/fileName/HandleConstraint2D.cs: 0be005422d79e45e5239b3f12629e4ee -> 9015774b3c0bbbdd3a4330fb8924982c
  custom:scripting/monoscript/fileName/TMP_SubMesh_Editor.cs: b381eb4c2ad4ef265088242d67c5b140 -> 6199a3bf0c204e3bdded9f5f05415a32
  custom:scripting/monoscript/fileName/TMP_Settings.cs: 68d1204aae2aa6d0a54c151b7af443e7 -> 957f1889ca66b295dca8f725cc81558d
  custom:scripting/monoscript/fileName/TMPro_SortingLayerHelper.cs: 8b86ad735987eff6a1277352e9e8d9b6 -> e3aabd077ed12370ac46dda129ef572e
  custom:scripting/monoscript/fileName/SelectionPickerRenderer.cs: ebb4947fce4540eba10b7d1df3164b8c -> 73f1e4a4a65ed18cd1e1d52a19d8d397
  custom:scripting/monoscript/fileName/Extrude.cs: 34a5e82da627ee072b8b3873fd02e1ab -> dcbaaeeec29f276dbf276d9d529d07bb
  custom:scripting/monoscript/fileName/TMP_TextElement.cs: 5dfb95666bd41ecc32948097824aba23 -> fb8354965187a75f506d9a9df85f19dd
  custom:scripting/monoscript/fileName/TMP_InputFieldEditor.cs: a6f05406e9cdb59679382b884c14216a -> 8f2095c37e5fd5ed563d60163f0c2e52
  custom:scripting/monoscript/fileName/TMP_Text.cs: 5cba61e283281e8dbf7dadaabcd638dc -> c453c9b4dcb2bfad1083e3b49dfa3983
  custom:container-demuxer-ogg: 62fdf1f143b41e24485cea50d1cbac27 -> 
  custom:scripting/monoscript/fileName/DTSweepContext.cs: 2981771f565ec1526dc5d821e460f88f -> 04c0f7cf0e165c3283113f604cd42540
  custom:scripting/monoscript/fileName/OpenMaterialEditor.cs: e48180fa4e846a1c9510af46c88df99b -> baa1f65543a2c837b5be23900001d62c
  custom:scripting/monoscript/fileName/UVEditor.cs: bb46d5bac7199bd3c17dd891460f80ff -> 72ca5bcad2be1e7fb633cba0a986444f
  custom:AudioImporter_EditorPlatform: 3918e3fc78b5a79bad01e8451be0beb8 -> 
  custom:scripting/monoscript/fileName/PreferenceDictionary.cs: 39594dd21319b14ffe21cbd90959a3a6 -> aa8b39134effb62bcf93956ec1113878
  custom:scripting/monoscript/fileName/Experimental.cs: 91e9d2d4ec28f211f51aa6b3c2d6addc -> 74044429c642e1d5383cff33699e9713
  custom:scripting/monoscript/fileName/ProbuilderScaleTool.cs: 2b819c71d43921e551cd144d387df88b -> 693ed401cdd2268a25a82a0b4d09aedb
  custom:scripting/monoscript/fileName/ReflectionUtility.cs: 4f20c90f34e7c9a0975037e76bd514e1 -> e9fbf2f99142e54c08e7ab42214b8d2e
  custom:scripting/monoscript/fileName/TriangulationContext.cs: c42f2501129644a7463ca94823659aca -> adf33f40b421fead56d5d60ed76341b6
  custom:scripting/monoscript/fileName/ElementSelection.cs: c68aacab4736cb88931cbda58954f8b2 -> 6fa56cc3b2c46b068ce001582f75bbdf
  custom:CustomObjectIndexerAttribute: 9a22284fe3817be447336de3de66b15e -> 
  custom:scripting/monoscript/fileName/TMP_SpriteAssetImportFormats.cs: 920e3140228fbd530b0080254da22d88 -> 3cc56654a2015a96112916e9636fbe6f
  custom:scripting/monoscript/fileName/TMP_StyleAssetMenu.cs: 60e7743122a0686d1131101c521adac6 -> d695e815510410a6715fa00ae5e73f57
  custom:scripting/monoscript/fileName/TriggerBehaviour.cs: 9e9b28603c1443f5d61fd91ef7ccbf86 -> 79e7a86a8530867940d5ec2db58f3ac8
  custom:scripting/monoscript/fileName/ProBuilderMeshFunction.cs: 90647cc400823b41df847a6cbfc29026 -> 8f6297df34271fdb1ce2d9607ec6261d
  custom:scripting/monoscript/fileName/TMP_MaterialManager.cs: 441d72ec3c04a8da6a351f60fff95465 -> 1382feee688fee3eebaa5e9d7b47e98d
  custom:scripting/monoscript/fileName/StripProBuilderScripts.cs: 8d1118df1b038f5729efd517ae8a88bb -> 28ed736835aaf61296e94776be7fe22f
  custom:scripting/monoscript/fileName/ConfigurableWindow.cs: c5114dc30bc9061442d90941d750ad69 -> dc908ec59e43674d94e6c44d5f6f0a04
  custom:scripting/monoscript/fileName/TextureMoveTool.cs: ce8cacc59824d8cf57a35f09c16f8711 -> 561dc27692dc87b40ac845b590590c6e
  custom:scripting/monoscript/fileName/TMP_SpriteAsset.cs: 8d06882cb45c7664f8d7c3079ee8757f -> b46309090c7f7da519ff6ef3172bd077
  custom:scripting/monoscript/fileName/TMP_TextParsingUtilities.cs: 8b3fe20641ae0dd97405135955c706a3 -> 47331f425db7fa5c443a11c866530503
  custom:scripting/monoscript/fileName/TooltipContent.cs: ebba672cca5b3ad7206f389dac2aaebf -> 59ac72fe5e43e89296b93f6ab317b8c6
  custom:scripting/monoscript/fileName/LightmapUVEditor.cs: 4a5ea877356561228eed906adcd3bedb -> a2aefb495142dc468618fa8a501b7aad
  custom:scripting/monoscript/fileName/PreferencesUpdater.cs: 83612b3eb5c9f939088fe8899554f47b -> 9a363e698ce1b17dbc0d2d4dab7a63b9
  custom:scripting/monoscript/fileName/SmartConnect.cs: 8e54477dfa9d32f8770b42f4e609398c -> 7cc56315c2f7d3b4ddbfec9b55b217f6
  custom:scripting/monoscript/fileName/ExportObj.cs: c18a1561185a459c7d8d09a4d25283a2 -> b50eb634a6665886ac462c95bd53c18a
  custom:scripting/monoscript/fileName/ProBuilderAnalytics.cs: 2cd7a59044f39493e703b05f32b66c91 -> 1c7d7c6ab5b13a09bcd39014b45b9a79
  custom:scripting/monoscript/fileName/EditorUtility.cs: 4382ba71a5fdd3efad937be52139f5f9 -> 93f1489ed0c05fd005da29cea6da0c82
  custom:scripting/monoscript/fileName/Arch.cs: b067ac6b52031bd7322d6f3511ad169c -> f1c51c8c0bcd0928d443c381b195e68f
  custom:scripting/monoscript/fileName/LogEditor.cs: 40340fd10eb0d8176aa6afc39bccbaf4 -> 5e1c92e4622e71b33b738b828fa27fb8
  custom:scripting/monoscript/fileName/FlipObjectNormals.cs: 5609faa163c9a11dab9cd43e902b823c -> fb2365562ddc0eea3f4f6e4b9288df3f
  custom:scripting/monoscript/fileName/PositionTool.cs: 2fd18bf8664a011c4421990ba96d6342 -> 5e734435a39761992fa026a9b9d7a18c
  custom:scripting/monoscript/fileName/Edge.cs: 057c878f971a98ac6fecd89263127db8 -> 6e8d0d5fb0fb548cecca33c0fd183e9e
  custom:scripting/monoscript/fileName/BezierPoint.cs: 34833cc72fdb3a48f1f4d008cbd59fdb -> 7525997013ed3923f7017a1f8bd43327
  custom:scripting/monoscript/fileName/TMPro_TexturePostProcessor.cs: 0750ad2b775120fa59f760172dc340ad -> d21743efde4e74198703a65b965619ea
  custom:scripting/monoscript/fileName/TMP_ResourcesManager.cs: 64252a073d41e9c6f4e95b5f68ac966c -> 0d972ba50c38c5b25fe15fb0c61ada2b
  custom:scripting/monoscript/fileName/Smoothing.cs: 330a1dd6217f1894b6d80984c74f9c02 -> a5f43ca51675d12c056752c71c91493e
  custom:scripting/monoscript/fileName/TMP_PostBuildProcessHandler.cs: c69b388004562ecb0f789fc3759d9651 -> 728d00fd9070cbfe6d8df45c08e57305
  custom:scripting/monoscript/fileName/ProBuilderShapeEditor.cs: e9de23e6a3e5ceebe7af47bb766a8898 -> 889928ab8d4165b46609eb6bf1b9947d
  custom:scripting/monoscript/fileName/Projection.cs: ed09dc3fa75f6d964258c142443c8e2f -> a99aca606acb7395e9583f20da6bb81a
  custom:scripting/monoscript/fileName/ConnectVertices.cs: 8257d8a693dec45e625c35a99914af6f -> 9f1e5d145cdb3ffd0765deedcb2d98bf
  custom:scripting/monoscript/fileName/TMP_DropdownEditor.cs: 2d907ee76ef876797c15186180266847 -> 6df138b51e278f9c93bd4976e96aa952
  custom:scripting/monoscript/fileName/EntityBehaviour.cs: 7a0182fad58e8b86f5d1052d96507e02 -> 7020f30221d5fc623dfd25c0afe538c2
  custom:scripting/monoscript/fileName/MergeElements.cs: c9b3400349305ddcd54accbdabf30f58 -> c200d1c9feef6a7cfad8fbd59745c8c0
  custom:scripting/monoscript/fileName/EdgeUtility.cs: 1a660714836b36f59bcd2ddafecfe565 -> d5d024e13a2c772fede5968a2a84bad1
  custom:scripting/monoscript/fileName/SelectionUtility.cs: 92d2eece3ee87ab27a4e71ba6256b756 -> 62672b6b7b9f66de36e9019b7ab61216
  custom:scripting/monoscript/fileName/ToolbarGroup.cs: 61877aef40bf12b94f4563196b114281 -> b3446a3ba7dbd0117ea9f39ef820f9d1
  custom:scripting/monoscript/fileName/Entity.cs: 46f49b609c478dd10de66061000fec95 -> 2a45643cd0ab11f7a87a1756acaf27c8
  custom:scripting/monoscript/fileName/ProBuilderEditor.cs: 2dba96b7748ca8a4b559fcb455a58b78 -> cb8336c5ae1ba4e4350b3a477f3a84f5
  custom:scripting/monoscript/fileName/TMP_PackageResourceImporter.cs: 949b6e7fa2132b400d5c4aaf9c34421a -> 5335f4ee7041812300af31a777e4f584
  custom:scripting/monoscript/fileName/EditorHandleDrawingScopes.cs: fa69dc0aae38f933c4768b1a381f6f16 -> 6e49124636030e26c07fc62951b3fc99
  custom:scripting/monoscript/fileName/ScriptingSymbolManager.cs: 9f4ebf1856d93cebe044158f23b01e0b -> c441cb9442058a8009c4677e535a8f5a
  custom:scripting/monoscript/fileName/MaterialUtility.cs: 39fc2b5fdbf10826d74b00a710dbbd4b -> 88cf4fbb88e3f1204571500ff4ff9e45
  custom:scripting/monoscript/fileName/TMP_EditorCoroutine.cs: 04cbf5ce6e541d98265aa7668ef82832 -> 01d80099920d11c11bfa87417e26164b
  custom:scripting/monoscript/fileName/MeshTransform.cs: 558feaf5ce4456f3514221266af9489f -> cef0215a2fecd1c2d2cbab8f5227f824
  custom:scripting/monoscript/fileName/DelaunayTriangle.cs: 908235f5d5e291f50089ca6a8bdf4c13 -> a054c1ee7cb04c097e8ceb96652dcdfb
  custom:scripting/monoscript/fileName/ExportStlAscii.cs: 9a4dfdfba98097a3c691a44b59f67ad6 -> 0202a109a87d532de90cb92c017792ca
  custom:scripting/monoscript/fileName/Submesh.cs: 51f2a9e71cf380288c6159863c8c6958 -> 3b9f33e18b686f2ef961a1460f1ca761
  custom:scripting/monoscript/fileName/CenterPivot.cs: 0540fa0c3bb9c7b452e63f89e313456c -> 770b513b1417a468a49e0612e0dc1780
  custom:scripting/monoscript/fileName/OffsetElements.cs: 112aeff604960ea9032670cfb4a87fc1 -> 458cc781ffeffd7206e0b1c130f2eec5
  custom:scripting/monoscript/fileName/VectorMask.cs: f37b197a0f2e7d76768feac2551f97f2 -> ba27e7ec933b2076546dcfdaaa788a30
  custom:scripting/monoscript/fileName/FixedBitArray3.cs: bc9279bedd3a6bc1feb5645d9911ddcf -> 19581a695ccc746fb3b7e7dd64fdf8bb
  custom:scripting/monoscript/fileName/AppendElements.cs: 48197571f7c160b8c47e348465caee55 -> 486d83c701ebf06e31569da6a2aa2a61
  custom:scripting/monoscript/fileName/SubdivideObject.cs: 15529496d16d945ce564dd73b9f022cf -> d85411130466895ad74cddf2f8961b2a
  custom:scripting/monoscript/fileName/TMP_Style.cs: ecc9948baa78373f3076151d1a0642d9 -> 22d5739edd705d10f980250dcfd7fde0
  custom:scripting/monoscript/fileName/ConnectEdges.cs: 8f686a7fff4566a6aa5be848bd67c552 -> ae65098df42811e49cbc9fbdf9c8945d
  custom:scripting/monoscript/fileName/BridgeEdges.cs: 7b3cbd3298c1cacf3fd10a2c13fb2858 -> 10bad4efb9bf2e63956f391bb2c8b8ed
  custom:scripting/monoscript/fileName/IKdTree.cs: 90647cc400823b41df847a6cbfc29026 -> 8f6297df34271fdb1ce2d9607ec6261d
  custom:scripting/monoscript/fileName/ExportPly.cs: 570e49f6204b40b7c2281c056489e701 -> 53679ea737f5b1dfa36f8666443d6fb4
  custom:scripting/monoscript/fileName/ToggleDragSelectionMode.cs: 6a922485a12d7e52256776f0adc1d3b0 -> 717210f7999935796e1f0c5e4d460495
  custom:scripting/monoscript/fileName/CSG.cs: fddebc96510ce08c125abace9d05eafd -> 2dc6a8dbd39bdcb649b4c2d3b5a6989d
  custom:scripting/monoscript/fileName/GrowSelection.cs: de1d66ff5d47fd9485b62f0576610afb -> 1bca638cbdbda9d68e37eef4443b3cb8
  custom:scripting/monoscript/fileName/SmartSubdivide.cs: e83627bb1da7bd1a9a208feb135dee35 -> cfdafb8092010961486f401c21290682
  custom:scripting/monoscript/fileName/TMP_StyleSheetEditor.cs: 38b210a450ac855df2d81ab0242c2feb -> b6503d890746d6150e0f267f43ce60e4
  custom:scripting/monoscript/fileName/EdgeLookup.cs: 1933ab40224290e9191c61e11eab2868 -> c9997fabb8a6c934a062de5df942cb8b
  custom:scripting/monoscript/fileName/SelectSmoothingGroup.cs: e7adc037d5343729fde59c2f041f72e6 -> 77ca64551fca402d7ced40d23a45fbac
  custom:scripting/monoscript/fileName/TriangulateFaces.cs: 7d58267eca67ed800671b3fe1771472b -> 7384e16273c0b0cb8589d3e983ff177a
  custom:scripting/monoscript/fileName/OpenSmoothingEditor.cs: b7bfcfe69a934092c115177d09b130dc -> 560aef3f7be06bb4ace9e3ef06de1679
  custom:scripting/monoscript/fileName/SetPivotToSelection.cs: 0a4f1a088a797c04c53d4f4d7ec66668 -> 4b1632cacf89ec92f9fec662bcb33ec8
  custom:scripting/monoscript/fileName/ProBuilderEditorShortcuts.cs: 2e87be32c8a93b1377e99b0795a6bb9d -> 449f66bb9fa7cf61c5b8fa043ae0c50c
  custom:scripting/monoscript/fileName/pb_Stl_Exporter.cs: a0bbf115d527a544930104c2dcebd300 -> fc035555d13973baa50218da209917b1
  custom:scripting/monoscript/fileName/HandleUtility.cs: 3a2b940ef1063bb7ed90d70b8e902cf5 -> 91f1544f408469553ae7951802376dc7
  custom:scripting/monoscript/fileName/TMP_EditorPanelUI.cs: 0c3fb43855adf1da22258c211d01a47d -> 6242af713a75147e6e5820bfce936424
  custom:container-demuxer-webm: 4f35f7cbe854078d1ac9338744f61a02 -> 
  custom:scripting/monoscript/fileName/IPriorityQueue.cs: 90647cc400823b41df847a6cbfc29026 -> 8f6297df34271fdb1ce2d9607ec6261d
  custom:scripting/monoscript/fileName/TMP_FontAsset.cs: 6c1db4680a96f294cf0af87a0b8099aa -> 52c81438acb65fa444fe26964ef0345b
  custom:scripting/monoscript/fileName/SurfaceTopology.cs: 9526d30cd2f928b0eb81e56b5d034cc7 -> fcacf53dc1a9d80c141f45da4ad5cacb
  custom:scripting/monoscript/fileName/ProBuilderMenuActionAttribute.cs: 3674968d5ee67384faaf101c9d3dcda8 -> aa21e1cb340b4d66624ab269efca064a
  custom:scripting/monoscript/fileName/EntityEditor.cs: a91f91f5e306a57ac3e888e91213305d -> 479bbcdafdc8895866e190aa1e4ed7ae
  custom:scripting/monoscript/fileName/SimpleTuple.cs: 0cdf409b5aa8d4c25876d72b5c6a3b60 -> a53f96815da50de15010b1c479bc70cf
  custom:scripting/monoscript/fileName/SetTrigger.cs: 286b69f4327b4c46524ba1c15eb198ce -> f7f341239430639cef5ba11846355a7a
  custom:scripting/monoscript/fileName/IntVec3.cs: 2c04041d253e07e499b1153625966a9e -> 8e91de7bd5c399115a08ccab7da9cd25
  custom:scripting/monoscript/fileName/DrawShapeTool.cs: ac1712ae32bc97f8f4f25c7ab7b85183 -> 087ba03db22cf2aea364f3b020b8922b
  custom:scripting/monoscript/fileName/TMP_SubMeshUI_Editor.cs: 119a633ce37cc27ac209988b5de61d96 -> 765ce633a5bfada7c5afc51aed8631bb
  custom:scripting/monoscript/fileName/Vertex.cs: c33a8579f06fb5ec710638da284dce30 -> 3fc3fd0e61353ff6b176457a8fd399b5
  custom:scripting/monoscript/fileName/Triangle.cs: 38f2dea2cbf63a10d865b3c93a929d93 -> d0562d63fecbf5188e24fde2e83ce680
  custom:scripting/monoscript/fileName/DTSweepBasin.cs: 245db94975c479306e3cbdfe84d22fb1 -> 96c7d9fe46864bb8d255e7f6e122a693
  custom:scripting/monoscript/fileName/Bevel.cs: cda4b6394b0873a5b8e8df0dce506d92 -> 8dbd493457fbbaa6f0a8eafd7c8dcc46
  custom:scripting/monoscript/fileName/DetachFaces.cs: cf9073f1266f2923b20679a1bde3c8c0 -> 94dd7702b69703198ce1c3c7aa68e223
  custom:scripting/monoscript/fileName/ShapeState_DrawHeightShape.cs: bf3d191b58aaab9e01024402c1802b6e -> 2464cba411c66ffea21889b6bb1a9e5b
  custom:scripting/monoscript/fileName/P2T.cs: 0aa69cc22c33e17e24d809b0c56993bc -> 5311fa65ea4de3c842913b51a3672a69
  custom:scripting/monoscript/fileName/OpenLightmapUVEditor.cs: 1e75a505fb05c16310e33b72465177ef -> f4a58c1b2bf684de0477f3ca649636c6
  custom:scripting/monoscript/fileName/ProBuilderSettings.cs: 44e160cbb89a8c9e895fdc5e21b659ba -> 5a96b8b1ccf6640321034b1f4527c6d9
  custom:scripting/monoscript/fileName/GenerateUV2.cs: 7e9f55032cd43909a50ad3d71fd47174 -> fa8c5f708ed1b733fb4e35d385baccf2
  custom:scripting/monoscript/fileName/Shape.cs: 0c1bd185dc308e7f1b0ad86de0300f5a -> b68a5dc625e9be120706720fea43f4b9
  custom:scripting/monoscript/fileName/TMP_BaseEditorPanel.cs: f4b9967705e7bb57152fef4117417ba7 -> bf7c6aff8663a36814779dfe47e82e00
  custom:scripting/monoscript/fileName/Transform2D.cs: 99c230faf7d8b1d82d86bcfe0bdd121e -> 8d8b4790312f50d85e5b76972af21da4
  custom:scripting/monoscript/fileName/MergeObjects.cs: 11f6d640a9d3c77be19a9d5930aa559d -> 4a98045f4cd14250333a534475d04874
  custom:scripting/monoscript/fileName/EditShapeTool.cs: 5e5caa4d0c9b3b31aa98622a360a986a -> edf2bf13d6fce430418380467ef7d6cd
  custom:scripting/monoscript/fileName/TMP_InputField.cs: f7712ab842984f124274656d749eca3d -> 8fed3480abb5543168012b207b39349b
  custom:scripting/monoscript/fileName/TransformUtility.cs: d73c91a7d4fba2846cb7f791384de39e -> f8a825729175a8eb807be414b7783c28
  custom:scripting/monoscript/fileName/ShapeState_DrawBaseShape.cs: e0d5b8da05d52dbfb8f12dcc42366618 -> 343d5e9d83baac5a65a94a52293c2ebf
  custom:scripting/monoscript/fileName/TMP_Sprite.cs: 0ee3c386846aa132dd254421fac18cd1 -> e9945527ea1584af23f8f41ce4b844b4
  custom:scripting/monoscript/fileName/EditorHandleDrawing.cs: e4a253013e923fc5e2a42116f3e9cb52 -> c0b6f35562a3c493b8272c548242aa12
  custom:scripting/monoscript/fileName/UnwrapParametersEditor.cs: ad2871f345be52d0cf9added22b9bbb9 -> 46c6178a4fd4477a754acf75893976c4
  custom:scripting/monoscript/fileName/Cylinder.cs: c1df0163afb2da9cb82c7acacf1ed730 -> 67c389358d4360f5810186f579b884ba
  custom:scripting/monoscript/fileName/Math.cs: 4765fe41cdb59756d6a6579184fc0ff8 -> 810421a6066b39d78a9ffd9f3991df48
  custom:scripting/monoscript/fileName/SelectionPickerRendererStandard.cs: e1a12a27c7781421a618a7721df48c68 -> 8743fb0efc136665a8cc090eb2b971c3
  custom:scripting/monoscript/fileName/UVEditing.cs: 282cce0694f10e0de5a3bd7509995bd0 -> d95c0ab26b17358202fc0975ff46e659
  custom:scripting/monoscript/fileName/TMP_ResourcesLoader.cs: 6f1f07799f3cfe795f955033c27f98ed -> f71e35ced40721d6906e578fb6e7f0e9
  custom:scripting/monoscript/fileName/Log.cs: 2f3b85a20367d6d99e3a14c7ae399267 -> ef974d1e30c85abd7256cecbc60a1fbc
  custom:scripting/monoscript/fileName/TMP_StyleSheet.cs: de73099b6bd4b9281c92feedf1315618 -> b6deb5f646a1f5ad7b696d32618ba797
  custom:scripting/monoscript/fileName/TMPro_Private.cs: 90647cc400823b41df847a6cbfc29026 -> 8f6297df34271fdb1ce2d9607ec6261d
  custom:scripting/monoscript/fileName/TMP_MeshInfo.cs: 89833651f7d905e51b340ec2afe531d1 -> 375ed9fada55d6bf39f9352ef1dd520b
  custom:scripting/monoscript/fileName/TMP_SpriteCharacter.cs: 81dc73ff0878d6528202f8be44877b26 -> fe232bb280dddc880a01918d3502c13a
  custom:scripting/monoscript/fileName/SceneDragAndDropListener.cs: 07a111f362d027d85d45bdb7a902f14e -> 7eedb350c997b79189715bec5609131a
  custom:scripting/monoscript/fileName/PolygonSet.cs: 1d5b94bd81a36884686c2f6dc3640c06 -> d3555720d371c4592c80ff65e5b1085e
  custom:scripting/monoscript/fileName/DTSweepDebugContext.cs: 6ac3331923d1210cbd6f306a6bc3e3c2 -> 48402eb94f889eead1a14f20ba973022
  custom:scripting/monoscript/fileName/EditorShapeUtility.cs: b01457005654bb980604fba5d004d802 -> c452951f22509d3851777ee5927b7553
  custom:scripting/monoscript/fileName/Cube.cs: adf8d58792eaf50687787b68f170b6d6 -> 5a04a3344fd366715c4f1ec6471bd7b1
  custom:scripting/monoscript/fileName/Clipping.cs: 1741f8440a6254efcb95789a09be4e6a -> cb4ee0c14739aef486e76b64df8452f3
  custom:scripting/monoscript/fileName/TMP_ShaderUtilities.cs: 84a261643983e306d02445da38ed662f -> 75ec062faab558cb3190dcd3e4820547
  custom:scripting/monoscript/fileName/TMP_SettingsEditor.cs: 56bf06371df7e13c5b8cc88becb89a4d -> aa2b5eadaadb4b54b49cd650a2246119
  custom:scripting/monoscript/fileName/ShapeMenuItems.cs: 5f7ac6f810ef27e38f22b209ac1fc203 -> ae71d417fb6ad9ee80562655da47e069
  custom:scripting/monoscript/fileName/TMP_UpdateRegistery.cs: 1f23864d29c3a03d22aa9b00a337cf78 -> 62691e6bdb107984e7d826316a6498e1
  custom:scripting/monoscript/fileName/TMP_PackageUtilities.cs: 89e6e95503dd36070edf73e7aaab4557 -> 029634ff6f667ebc9454d70fde4def50
  custom:scripting/monoscript/fileName/TextureRotateTool.cs: c2d0baad66e4308f6143c552f0536843 -> de64360b3418b9277960231417fd3632
  custom:scripting/monoscript/fileName/SubdivideFaces.cs: 9109bab35f1c932e6b2935ab1452a120 -> 2f575da67016e5b8df89dad1b65d5a8f
  custom:scripting/monoscript/fileName/ProBuilderMeshSelection.cs: 90647cc400823b41df847a6cbfc29026 -> 8f6297df34271fdb1ce2d9607ec6261d
  custom:scripting/monoscript/fileName/Face.cs: a341fcdb31a7309723bdeb224f913433 -> 6b59248edf20736fe649e807e73c44a1
  custom:scripting/monoscript/fileName/FastAction.cs: dfbe75b66b645b53472915ad2590af11 -> 94d6ead813247e604740a116c5fa92db
  custom:scripting/monoscript/fileName/TMPro_TextContainerEditor.cs: b2fbc5db24221a870c4de162a712cbfe -> a97aca5bcf1b2486a0f60b2c7a935c42
  custom:scripting/monoscript/fileName/TextureStitching.cs: 282cce0694f10e0de5a3bd7509995bd0 -> d95c0ab26b17358202fc0975ff46e659
  custom:scripting/monoscript/fileName/ArrayUtility.cs: 1a4a57b6fbdf126f88c3fded2fdb776b -> 1c0723927a1dea4084aafa27e0babf3e
  custom:scripting/monoscript/fileName/ProBuilderMeshPreview.cs: 2c7c631c64eeea962429990f92666a51 -> d0230fea5a4d87373ad48ccae09a5956
  custom:scripting/monoscript/fileName/SelectEdgeRing.cs: a765561d8bccdd9a6baf3be3ef9ae6db -> 27dd4e73df0c1e8d2b1c164c1934d4ce
  custom:scripting/monoscript/fileName/FileUtility.cs: 71e69a0dda932652b4750f9f3d825114 -> 2961bba77c56c2a7229c3afaf4d78e44
  custom:scripting/monoscript/fileName/ContextClickManipulator.cs: 551ac0135cff9eba4bc63f242fd17841 -> 00a2ed4616fd5b136c16062206b02a4a
  custom:scripting/monoscript/fileName/ProbuilderRotateTool.cs: 46e8d522aca3344981cffc698ba16ada -> dfae9ba6f205547711d4eb1051f4780b
  custom:scripting/monoscript/fileName/Stairs.cs: 172b180c42a148fadf6415c52210a729 -> e254dec4f733abbd87258b46868d5452
  custom:scripting/monoscript/fileName/ProBuilderShape.cs: 3618f60e8d988cd8a0d66f0d060fd11a -> 4b94d05e947c45e53fde635ac0ebc2cf
  custom:scripting/monoscript/fileName/UnwrapParameters.cs: 644d0ce037708f9b6663416e490c0d59 -> 4d960715ecef383b56d2951e9c9da8c2
  custom:scripting/monoscript/fileName/DTSweepConstraint.cs: d620e55901dd883c92623a89c42030d5 -> 59c05bd289d9bce59258a29a158ea47e
  custom:scripting/monoscript/fileName/FillHole.cs: 49c97a483d8d6d36ce8ef90c74d4a79f -> aaa6fe80b3a68244078a7567ada0e365
  custom:scripting/monoscript/fileName/Prism.cs: c53bfe8cdbfb08eaf3dbf8c35a208bd4 -> 5f904ea39c8c32d25068cda89e69a200
  custom:scripting/monoscript/fileName/TMP_GlyphPairAdjustmentRecordPropertyDrawer.cs: 1a07941369755af9e0a102a45e9058c5 -> 6f07d27e8ea91e29d6bd5f39dd8deb23
  custom:scripting/monoscript/fileName/NewPolyShapeToggle.cs: 8acdd5cdcb7ee88e0e50b5931573fb4b -> bad7bfc867c0bf962133efa0f79b1273
  custom:scripting/monoscript/fileName/ExportStlBinary.cs: 5c64685a83bd5cbedf78a40252f3b12d -> dd8e10d762f32598ab0e1122ef48e9d4
  custom:scripting/monoscript/fileName/FlipFaceEdge.cs: f530ea0a74860a23981eb940ef68b251 -> fb9aa292368cc4ed51a43e9289ea2cfd
  custom:scripting/monoscript/fileName/FreezeTransform.cs: e675172267d870c70773e18ea0e1e250 -> 1599ad6ba59967d6e4db33cdd9b238e2
  custom:scripting/monoscript/fileName/ExtrudeElements.cs: 4c7ec400f4d4c6eaeb8b42dd1d2a747d -> 806117c07177fd070bb6a8f15afbe267
  custom:scripting/monoscript/fileName/TMP_FontFeaturesCommon.cs: 7d1db71d73353e7dd97f094c509882fa -> 89ff6ee76bb6f84827488d597e70ea5a
  custom:scripting/monoscript/fileName/TMP_LineInfo.cs: bb529d63c9723788bd7143f27cd69eaf -> 22ff02e7762110d3cc1f4bc096ea014d
  custom:scripting/monoscript/fileName/PreferencesInternal.cs: bfcfc9829daeeacc6e112df0986f85a6 -> 530b66421d3187fea0f2ff7b5a72657e
  custom:scripting/monoscript/fileName/VersionValidator.cs: bbb65e8a50d52b88a89cdeafda2af2f0 -> aee62f3e1b7975d116f5ff369b76465b
  custom:scripting/monoscript/fileName/UvAutoManualConversion.cs: 762f54589cdc906e3e1c04a57cf8ef9a -> 00828e5b9f8d412532156fb92532052a
  custom:scripting/monoscript/fileName/SelectVertexColor.cs: 7f0acb641efa7529c84cdbc924192168 -> 2865361f5d53aa2680c91d8c32a970a4
  custom:scripting/monoscript/fileName/ITriangulatable.cs: 5f8974429dff74ed7b6ecd00071f21a9 -> e9a73ba7369908268727333b921f0a74
  custom:scripting/monoscript/fileName/SelectFaceRing.cs: 3c7218fc27e261315951073ae7a7ef33 -> f5d0b1fb65552736125cad06744f8320
  custom:scripting/monoscript/fileName/Bounds2D.cs: 16ca90bc5c32dbbd92a84501f2c2743d -> 4ee9454de9a8cc8ab3a847168e9e1f47
  custom:scripting/monoscript/fileName/ExtrudeFaces.cs: 8da1d7548a755d4f7bfa6a3ad702beef -> afb8e77f6f04c56f7c5998b35b8192ec
  custom:video-decoder-ogg-theora: a1e56fd34408186e4bbccfd4996cb3dc -> 
  custom:scripting/monoscript/fileName/ConstrainedPointSet.cs: c9342aea7930c4ca55cd85acb4b82d33 -> 47771b5cd16d7a2fb324358db317755a
  custom:scripting/monoscript/fileName/TMP_UpdateManager.cs: fa7e71df671c5b3088b39753e4bbc70d -> 2b12c9b6d4082e0390a306eceed60fc6
  custom:scripting/monoscript/fileName/PointOnEdgeException.cs: 9e0012c09b9fee63c09ec06c54fbb87d -> 111622b5fd1bfc13cefcbb1aba3b389a
  custom:scripting/monoscript/fileName/DuplicateFaces.cs: 5ac5a69e6f038f9fa1492c8090a28996 -> fcd403cc51417d4fabdcff556d863805
  custom:scripting/monoscript/fileName/UnityScenePostProcessor.cs: 3af372e3e8128a470ce2c75685918c73 -> 355f8337335879c63d848a50cdab2946
  custom:scripting/monoscript/fileName/AssetTreeView.cs: f69e053f44c2ceb1d31b6346bdecf246 -> 2e85c4f99419cdb4a1518e9dc0b1f7e0
  custom:scripting/monoscript/fileName/TMP_TextAlignmentDrawer.cs: 011b7908ef5eb5e9dea532c77e85c538 -> ad15f73780bb9949f148eddcc3c3fbf7
  custom:scripting/monoscript/fileName/TMP_EditorPanel.cs: 0631f68be4ca0623bf3e313ec9becbc9 -> 0bd13db7cdfa07805bfadd631c0ddba8
  custom:scripting/monoscript/fileName/IHasPreferences.cs: a5f85efc1fefea988fce750a73fadae7 -> 1ad5ed8c1aa8e49fd9ef61122c0c14c9
  custom:scripting/monoscript/fileName/TriangulationUtil.cs: f18a7fb009b05f02616bafd07fbae553 -> 9c34fd675f82fec84d9e1a93c81ec48d
  custom:scripting/monoscript/fileName/SelectionPickerRendererHDRP.cs: e1a12a27c7781421a618a7721df48c68 -> 8743fb0efc136665a8cc090eb2b971c3
  custom:scripting/monoscript/fileName/TMP_EditorUtility.cs: b242106620cbbc38f0411146a086b885 -> f68b71b7543cddf9e4cdf261d5f519e5
  custom:scripting/monoscript/fileName/TMPro_CreateObjectMenu.cs: ddee59388caa7a56693342f3a805d427 -> e9e63aff764c7e7fd08e66f87103df4d
  custom:scripting/monoscript/fileName/SelectMaterial.cs: 9a86428319d18f00e00cf559df42df52 -> 68253dfa0eb4aed4fa93ce3f7dfd78d3
  custom:scripting/monoscript/fileName/SelectHole.cs: 331dc98cef43e5c9a3f6963fcc1bfe76 -> 30a46f79959cc819958849feeb1c5941
  custom:scripting/monoscript/fileName/PlyExporter.cs: bf5494e3645f49425628ca78199ab31d -> 387fdb165aa0453aa97982c13d7544ba
  custom:scripting/monoscript/fileName/SelectionPickerSettings.cs: 2d19355ddaebe622fb966ebf4e2a7407 -> 4abbf7aee3c44abab686a289f1fa4626
  custom:scripting/monoscript/fileName/ConformFaceNormals.cs: 05b09c7c65b09cbd069b7d54a7757b98 -> 70ae96991aefdfb4e1066374faf96754
  custom:scripting/monoscript/fileName/TMP_SpriteGlyphPropertyDrawer.cs: 1447c7afab82cf56bc359d5c7fba114e -> 4a6f1515709a40d92e24c84ec92fc53a
  custom:scripting/monoscript/fileName/DTSweepPointComparator.cs: 797b86f3c76f8674cd07c1b4091aebb1 -> 22d3ddb7fd4121b94809f8679e66fd07
  custom:scripting/monoscript/fileName/ProBuilderSnapping.cs: 299be986ce6dd2a383c58b87f56cf5bc -> 085a40d43e316416e1479fb555081379
  custom:scripting/monoscript/fileName/FixedArray3.cs: 90647cc400823b41df847a6cbfc29026 -> 8f6297df34271fdb1ce2d9607ec6261d
  custom:scripting/monoscript/fileName/TMP_Asset.cs: 7e95c8d89188057bea8fc9569c9aa309 -> dcedda1866ab6edcf1af2d4525512628
  custom:scripting/monoscript/fileName/MenuItems.cs: 36e8964894b4a740a9cbe85327eddbf8 -> 4497504db5d8eca795d2ad25eee9f798
  custom:audio-encoder-webm-vorbis: bf7c407c2cedff20999df2af8eb42d56 -> 
  custom:scripting/monoscript/fileName/TriangulationConstraint.cs: 02158ed4aeb2e0540be606ebedcd9aa5 -> 0faaf851a99afd5bae9e2ff752a2f938
  custom:scripting/monoscript/fileName/TMP_SpriteAssetMenu.cs: 05ea7b84320d1b77a6d1ae49c41ee9cc -> a42d2dc20ed9558b36972dc6e6d71655
  custom:scripting/monoscript/fileName/TMP_TextUtilities.cs: aab2855e68416a0a1f2f8904059662aa -> f68f97869f24792bf3a3694d69de955c
  custom:scripting/monoscript/fileName/ShapeFactory.cs: 0502fb9700fa7e8a16f4ae24254c8fb0 -> af4823c77fbc7658ddf7f8bb8aaf4480
  custom:scripting/monoscript/fileName/DTSweepEdgeEvent.cs: 0fd87cf929642b86af7d774c6fbe71c0 -> a2b304ddcb79e5db61493e9a786f471b
  custom:scripting/monoscript/fileName/ProGridsInterface.cs: 495262c8bdcccdf28a7c22cd60c9f4e7 -> 0aad9e6f8f7158b54237f57ec21d125a
  custom:scripting/monoscript/fileName/TMP_Dropdown.cs: ecea2f8babcb40d207d2e73158251f60 -> 39f6048c754db30f2da2ea32254db16b
  custom:scripting/monoscript/fileName/TMP_BaseShaderGUI.cs: 25118693f24c47c8a4b530b8bff26574 -> 2c2d4519754bb0c1dd0a107014b7ac8a
  custom:scripting/monoscript/fileName/MenuToolToggle.cs: 2abf8abff0704256700f4bae8074325c -> 510f254c215fa427f0124a42916b8aa8
  custom:scripting/monoscript/fileName/Cone.cs: 3ac9bedd6ed3a29bf5087d05f2c8a2a9 -> dc0d616f2196b303120236acb63076f9
  custom:scripting/monoscript/fileName/HierarchyListener.cs: df959326ae23895096fc25ce5eee65bb -> 419707e5338fd8411ffb999da97ad7a2
  custom:scripting/monoscript/fileName/MeshUtility.cs: 012ece355ae629d1c430517d97b8d6e4 -> 7a57f12791c9c801d83899c7f242fcbf
  custom:scripting/monoscript/fileName/TMP_ColorGradient.cs: 8d91c7c4749088eca69648d37a965bf8 -> 3baf9c6d3c50fc594e68e0c756eb8779
  custom:scripting/monoscript/fileName/SelectRing.cs: 6912c38cf645b01b143799d78cd61ef1 -> 86c04fa9b69f49e0a33986421184d6b0
  custom:scripting/monoscript/fileName/EntityUtility.cs: b021dbc0e14e8512304615a12fc46603 -> 9c2a19c8387d47c96fe3a7ec65b3ba2d
  custom:scripting/monoscript/fileName/Model.cs: 9856304bdbd2e76ecd815f3a6141f1cd -> 5f28c5444af8a33503cdc094930b5ed8
  custom:scripting/monoscript/fileName/TMP_CharacterInfo.cs: c840ce0b0aa6c1faafb27b3b884b2328 -> d2593478681404ce2cbd40e4e2f8a6d3
  custom:scripting/monoscript/fileName/TMP_ColorGradientEditor.cs: ed654c9d45026a5f71e6e9535130c15f -> 187fe88a4e95285275d1781f1da14d92
  custom:scripting/monoscript/fileName/CutToolToggle.cs: 552b76f8f489d420018d2bc016dee384 -> 991af3b2d5ecfe4a755a89c4427d29f1
  custom:scripting/monoscript/fileName/TMP_PreBuildProcessor.cs: 790c12dcd4980aa978fd28fb6f89fb37 -> d965cd4513e689cb01c0481012a89dee
  custom:scripting/monoscript/fileName/SubdivideEdges.cs: ea38859c9b60817b797cd0bc73fe7421 -> 51e662486f2ec78c887428bce9cc9b15
  custom:scripting/monoscript/fileName/EditorToolbarMenuItems.cs: 46058aaf6133ec8b6c96241a03c62a3a -> 060ec5f828cd41cc516ff59a79b3a9cb
  custom:scripting/monoscript/fileName/EntityVisibility.cs: 813cb3e764ffc83643f0aca9bfa0af07 -> 46fa3d1b1d698960648bd66414062d91
  custom:scripting/monoscript/fileName/NearestNeighbourList.cs: 0cdf409b5aa8d4c25876d72b5c6a3b60 -> a53f96815da50de15010b1c479bc70cf
  custom:scripting/monoscript/fileName/ExportAsset.cs: 64ea3c10f23669e99308cf5709607fe7 -> 13711cfc5906744546bb775cbefb2410
  custom:scripting/monoscript/fileName/TMP_SpriteAssetImporter.cs: 675c97d72afe988872a20f51812f7cdf -> 06875a6ac5102e58811218e1c5dd33ca
  custom:scripting/monoscript/fileName/AssetId.cs: 72051ac5858b603f67e79ad23943c39b -> a1ea614044a0829b1144b92d44d7bdbc
  custom:scripting/monoscript/fileName/ProbuilderMoveTool.cs: 0bc95615dcf63b5cbaf368eee6b40041 -> 0d4afed4ce21a6d48fd4739c49092194
  custom:scripting/monoscript/fileName/Lightmapping.cs: 729d5176389c7d55a1cea260e00908f3 -> b6f4ed35c1cea0f87578bf70c4ae8962
  custom:scripting/monoscript/fileName/TriangulationDebugContext.cs: 87fbe3212c108a097e48e0b9075b23af -> becd153078a4add97a1ccdeef8966064
  custom:scripting/monoscript/fileName/SharedVertex.cs: 9680b52997af34358e173ceeda08f072 -> 5102ddb8d2e8a0a19e58a9e9f4bc9380
  custom:scripting/monoscript/fileName/TMP_SerializedPropertyHolder.cs: 99e5dbc1fa1abe750acc8166e4243be8 -> 9860586610cb3d91ae7f4ce33ab22d0b
  custom:scripting/monoscript/fileName/CutTool.cs: e6300f07efa58b123cc9c4077043e15d -> 3a8150d779215dd32fb1063fed27d140
  custom:scripting/monoscript/fileName/RaycastHit.cs: 9675f1dd2c2a246ff2b48ea6c764f6ab -> e6010eda614e0c2e9143a1b5e5ca7a3e
  custom:scripting/monoscript/fileName/MenuActionShortcutAttribute.cs: 8ee1e1f0f987fedec31fbb0f30bf1447 -> 1f77266708d4eb2e88b379ea95d28a89
  custom:scripting/monoscript/fileName/MenuOption.cs: ec547da010b1f775387dac0d6dfc2379 -> 707688870f14f2a3b47b84564d682116
  custom:scripting/monoscript/fileName/ToggleDragRectMode.cs: a6f38316b8f4d3d28669b3b66d64c405 -> b3081d16943219892565319791527824
  custom:scripting/monoscript/fileName/Normals.cs: 2fceabbe4457a8c2cd17103527fc3999 -> 854a9db6009ce4e4e1a5a6a1429ae3a9
  custom:scripting/monoscript/fileName/TMP_SpriteAssetEditor.cs: 8a42af05e85c0eed4128787976375b45 -> 7dcaf47692799a91aa4e5cd439bc54d0
  custom:scripting/monoscript/fileName/TMP_ListPool.cs: 90647cc400823b41df847a6cbfc29026 -> 8f6297df34271fdb1ce2d9607ec6261d
  custom:scripting/monoscript/fileName/ShapeState_InitShape.cs: ecc7de96dd0c9d79cb24f533500a9905 -> 2fa1a3b73afeeeee81eae401c7606511
  custom:scripting/monoscript/fileName/TMP_SpriteCharacterPropertyDrawer.cs: 14565b4e4f9266584dc3194fd967d252 -> 63186d320ccdf4dfa06fbce4e897d3f3
  custom:scripting/monoscript/fileName/SplitVertices.cs: 30ce1208e3cd3ede28dd939c947c561b -> 618078c7e88b5acc189bcd729695f46c
  custom:scripting/monoscript/fileName/EditorGUILayout.cs: af6b60ff05c0a0b5e8b12b58eeee0a3d -> 36777319bd90832c88f578235414dff5
  custom:scripting/monoscript/fileName/ActionResult.cs: 878c00c54fb54c01804190a9d0655ed4 -> 0d60f69bc5e2fca2ac443cde22d11e3e
  custom:scripting/monoscript/fileName/ToggleHandleOrientation.cs: ff423b63e0ebde3f2c92755b6b7ee322 -> 71c78fd74ab7b833d0e267e5c3711105
  custom:scripting/monoscript/fileName/EditorSnapping.cs: df92563ba70f0b4fd00aaa62e5c8ce20 -> 4a87eff127e8d7fbb8723dbf79961300
  custom:scripting/monoscript/fileName/Polygon.cs: 5ac035759c9f8a76e3cbcd97006ade55 -> 4745c5bc7736972bec4ed0e009b03670
  custom:scripting/monoscript/fileName/TMP_BitmapShaderGUI.cs: 2ce3ac811452d1d6d82e565157cac3e2 -> ef806c32b355e8831ed4eb3f5e3400ff
  custom:scripting/monoscript/fileName/MaterialPalette.cs: 6eec2d59c4da6a8a8bfa6297b1bcc8a2 -> 4f05212f130961d08f1275198f3775b2
  custom:scripting/monoscript/fileName/TMP_ColorGradientAssetMenu.cs: 83563be632f8167fcdca7878d36901f9 -> 79ee3689ecabb3de162f43faa3b27adc
  custom:scripting/monoscript/fileName/KdTree.cs: fa1071bf87824d896f817aa60401970b -> a7ae47651017042dc98f27ecf5bc804b
  custom:scripting/monoscript/fileName/UndoUtility.cs: 01e71ce5a533c75551e0a685057d1f5a -> 699a87849619a15bc7d40c3f03f5d21a
  custom:scripting/monoscript/fileName/BevelEdges.cs: 900660c27c5ca8704eace46fcb229e08 -> 64819a0d909bce6850d147d97c08eb3b
  custom:scripting/monoscript/fileName/TextureScaleTool.cs: ada73f928df57eed2635e39d4b904480 -> e8fef69b6ba33a1320f4edf24d19eafa
  custom:scripting/monoscript/fileName/Normal.cs: 8aabbd74ea5a1bafd9f9f458ee31f0ea -> 4565256c89908ad68384ccab8dde842c
  custom:scripting/monoscript/fileName/MaterialReferenceManager.cs: c970e86594a0f568cbda548f2d4462c1 -> eaedc912311d98c6b58e199f6250c848
  custom:scripting/monoscript/fileName/DropdownOptionListDrawer.cs: 4362475bc384312c771d88865ee2f40d -> 342ee3f9c806e60b189c02609042c492
  custom:scripting/monoscript/fileName/WingedEdge.cs: 4d875b987a0abf3c39f7fbca07295966 -> ece2c29cf92323892f2f676ae0ab5f8e
  custom:scripting/monoscript/fileName/PolygonPoint.cs: 5deffe9741b5d71ba54cbaa302167698 -> 175ce7411af6a4d40df44407895d65c7
  custom:scripting/monoscript/fileName/TMP_Character.cs: 015720458ea991fbf07357eae19532db -> 2bff3626198e4d2228876f1e687078e0
  custom:scripting/monoscript/fileName/SelectEdgeLoop.cs: 2335c8d843b8886988200cdd4d6db849 -> c8e14bb119a739eacf384c2ee94cfa4f
  custom:scripting/monoscript/fileName/DimensionsEditor.cs: ec4125bca3b24bfc179b302c1fca5bf2 -> b091bdfa64b173b75503f27592f41570
  custom:scripting/monoscript/fileName/PointGenerator.cs: a1aa7e0803f517e32a9376a405ccf247 -> b0e9595f95e2dc5a9cba5384c6c111d4
  custom:scripting/monoscript/fileName/MeshDebugTool.cs: 37611c9d109cb7f09200abdfa0dae3d7 -> a132f077546caca746258de594424fa7
  custom:scripting/monoscript/fileName/OpenUVEditor.cs: cb3d61ee3cb3d622ab4668fb4c46395b -> b3e0347f921eaa1aed80e7d94dbad98e
  custom:scripting/monoscript/fileName/Pref.cs: 90647cc400823b41df847a6cbfc29026 -> 8f6297df34271fdb1ce2d9607ec6261d
  custom:scripting/monoscript/fileName/ITextPreProcessor.cs: a7aa94de5d5bfce2bdd74516315faaf2 -> 28ed6b2ca482997555fb0291bd20c40d
  custom:scripting/monoscript/fileName/SelectionPicker.cs: 0497fef85e2b96a812879276bdcae9cf -> c921a310dd07cf55e480e808cffb67df
  custom:scripting/monoscript/fileName/ExtrudeEdges.cs: ddb56ecccd06d064cce30e8ec94c3a24 -> 19e260fff6c055728a0721c6c286ef57
  custom:scripting/monoscript/fileName/TypeMath.cs: 90647cc400823b41df847a6cbfc29026 -> 8f6297df34271fdb1ce2d9607ec6261d
  custom:scripting/monoscript/fileName/Torus.cs: 80ba092579159f0ee10eed09283f5118 -> 5f68a512dd3143e54e2414447c81ccce
  custom:scripting/monoscript/fileName/DeleteFaces.cs: 6b563d42d9e83bc675dc19702c968415 -> e1be94c0b7147b4ca322ce14b5886538
  custom:scripting/monoscript/fileName/TMP_GlyphPropertyDrawer.cs: 56b500a16a5c8f635a7bfdd702279864 -> 75006bca208b32d4fc4710404c538acf
  custom:scripting/monoscript/fileName/ProBuilderMeshEditor.cs: 409e7369087b8f191734315fac6dc594 -> ba7cea26e2ee054ce54afeda55e2acbf
  custom:scripting/monoscript/fileName/MainToolbar.cs: 162e661b90bc0601e328b0d9c9a85d04 -> 79e78de572e97d829048a28a265ce89f
  custom:scripting/monoscript/fileName/TMP_SubMesh.cs: 9fd75270af40187985e5c14cc85ebe42 -> ff760a824537d48706351b95c8d4be21
  custom:framework-osx-AVFoundation: e770b220cccbd017edd2c1fefb359320 -> 
  custom:scripting/monoscript/fileName/NewShapeToggle.cs: 5f15e27392c39392c01d85b37192a28d -> 22e82395ce6e7dd83b0ee49932a6239e
  custom:scripting/monoscript/fileName/ConformObjectNormals.cs: ea6076ebe43da4b8ba6bcf8b94771359 -> 4237fecfa7cb9083988c803cf9294e58
  custom:scripting/monoscript/fileName/EditorGUIUtility.cs: 6cbafc8575de9d68c30b4fb135d63bfe -> f3bd9b8b5b6ca69dd3a4b5b66ce54864
  custom:scripting/monoscript/fileName/PolyShapeEditor.cs: fe3b7706705ed3c4dd84e573dcfcf6ed -> 2a86b654592bc26e694909cf5af65305
  custom:scripting/monoscript/fileName/InsertEdgeLoop.cs: 79633fa178da92a5c6294668ef444484 -> 2ae8d1c474b26256ab945d0d24356ef4
  custom:scripting/monoscript/fileName/TMP_SpriteGlyph.cs: cb4cdca5a4c6415e4f27ee5280164c41 -> 52a9bbe662618c4a5697bdefcba63d59
  custom:scripting/monoscript/fileName/SetCollider.cs: eae49933455a2c9b95713257135e4d8f -> cc3abb7dddeab450901f477ce95c40d0
  custom:scripting/monoscript/fileName/VertexManipulationToolSettings.cs: c46b46378b08a08e84560f649870b305 -> 98d6d07bac1309b24551406f82682144
  custom:scripting/monoscript/fileName/TMP_CharacterPropertyDrawer.cs: ddc6f8909fdac3de9238e9b86e411c3e -> 0fc1d1caf2f580e74b2224e6797250e4
  custom:scripting/monoscript/fileName/BezierShape.cs: b5801eb32f53d6731ef1dbd52394d0d7 -> 492afc0ee5d42c626ea1b854fe143d38
  custom:scripting/monoscript/fileName/EditorSceneViewPicker.cs: 13df4fde3106db2f1cf39c7820e34ef1 -> eb67d7fdef944856bd1331ac0db3e899
  custom:scripting/monoscript/fileName/QuadUtility.cs: f80c36f8b1183a738f2c4f7fa2ab27d9 -> adb8691cdbca3794813626448d418031
  custom:scripting/monoscript/fileName/Changelog.cs: 796ad3f3a5d8532b75e1fde95ea4a6fe -> 1122e49c3fdebdba4214b6f13d0abe53
  custom:scripting/monoscript/fileName/TMPro_EditorShaderUtilities.cs: f4cbef9348a73d49f1efb8d10ff07bf0 -> 1203fb3feabf58cb81d888055364f838
  custom:scripting/monoscript/fileName/TMP_FontAssetEditor.cs: e359b61135381f6b1d7b8c7e97a930f3 -> ff94a59ea0ba0aa81aa8a7f307f2efd3
  custom:scripting/monoscript/fileName/pb_Stl_Importer.cs: d65407d7fe02c27f450e320f523317a6 -> ce59d2e546360b5ddadc9d3acb103aaf
  custom:scripting/monoscript/fileName/KdTreeNode.cs: 90647cc400823b41df847a6cbfc29026 -> 8f6297df34271fdb1ce2d9607ec6261d
  custom:scripting/monoscript/fileName/AdvancingFrontNode.cs: 03e5d4b9222c4095e8449306398434f5 -> be7e972b9ebcf3f33ade1e8d7b8fe2a2
  custom:scripting/monoscript/fileName/InternalMeshUtility.cs: 47e64566b64f31667f3ecd22aea855bd -> 0de5a64e33f4d323f20840f87d91eac0
  custom:scripting/monoscript/fileName/TMP_FontAsset_CreationMenu.cs: 1c5caeb31a0df734411a201aca87cb03 -> 18345b423cea91a35f20f73f48aee7e1
  custom:scripting/monoscript/fileName/ITypeMath.cs: 90647cc400823b41df847a6cbfc29026 -> 8f6297df34271fdb1ce2d9607ec6261d
  custom:scripting/monoscript/fileName/ProBuilderize.cs: 006fb89e624c26dbea4b2af78139477c -> b6e77a89ac28a6cbd8f1723f941fdb1b
  custom:scripting/monoscript/fileName/ToggleXRay.cs: 2beaa89293af925965c361a628716eab -> 66d092c0bea39a1303fa5c233fd26486
  custom:scripting/monoscript/fileName/PolyShape.cs: 68d98358b4f6d4a567396bfd2d8fb6a8 -> b90e7a66031592bbe404809c789b99dc
  custom:scripting/monoscript/fileName/Subdivision.cs: 2d3ed2728b5e862f0b20dccff60f596a -> 4214f7e3c186352799919f680c300ab9
  custom:scripting/monoscript/fileName/pb_ObjectArray.cs: 23d64ec5390756f20b8935c6d27ae727 -> d439f54f1103ffdcf066b930ef0ed002
  custom:scripting/monoscript/fileName/ProGridsIgnoreSnap.cs: a6e9a46f7d1ca1bca90f5934e2b8f31e -> 17b54a171d61eb9640a0177ff9a66582
  custom:scripting/monoscript/fileName/TMP_CoroutineTween.cs: 76849b8d6d4ce499ad8ffee762e4a4af -> d4d869f6662b40274a62453f83c8a425
  custom:scripting/monoscript/fileName/SelectFaceLoop.cs: 41e1c4627a230cc32925e760a4ea1602 -> 2fb1c9710c6290c12316023624118d04
  custom:scripting/monoscript/fileName/ColliderBehaviour.cs: facc1ae2f42419fa1146003334c8bf66 -> d451213d21d47b74c407263f33a03ef8
  custom:scripting/monoscript/fileName/DeleteElements.cs: 4c13bc6aa328361166e449ea1ebb36f9 -> cf9b14012964b37f66698ee9c47500c7
  custom:scripting/monoscript/fileName/LicenseEditor.cs: 63763a27e13858a79a8d582236d3aff4 -> ee245f6e173f0d7c8e571bfc7220c407
  custom:scripting/monoscript/fileName/TMP_ScrollbarEventHandler.cs: c015e39b5a3f1a14518ce039f30e10af -> 55de10d862075cd935d8381c309f39e0
  custom:scripting/monoscript/fileName/GlyphMetricsPropertyDrawer.cs: 438b07e6eae795dab04c32f51ac4e752 -> dd0833870bcea17556e6d67c750c6ffc
  custom:scripting/monoscript/fileName/SelectPathFaces.cs: 80c6b565b5df1b6163de14f2f5623788 -> 956e5d9a52c910e4b588c354acd25c57
  custom:scripting/monoscript/fileName/Triangulation.cs: 09054241e6b66b6bff40ad35686c73c1 -> 1e8fcc43754c28019feda244e426966f
  custom:scripting/monoscript/fileName/TMP_ObjectPool.cs: 90647cc400823b41df847a6cbfc29026 -> 8f6297df34271fdb1ce2d9607ec6261d
  custom:scripting/monoscript/fileName/Node.cs: 291859575cb9c6e25dde80dbcd31fe5f -> 8234dc34b4b50e44a11739a21fc7dbb0
  custom:scripting/monoscript/fileName/EditorMaterialUtility.cs: b048d9073a287734afa3e8a672786fb9 -> 84a70b59d1d63e712f67e813ba36d7ae
  custom:scripting/monoscript/fileName/MergeFaces.cs: f0a7123f95ff8b6d8a9b42653a9c0700 -> 478bd082b921878c0faa5fbd914f4623
  custom:scripting/monoscript/fileName/OpenVertexPositionEditor.cs: 8383d3bdff3fd2a102f368cd27c823e5 -> 1c2587ac934db4dcbc17554a467f1939
  custom:scripting/monoscript/fileName/TMP_SpriteAnimator.cs: bf3a797c3a059d3698e93e0031d7f11c -> 126f1482d1430ed8648c2a6d8d693c6d
  custom:scripting/monoscript/fileName/Door.cs: 01c9614e23978f328b71d053948f991a -> cebbdc7207e599ec2335d015d5c88709
  custom:scripting/monoscript/fileName/TMP_FontAssetUtilities.cs: 5b7a9bc9c5c56e3cb5ccc808a2bdd9e4 -> d84a52975d941e769af4ae15b3aaa211
  custom:scripting/monoscript/fileName/VertexEditing.cs: cb46c69b687fb75b59e3367415afaff1 -> 48fa141f1142ca37a0a888ca67e8ef34
  custom:scripting/monoscript/fileName/CombineMeshes.cs: a9ce7a0bc7639b0c1010471275dc600c -> e57faaa9d1f04fee988363e931293786
  custom:scripting/monoscript/fileName/ShapeState.cs: 3749e2c667cecc0f702ff706b018e886 -> e988bef49163d375955329bc9ae0456e
  custom:scripting/monoscript/fileName/PolygonGenerator.cs: 2aafe12f9c6b9da7c8245101147d5dd8 -> fa18afe7d5bd64c8cff6760ef14f2100
  custom:scripting/monoscript/fileName/BezierSplineEditor.cs: 3ad6df2b7420af9029add9cd3b037737 -> f5eedf610dd8f3757db29bab55565da5
  custom:scripting/monoscript/fileName/SelectLoop.cs: 03ac0ad9679c503b1c8b7fe6c371f29c -> 5d42efd8d6620a332d218c45d18a3cd9
  custom:scripting/monoscript/fileName/AutoUnwrapSettings.cs: 505c9e8ec7abeb42e5de8a57e4ff3803 -> 015a471b4dbdaa33489c4d36328c3beb
  custom:scripting/monoscript/fileName/PriorityQueue.cs: 0cdf409b5aa8d4c25876d72b5c6a3b60 -> a53f96815da50de15010b1c479bc70cf
  custom:scripting/monoscript/fileName/MaterialEditor.cs: f530beda68d4162ffebd1ab086eac73e -> acdbf38b336001cc3e985cb342226383
  custom:scripting/monoscript/fileName/Sphere.cs: fc1a890637c16d42bea0288fac0d32cf -> c1a44c6d944741157e928ad0402333e8
  custom:container-muxer-webm: aa71ff27fc2769a1b78a27578f13a17b -> 
  custom:scripting/monoscript/fileName/TMP_TextProcessingStack.cs: 6146dd1b7f9b90aa342ef9794e387c23 -> ef8795fce16f80562f220a2f8bcb6bd2
  custom:scripting/monoscript/fileName/ProBuilderToolManager.cs: b1a465d81a664e6bb35ec8ea83bc4b74 -> efac8a6290fba659fcd8fd21e95506fd
  custom:scripting/monoscript/fileName/VertexPositioning.cs: 72fdeca4b408d9862267b32f667e1074 -> 8173a895fcb8b6774e5176bb1cf53649
  custom:scripting/monoscript/fileName/MeshImporter.cs: bf784b146e3ce8404151198f5cf6434d -> c065f89f4f1bc987d93f1b4ab6189570
  custom:scripting/monoscript/fileName/MeshAndElementSelection.cs: a24a0934fd2aa12cf7e44f99f89ac69e -> ffd56092cae22dd65182d760efae6efd
  custom:scripting/monoscript/fileName/ColorPalette.cs: 1c1b41242ba5ca26499c5f401ccf2446 -> 723bc1c0e0d6b918dfcc308382ccd0a8
  custom:scripting/monoscript/fileName/Sprite.cs: feaf383831c6d8dc30fd1ee62a194252 -> 68532d2c61f6c3b62602737162a2ec1d
  custom:scripting/monoscript/fileName/VectorHash.cs: 73efb1b59aa72f6931fc7c991c4eeae6 -> 0ac05caaee9071a92351b076db254b0e
  custom:scripting/monoscript/fileName/TMP_InputValidator.cs: 5e0d679d98dae60baa87977011e0ed51 -> e99335724872b7fcd0e5352c682debe0
  custom:scripting/monoscript/fileName/ObjExporter.cs: c82ccdbcc64a076a13c2f8aab8afbc5a -> f76ea5992fc1638cd329a47af7421ff2
  custom:scripting/monoscript/fileName/VertexManipulationTool.cs: 285f01fa4b22517173c175fb8dc94e60 -> 6c9885d0c0ce7e91ada99245859b6282
  custom:scripting/monoscript/fileName/VertexUtility.cs: 052e4b725d8884d92d676e6d212b34e9 -> d0165786e6cc9eb484d7ca11d8521f29
  custom:scripting/monoscript/fileName/NewBezierShape.cs: 2b4083186ccd0d651beb42f17f850f7e -> 55ed07965ee19ea782befd50d4e70796
  custom:scripting/monoscript/fileName/TMP_DefaultControls.cs: 2673e29173eb9307fa53ee17c15332ed -> 1798ee96b3c83cf7d4cea690bb04976a
  custom:scripting/monoscript/fileName/TMP_UIStyleManager.cs: 66d96f3fa9ea14a5a6ed3f92d3bbe0f1 -> f54fffa86b286da3a3329c601ca8d03e
  custom:scripting/monoscript/fileName/FlipFaceNormals.cs: b425fafc3a8e4b16ac0ff7feea8fc66b -> 05ee004a25fc472818454f533c58d44a
  custom:scripting/monoscript/fileName/TMP_SelectionCaret.cs: d2a06fefe973175bffa10d62f788c481 -> ed141b1915a10b9c7ff9136666b54ee9
  custom:scripting/monoscript/fileName/AssetIdRemapEditor.cs: c3f34756c8a6598c4cf15f5e847bf414 -> b101c0148ed87c9402e1b92e19874e20
  custom:scripting/monoscript/fileName/EditorToolsContexts.cs: 2d17066c287657c5db318975da74e7af -> 6cd5542a801a031fe071267d10480b9d
  custom:scripting/monoscript/fileName/TriangulateObject.cs: 552194489d8ee542e612ed9b3681ec44 -> 748d938029092e3170c8c658591a67d5
  custom:scripting/monoscript/fileName/DoubleMath.cs: d3a713d6df919a256ea9b090c3b84b43 -> 14977dd02f104c4ff8b45a4a5479c978
  custom:scripting/monoscript/fileName/ProBuilderSettingsProvider.cs: 31c7f11630ae278eb11b8b1b3b44c0ad -> 13beb7e19435cf9f346fa945eea48a58
  custom:scripting/monoscript/fileName/AdvancingFront.cs: ba4e7f8c74fb24a84261ff39b2535119 -> 9f3ce40a422fb6016a318c8ee109c89b
  custom:scripting/monoscript/fileName/Version.cs: 2140673570cb0dbe2b0365f572525f99 -> f0b9c4d54aef1e586fc652cfdc620f4c
  custom:scripting/monoscript/fileName/CollapseVertices.cs: b8f4877fb9cdb02e00dd9b33b403fa7c -> dc3e1016a661dce32e47367904825a91
  custom:scripting/monoscript/fileName/ObjectPool.cs: 90647cc400823b41df847a6cbfc29026 -> 8f6297df34271fdb1ce2d9607ec6261d
========================================================================
Received Prepare
Refreshing native plugins compatible for Editor in 0.14 ms, found 0 plugins.
Preloading 0 native plugins for Editor in 0.00 ms.
Unloading 29 Unused Serialized files (Serialized files now loaded: 0)
Unloading 29 unused Assets / (2.5 MB). Loaded Objects now: 2417.
Memory consumption went from 172.9 MB to 170.4 MB.
Total: 14.166250 ms (FindLiveObjects: 0.231833 ms CreateObjectMapping: 0.036042 ms MarkObjects: 13.202125 ms  DeleteObjects: 0.695458 ms)

Prepare: number of updated asset objects reloaded= 2
AssetImportParameters requested are different than current active one (requested -> active):
  custom:scripting/monoscript/fileName/PreferenceKeys.cs: 971ed4aae575beb1e198c26581764982 -> c1c6958d9062b9c9c2efa7a28affa946
  custom:video-encoder-webm-vp8: eb34c28f22e8b96e1ab97ce403110664 -> 
  custom:scripting/monoscript/fileName/OpenVertexColorEditor.cs: 30ff560893ac054d11bcf5e0433eccba -> 0bde100a5e68bc6e8f047cf079c6371d
  custom:video-decoder-webm-vp8: 9c59270c3fd7afecdb556c50c9e8de78 -> 
  custom:scripting/monoscript/fileName/PackageImporter.cs: 1fe0039e0f1efd9d08d3a2da485c6f93 -> 18c4245910829c7fba0e1946a3f22d91
  custom:scripting/monoscript/fileName/TMP_FontFeatureTable.cs: cbd25d300d7ed4d969d60cb9f98f2826 -> 5ff9812058e8c02a5b04eaa88778f2a5
  custom:scripting/monoscript/fileName/TMP_FontAssetCommon.cs: 2b5f11ccf8aacaf9b5ea6564bf2b0d57 -> 4a5ab4d4426385ab38edd57c118cd485
  custom:scripting/monoscript/fileName/TMP_SDFShaderGUI.cs: 1460619486eb6e8da302e26af5538aaa -> 082588c068c6e819b94cdf417f8b7551
  custom:scripting/monoscript/fileName/TMP_RichTextTagsCommon.cs: 5462d55f8a9ad882f9a7f2d708a6978b -> d28b21b13d6cea8fa92671f9a2a1f20d
  custom:scripting/monoscript/fileName/SmoothGroupEditor.cs: 8bc2610f365dc4634fc8c31ccc969585 -> 1064d8331a913257dab4cdfc21fcec17
  custom:scripting/monoscript/fileName/TMPro_ExtensionMethods.cs: 479bffcc157b89693ffc4c2ef2374861 -> 3d34decc871f763d4c9c61f1fe0f3275
  custom:scripting/monoscript/fileName/DTSweep.cs: b489dbbdebbb3b9e956ffbc2a0d88071 -> d045108b24d44b221d8a008624fcda26
  custom:scripting/monoscript/fileName/MeshValidation.cs: 96702c51dfa78152e589ae8ca081a783 -> 04075680859bc34196ccd56358357ff4
  custom:scripting/monoscript/fileName/UVRenderOptions.cs: cbafaf027c1745bc7e47ed02d4fc6533 -> 6e1785599c7dbe3002d892a90e785a42
  custom:scripting/monoscript/fileName/WingedEdgeEnumerator.cs: adbd097edcaa08879624b3dbf9fed71f -> 599f0117cecc3a04c53adc2951c5dbe9
  custom:scripting/monoscript/fileName/EditorHandleUtility.cs: 0ac2d22f358476e1b744f1f8895e1aba -> dfe46cfb4b3329610eea1da8172ee0c1
  custom:scripting/monoscript/fileName/HyperRect.cs: 90647cc400823b41df847a6cbfc29026 -> 8f6297df34271fdb1ce2d9607ec6261d
  custom:scripting/monoscript/fileName/TooltipEditor.cs: 051c4adf0743255fa06a6508fb451a66 -> 1883cf96151e042643af8c3e5724e842
  custom:scripting/monoscript/fileName/SemVer.cs: 3cf48f4591710125c2a8f6dc6ca94475 -> 3b20103f5867598637cd086120875f18
  custom:scripting/monoscript/fileName/ColorUtility.cs: 955d148b2d9eeb72c61392d743a13c8c -> 7083431eceae2ed89152408497c8394c
  custom:scripting/monoscript/fileName/RepairActions.cs: c98caac95a1bd550b46a8909c4bd3f4b -> 5cadd7ed963fc39bb2a3786966755ca1
  custom:scripting/monoscript/fileName/FloatMath.cs: 0fe73a55cac7bdb87b1e039ac908242b -> d1d434c83c83cea2c1b3e68a52a53b59
  custom:scripting/monoscript/fileName/UvUnwrapping.cs: 6dc18e949826aea52a2968ed7b10cc47 -> f8c8948c67465d24bbe3ec0f1df0f6d3
  custom:scripting/monoscript/fileName/TMPro_EventManager.cs: 4c7492301243f935f7a463360f91d217 -> 9ebed0b1e26a8c995d644c176e696d93
  custom:scripting/monoscript/fileName/VertexPositionEditor.cs: 46d235253e54e23a363ea17144ac2a77 -> 20ce79aba53b8806cd4c2d9cb3f3ef6b
  custom:scripting/monoscript/fileName/ToggleSelectBackFaces.cs: cd800d355c36b0670ead69c584432936 -> 72f343f70eb62a43066b2f1a9721bf06
  custom:scripting/monoscript/fileName/TMP_SubMeshUI.cs: 748262c65738bc5e1c553ae7a37a0c73 -> 7a6337f74438df5e26b302bbbbc41105
  custom:scripting/monoscript/fileName/GlyphRectPropertyDrawer.cs: bdec415148eac17379112822c8814df5 -> d355023434b9b8f82f7070cb40c7c036
  custom:scripting/monoscript/fileName/ConnectElements.cs: b040b3cb3e9da34e655bb3a47bd46193 -> 176d925c658de9703fc379a239c082ea
  custom:scripting/monoscript/fileName/ShrinkSelection.cs: fe8a97f4f165a36f66e0120cfbdfd1a0 -> e24ad03152f0b3eb84e4686d997612d0
  custom:scripting/monoscript/fileName/WeldVertices.cs: 150ff8957179426a96725d6e78b916cf -> 310d946e6af6eb78ad0f4b270ab3f555
  custom:scripting/monoscript/fileName/TMPro_UGUI_Private.cs: 90647cc400823b41df847a6cbfc29026 -> 8f6297df34271fdb1ce2d9607ec6261d
  custom:scripting/monoscript/fileName/EditorStyles.cs: d933620442e94f395abad499f0a07844 -> d6cf61a3bff17f664d8f07b288899e0e
  custom:audio-decoder-ogg-vorbis: bf7c407c2cedff20999df2af8eb42d56 -> 
  custom:scripting/monoscript/fileName/IntVec4.cs: 4a457fdc2b6edfff9af20f31f74bc367 -> a3aa0bd472fa2d3b612a88ecb38ca78e
  custom:scripting/monoscript/fileName/MeshHandle.cs: 4fb552a16b062d468ef698bbde7ead52 -> f2b386582f7474a64e17e636fc0dbbcf
  custom:scripting/monoscript/fileName/Spline.cs: f8384952784bb95e08e1e29156fe4db5 -> 28e019c03606680a097c55b58115e0b3
  custom:scripting/monoscript/fileName/ShapeGenerator.cs: 8279205acb8a1e8bdcbaa5ab6a730a68 -> 559da73ab440a4cfbb6e5ee76a94db95
  custom:scripting/monoscript/fileName/VertexColorPalette.cs: e5d6bcbfe423cc4ee23c4be5f46b1637 -> 9d1376fe8abc00794faa97ecdf5c1ff7
  custom:scripting/monoscript/fileName/pb_Stl.cs: 9b07f4f149309491c5f1435ec678ae63 -> 51af4017240795884fad9c404f4e2fd7
  custom:scripting/monoscript/fileName/InternalUtility.cs: b46a4bbee8883c649a48eca82d9c5113 -> 9f2e1420b4fef97b404fe7afd5295ea8
  custom:scripting/monoscript/fileName/EditorToolbarLoader.cs: fdf9b8f64a6e826326906d3119503c10 -> 66381be3f5526c145ba9bae4850e926c
  custom:scripting/monoscript/fileName/IconUtility.cs: 45ed954b9dd197048f268e19e52aa10b -> 034630d592d662eca2e85205848a3722
  custom:scripting/monoscript/fileName/MeshHandles.cs: 9078a2010039bebdb66a21ef9e570477 -> 37075a86fc6b1c925d8ca4770dd1cbbc
  custom:scripting/monoscript/fileName/TMPro_ContextMenus.cs: 06b3d4b27f337b8d846ca7117f3251e1 -> fbbbcbf9b4eb950e9aeda2d70529152c
  custom:scripting/monoscript/fileName/DestroyListener.cs: 6be46e6f4b52a4b0718c2fb44268f9ce -> a68c3e137947b02ac2cd9c44630cb13d
  custom:scripting/monoscript/fileName/TMPro_MeshUtilities.cs: 2237d160e4d9e81a7d899dc235029cb3 -> 183dd3a7e1b70c109767dd5059a390dd
  custom:scripting/monoscript/fileName/TMP_TextInfo.cs: 9e4eb698c4c168829682cbe659418e8f -> d86eebf32f36b8febee06365f862b403
  custom:scripting/monoscript/fileName/TMP_TextElement_Legacy.cs: 6e11e173cb695b15e8cce3cd1e1cb2a7 -> 33cc86d4b4c35f95c6446ea70ef56fc4
  custom:scripting/monoscript/fileName/TMP_Compatibility.cs: 3ef1f12d3c823dd740c7c596ab076c61 -> d5209fd9c6a9aef9cccdbfb4f06bd571
  custom:scripting/monoscript/fileName/MenuAction.cs: 898ec4fe99f46e9006b47eb12b400bce -> fae602d108041252c892c7d0dbb6835e
  custom:scripting/monoscript/fileName/TextContainer.cs: 245c032a15fbc12850861c707e37b027 -> 4e3c016869303ab3136387f7870e5adb
  custom:scripting/monoscript/fileName/IntVec2.cs: 08f3ad76946da3616135c08e32f0dd9a -> 9ebed9e7543f0e4249c4d89daeef5a21
  custom:scripting/monoscript/fileName/Pipe.cs: 5ab339b2fd460f209f184462230f3149 -> 3ca54dd364f22d106e069d3639f4f8f6
  custom:scripting/monoscript/fileName/MirrorObjects.cs: 352699d4a7651efc5cce5eea885082ac -> 30fb8dc2394f76e291a51694eebc1bb7
  custom:scripting/monoscript/fileName/FaceRebuildData.cs: 84b2db0355125c47a227c7fa1701067f -> 4f4d3770d43d79d6f5c02b08c148862f
  custom:scripting/monoscript/fileName/PreferenceDictionaryEditor.cs: 9fa6284d94bac21a015ed6b0842b4204 -> 7cd89f8e58bce998ffced9b126a94783
  custom:scripting/monoscript/fileName/TextureTool.cs: 993795ee2a60353f3a850d19c84178be -> f36f558dcac1c72ba3562e4aa1c2caad
  custom:scripting/monoscript/fileName/MeshSelection.cs: 1023d69f6dc6c80d3619702d1b000c52 -> e7812b7cf0f91d037c2e98119937132a
  custom:scripting/monoscript/fileName/PolyShapeTool.cs: 7bc678380b9081ce72ddf75ffd2e71dd -> 7dfb89ede7ce1e06d6ffd4debafe5fb4
  custom:scripting/monoscript/fileName/EditorMeshUtility.cs: 07524f479fd6253ffe9cec9107fd0db3 -> d65aa916b1419290b5f7e47cb2b5d209
  custom:scripting/monoscript/fileName/PointSet.cs: 856b6b7048d351f3361fd73be98c133e -> 1cb3625d684708a48e1f619d38f3ae4d
  custom:scripting/monoscript/fileName/Plane.cs: 10495ff9b800b2afa8268aeffb6ada07 -> fdceb9c119da0a30acdabb70cd0ba29a
  custom:scripting/monoscript/fileName/BuiltinMaterials.cs: f1801187dcebf42d4c70a9f4b283cc9a -> abbf76b631504676e7b7d7a401b3619b
  custom:scripting/monoscript/fileName/HandleGUI.cs: d5e044de315c4ae729548743aabbcc7c -> afa4af5140a52f4f9ca3da5b0ac10ad6
  custom:scripting/monoscript/fileName/TMP_EditorResourceManager.cs: f56b80268a934198a76acc6f4cef503c -> 30391129c5b96f298e44c099ae0fab57
  custom:scripting/monoscript/fileName/TMPro_FontAssetCreatorWindow.cs: 0d0900483ed9b57d4ccc2ff58d1220b3 -> 9d68c1aab1c646cdf3e70083dc01df96
  custom:SearchIndexIgnoredProperties: e643bd26f0fe6173181afceb89e7c659 -> 
  custom:scripting/monoscript/fileName/Export.cs: 078559a78b86060d1b211241c5c67779 -> c50292d7ecb2991c4e7a9d81cef51859
  custom:scripting/monoscript/fileName/IHasDefault.cs: d3ac6d93a1f2a0255a9ab45bb4e61b9c -> 1e14a04e64e81d8f0d3e7c9ca86f95f4
  custom:scripting/monoscript/fileName/TriangulationPoint.cs: 32917afe2890c1499ece497286a4d04a -> 1035c919b741bdf95e2932b37bd260e4
  custom:scripting/monoscript/fileName/AutoUVEditor.cs: a2d70cd5a5b723a42dd96d8849970c6c -> 627ab62f8fdd1604c3ee48475ef9e815
  custom:scripting/monoscript/fileName/HandleConstraint2D.cs: 0be005422d79e45e5239b3f12629e4ee -> 9015774b3c0bbbdd3a4330fb8924982c
  custom:scripting/monoscript/fileName/TMP_SubMesh_Editor.cs: b381eb4c2ad4ef265088242d67c5b140 -> 6199a3bf0c204e3bdded9f5f05415a32
  custom:scripting/monoscript/fileName/TMP_Settings.cs: 68d1204aae2aa6d0a54c151b7af443e7 -> 957f1889ca66b295dca8f725cc81558d
  custom:scripting/monoscript/fileName/TMPro_SortingLayerHelper.cs: 8b86ad735987eff6a1277352e9e8d9b6 -> e3aabd077ed12370ac46dda129ef572e
  custom:scripting/monoscript/fileName/SelectionPickerRenderer.cs: ebb4947fce4540eba10b7d1df3164b8c -> 73f1e4a4a65ed18cd1e1d52a19d8d397
  custom:scripting/monoscript/fileName/Extrude.cs: 34a5e82da627ee072b8b3873fd02e1ab -> dcbaaeeec29f276dbf276d9d529d07bb
  custom:scripting/monoscript/fileName/TMP_TextElement.cs: 5dfb95666bd41ecc32948097824aba23 -> fb8354965187a75f506d9a9df85f19dd
  custom:scripting/monoscript/fileName/TMP_InputFieldEditor.cs: a6f05406e9cdb59679382b884c14216a -> 8f2095c37e5fd5ed563d60163f0c2e52
  custom:scripting/monoscript/fileName/TMP_Text.cs: 5cba61e283281e8dbf7dadaabcd638dc -> c453c9b4dcb2bfad1083e3b49dfa3983
  custom:container-demuxer-ogg: 62fdf1f143b41e24485cea50d1cbac27 -> 
  custom:scripting/monoscript/fileName/DTSweepContext.cs: 2981771f565ec1526dc5d821e460f88f -> 04c0f7cf0e165c3283113f604cd42540
  custom:scripting/monoscript/fileName/OpenMaterialEditor.cs: e48180fa4e846a1c9510af46c88df99b -> baa1f65543a2c837b5be23900001d62c
  custom:scripting/monoscript/fileName/UVEditor.cs: bb46d5bac7199bd3c17dd891460f80ff -> 72ca5bcad2be1e7fb633cba0a986444f
  custom:AudioImporter_EditorPlatform: 3918e3fc78b5a79bad01e8451be0beb8 -> 
  custom:scripting/monoscript/fileName/PreferenceDictionary.cs: 39594dd21319b14ffe21cbd90959a3a6 -> aa8b39134effb62bcf93956ec1113878
  custom:scripting/monoscript/fileName/Experimental.cs: 91e9d2d4ec28f211f51aa6b3c2d6addc -> 74044429c642e1d5383cff33699e9713
  custom:scripting/monoscript/fileName/ProbuilderScaleTool.cs: 2b819c71d43921e551cd144d387df88b -> 693ed401cdd2268a25a82a0b4d09aedb
  custom:scripting/monoscript/fileName/ReflectionUtility.cs: 4f20c90f34e7c9a0975037e76bd514e1 -> e9fbf2f99142e54c08e7ab42214b8d2e
  custom:scripting/monoscript/fileName/TriangulationContext.cs: c42f2501129644a7463ca94823659aca -> adf33f40b421fead56d5d60ed76341b6
  custom:scripting/monoscript/fileName/ElementSelection.cs: c68aacab4736cb88931cbda58954f8b2 -> 6fa56cc3b2c46b068ce001582f75bbdf
  custom:CustomObjectIndexerAttribute: 9a22284fe3817be447336de3de66b15e -> 
  custom:scripting/monoscript/fileName/TMP_SpriteAssetImportFormats.cs: 920e3140228fbd530b0080254da22d88 -> 3cc56654a2015a96112916e9636fbe6f
  custom:scripting/monoscript/fileName/TMP_StyleAssetMenu.cs: 60e7743122a0686d1131101c521adac6 -> d695e815510410a6715fa00ae5e73f57
  custom:scripting/monoscript/fileName/TriggerBehaviour.cs: 9e9b28603c1443f5d61fd91ef7ccbf86 -> 79e7a86a8530867940d5ec2db58f3ac8
  custom:scripting/monoscript/fileName/ProBuilderMeshFunction.cs: 90647cc400823b41df847a6cbfc29026 -> 8f6297df34271fdb1ce2d9607ec6261d
  custom:scripting/monoscript/fileName/TMP_MaterialManager.cs: 441d72ec3c04a8da6a351f60fff95465 -> 1382feee688fee3eebaa5e9d7b47e98d
  custom:scripting/monoscript/fileName/StripProBuilderScripts.cs: 8d1118df1b038f5729efd517ae8a88bb -> 28ed736835aaf61296e94776be7fe22f
  custom:scripting/monoscript/fileName/ConfigurableWindow.cs: c5114dc30bc9061442d90941d750ad69 -> dc908ec59e43674d94e6c44d5f6f0a04
  custom:scripting/monoscript/fileName/TextureMoveTool.cs: ce8cacc59824d8cf57a35f09c16f8711 -> 561dc27692dc87b40ac845b590590c6e
  custom:scripting/monoscript/fileName/TMP_SpriteAsset.cs: 8d06882cb45c7664f8d7c3079ee8757f -> b46309090c7f7da519ff6ef3172bd077
  custom:scripting/monoscript/fileName/TMP_TextParsingUtilities.cs: 8b3fe20641ae0dd97405135955c706a3 -> 47331f425db7fa5c443a11c866530503
  custom:scripting/monoscript/fileName/TooltipContent.cs: ebba672cca5b3ad7206f389dac2aaebf -> 59ac72fe5e43e89296b93f6ab317b8c6
  custom:scripting/monoscript/fileName/SmartConnect.cs: 8e54477dfa9d32f8770b42f4e609398c -> 7cc56315c2f7d3b4ddbfec9b55b217f6
  custom:scripting/monoscript/fileName/PreferencesUpdater.cs: 83612b3eb5c9f939088fe8899554f47b -> 9a363e698ce1b17dbc0d2d4dab7a63b9
  custom:scripting/monoscript/fileName/LightmapUVEditor.cs: 4a5ea877356561228eed906adcd3bedb -> a2aefb495142dc468618fa8a501b7aad
  custom:scripting/monoscript/fileName/ExportObj.cs: c18a1561185a459c7d8d09a4d25283a2 -> b50eb634a6665886ac462c95bd53c18a
  custom:scripting/monoscript/fileName/ProBuilderAnalytics.cs: 2cd7a59044f39493e703b05f32b66c91 -> 1c7d7c6ab5b13a09bcd39014b45b9a79
  custom:scripting/monoscript/fileName/EditorUtility.cs: 4382ba71a5fdd3efad937be52139f5f9 -> 93f1489ed0c05fd005da29cea6da0c82
  custom:scripting/monoscript/fileName/Arch.cs: b067ac6b52031bd7322d6f3511ad169c -> f1c51c8c0bcd0928d443c381b195e68f
  custom:scripting/monoscript/fileName/LogEditor.cs: 40340fd10eb0d8176aa6afc39bccbaf4 -> 5e1c92e4622e71b33b738b828fa27fb8
  custom:scripting/monoscript/fileName/FlipObjectNormals.cs: 5609faa163c9a11dab9cd43e902b823c -> fb2365562ddc0eea3f4f6e4b9288df3f
  custom:scripting/monoscript/fileName/PositionTool.cs: 2fd18bf8664a011c4421990ba96d6342 -> 5e734435a39761992fa026a9b9d7a18c
  custom:scripting/monoscript/fileName/Edge.cs: 057c878f971a98ac6fecd89263127db8 -> 6e8d0d5fb0fb548cecca33c0fd183e9e
  custom:scripting/monoscript/fileName/BezierPoint.cs: 34833cc72fdb3a48f1f4d008cbd59fdb -> 7525997013ed3923f7017a1f8bd43327
  custom:scripting/monoscript/fileName/TMPro_TexturePostProcessor.cs: 0750ad2b775120fa59f760172dc340ad -> d21743efde4e74198703a65b965619ea
  custom:scripting/monoscript/fileName/TMP_ResourcesManager.cs: 64252a073d41e9c6f4e95b5f68ac966c -> 0d972ba50c38c5b25fe15fb0c61ada2b
  custom:scripting/monoscript/fileName/Smoothing.cs: 330a1dd6217f1894b6d80984c74f9c02 -> a5f43ca51675d12c056752c71c91493e
  custom:scripting/monoscript/fileName/TMP_PostBuildProcessHandler.cs: c69b388004562ecb0f789fc3759d9651 -> 728d00fd9070cbfe6d8df45c08e57305
  custom:scripting/monoscript/fileName/ProBuilderShapeEditor.cs: e9de23e6a3e5ceebe7af47bb766a8898 -> 889928ab8d4165b46609eb6bf1b9947d
  custom:scripting/monoscript/fileName/Projection.cs: ed09dc3fa75f6d964258c142443c8e2f -> a99aca606acb7395e9583f20da6bb81a
  custom:scripting/monoscript/fileName/ConnectVertices.cs: 8257d8a693dec45e625c35a99914af6f -> 9f1e5d145cdb3ffd0765deedcb2d98bf
  custom:scripting/monoscript/fileName/TMP_DropdownEditor.cs: 2d907ee76ef876797c15186180266847 -> 6df138b51e278f9c93bd4976e96aa952
  custom:scripting/monoscript/fileName/EntityBehaviour.cs: 7a0182fad58e8b86f5d1052d96507e02 -> 7020f30221d5fc623dfd25c0afe538c2
  custom:scripting/monoscript/fileName/MergeElements.cs: c9b3400349305ddcd54accbdabf30f58 -> c200d1c9feef6a7cfad8fbd59745c8c0
  custom:scripting/monoscript/fileName/EdgeUtility.cs: 1a660714836b36f59bcd2ddafecfe565 -> d5d024e13a2c772fede5968a2a84bad1
  custom:scripting/monoscript/fileName/SelectionUtility.cs: 92d2eece3ee87ab27a4e71ba6256b756 -> 62672b6b7b9f66de36e9019b7ab61216
  custom:scripting/monoscript/fileName/ToolbarGroup.cs: 61877aef40bf12b94f4563196b114281 -> b3446a3ba7dbd0117ea9f39ef820f9d1
  custom:scripting/monoscript/fileName/Entity.cs: 46f49b609c478dd10de66061000fec95 -> 2a45643cd0ab11f7a87a1756acaf27c8
  custom:scripting/monoscript/fileName/ProBuilderEditor.cs: 2dba96b7748ca8a4b559fcb455a58b78 -> cb8336c5ae1ba4e4350b3a477f3a84f5
  custom:scripting/monoscript/fileName/TMP_PackageResourceImporter.cs: 949b6e7fa2132b400d5c4aaf9c34421a -> 5335f4ee7041812300af31a777e4f584
  custom:scripting/monoscript/fileName/EditorHandleDrawingScopes.cs: fa69dc0aae38f933c4768b1a381f6f16 -> 6e49124636030e26c07fc62951b3fc99
  custom:scripting/monoscript/fileName/ScriptingSymbolManager.cs: 9f4ebf1856d93cebe044158f23b01e0b -> c441cb9442058a8009c4677e535a8f5a
  custom:scripting/monoscript/fileName/MaterialUtility.cs: 39fc2b5fdbf10826d74b00a710dbbd4b -> 88cf4fbb88e3f1204571500ff4ff9e45
  custom:scripting/monoscript/fileName/TMP_EditorCoroutine.cs: 04cbf5ce6e541d98265aa7668ef82832 -> 01d80099920d11c11bfa87417e26164b
  custom:scripting/monoscript/fileName/MeshTransform.cs: 558feaf5ce4456f3514221266af9489f -> cef0215a2fecd1c2d2cbab8f5227f824
  custom:scripting/monoscript/fileName/DelaunayTriangle.cs: 908235f5d5e291f50089ca6a8bdf4c13 -> a054c1ee7cb04c097e8ceb96652dcdfb
  custom:scripting/monoscript/fileName/ExportStlAscii.cs: 9a4dfdfba98097a3c691a44b59f67ad6 -> 0202a109a87d532de90cb92c017792ca
  custom:scripting/monoscript/fileName/Submesh.cs: 51f2a9e71cf380288c6159863c8c6958 -> 3b9f33e18b686f2ef961a1460f1ca761
  custom:scripting/monoscript/fileName/CenterPivot.cs: 0540fa0c3bb9c7b452e63f89e313456c -> 770b513b1417a468a49e0612e0dc1780
  custom:scripting/monoscript/fileName/OffsetElements.cs: 112aeff604960ea9032670cfb4a87fc1 -> 458cc781ffeffd7206e0b1c130f2eec5
  custom:scripting/monoscript/fileName/VectorMask.cs: f37b197a0f2e7d76768feac2551f97f2 -> ba27e7ec933b2076546dcfdaaa788a30
  custom:scripting/monoscript/fileName/FixedBitArray3.cs: bc9279bedd3a6bc1feb5645d9911ddcf -> 19581a695ccc746fb3b7e7dd64fdf8bb
  custom:scripting/monoscript/fileName/AppendElements.cs: 48197571f7c160b8c47e348465caee55 -> 486d83c701ebf06e31569da6a2aa2a61
  custom:scripting/monoscript/fileName/SubdivideObject.cs: 15529496d16d945ce564dd73b9f022cf -> d85411130466895ad74cddf2f8961b2a
  custom:scripting/monoscript/fileName/TMP_Style.cs: ecc9948baa78373f3076151d1a0642d9 -> 22d5739edd705d10f980250dcfd7fde0
  custom:scripting/monoscript/fileName/ConnectEdges.cs: 8f686a7fff4566a6aa5be848bd67c552 -> ae65098df42811e49cbc9fbdf9c8945d
  custom:scripting/monoscript/fileName/BridgeEdges.cs: 7b3cbd3298c1cacf3fd10a2c13fb2858 -> 10bad4efb9bf2e63956f391bb2c8b8ed
  custom:scripting/monoscript/fileName/IKdTree.cs: 90647cc400823b41df847a6cbfc29026 -> 8f6297df34271fdb1ce2d9607ec6261d
  custom:scripting/monoscript/fileName/ExportPly.cs: 570e49f6204b40b7c2281c056489e701 -> 53679ea737f5b1dfa36f8666443d6fb4
  custom:scripting/monoscript/fileName/ToggleDragSelectionMode.cs: 6a922485a12d7e52256776f0adc1d3b0 -> 717210f7999935796e1f0c5e4d460495
  custom:scripting/monoscript/fileName/CSG.cs: fddebc96510ce08c125abace9d05eafd -> 2dc6a8dbd39bdcb649b4c2d3b5a6989d
  custom:scripting/monoscript/fileName/GrowSelection.cs: de1d66ff5d47fd9485b62f0576610afb -> 1bca638cbdbda9d68e37eef4443b3cb8
  custom:scripting/monoscript/fileName/SmartSubdivide.cs: e83627bb1da7bd1a9a208feb135dee35 -> cfdafb8092010961486f401c21290682
  custom:scripting/monoscript/fileName/TMP_StyleSheetEditor.cs: 38b210a450ac855df2d81ab0242c2feb -> b6503d890746d6150e0f267f43ce60e4
  custom:scripting/monoscript/fileName/EdgeLookup.cs: 1933ab40224290e9191c61e11eab2868 -> c9997fabb8a6c934a062de5df942cb8b
  custom:scripting/monoscript/fileName/SelectSmoothingGroup.cs: e7adc037d5343729fde59c2f041f72e6 -> 77ca64551fca402d7ced40d23a45fbac
  custom:scripting/monoscript/fileName/TriangulateFaces.cs: 7d58267eca67ed800671b3fe1771472b -> 7384e16273c0b0cb8589d3e983ff177a
  custom:scripting/monoscript/fileName/OpenSmoothingEditor.cs: b7bfcfe69a934092c115177d09b130dc -> 560aef3f7be06bb4ace9e3ef06de1679
  custom:scripting/monoscript/fileName/SetPivotToSelection.cs: 0a4f1a088a797c04c53d4f4d7ec66668 -> 4b1632cacf89ec92f9fec662bcb33ec8
  custom:scripting/monoscript/fileName/ProBuilderEditorShortcuts.cs: 2e87be32c8a93b1377e99b0795a6bb9d -> 449f66bb9fa7cf61c5b8fa043ae0c50c
  custom:scripting/monoscript/fileName/pb_Stl_Exporter.cs: a0bbf115d527a544930104c2dcebd300 -> fc035555d13973baa50218da209917b1
  custom:scripting/monoscript/fileName/HandleUtility.cs: 3a2b940ef1063bb7ed90d70b8e902cf5 -> 91f1544f408469553ae7951802376dc7
  custom:scripting/monoscript/fileName/TMP_EditorPanelUI.cs: 0c3fb43855adf1da22258c211d01a47d -> 6242af713a75147e6e5820bfce936424
  custom:container-demuxer-webm: 4f35f7cbe854078d1ac9338744f61a02 -> 
  custom:scripting/monoscript/fileName/IPriorityQueue.cs: 90647cc400823b41df847a6cbfc29026 -> 8f6297df34271fdb1ce2d9607ec6261d
  custom:scripting/monoscript/fileName/TMP_FontAsset.cs: 6c1db4680a96f294cf0af87a0b8099aa -> 52c81438acb65fa444fe26964ef0345b
  custom:scripting/monoscript/fileName/SurfaceTopology.cs: 9526d30cd2f928b0eb81e56b5d034cc7 -> fcacf53dc1a9d80c141f45da4ad5cacb
  custom:scripting/monoscript/fileName/ProBuilderMenuActionAttribute.cs: 3674968d5ee67384faaf101c9d3dcda8 -> aa21e1cb340b4d66624ab269efca064a
  custom:scripting/monoscript/fileName/EntityEditor.cs: a91f91f5e306a57ac3e888e91213305d -> 479bbcdafdc8895866e190aa1e4ed7ae
  custom:scripting/monoscript/fileName/SimpleTuple.cs: 0cdf409b5aa8d4c25876d72b5c6a3b60 -> a53f96815da50de15010b1c479bc70cf
  custom:scripting/monoscript/fileName/SetTrigger.cs: 286b69f4327b4c46524ba1c15eb198ce -> f7f341239430639cef5ba11846355a7a
  custom:scripting/monoscript/fileName/IntVec3.cs: 2c04041d253e07e499b1153625966a9e -> 8e91de7bd5c399115a08ccab7da9cd25
  custom:scripting/monoscript/fileName/DrawShapeTool.cs: ac1712ae32bc97f8f4f25c7ab7b85183 -> 087ba03db22cf2aea364f3b020b8922b
  custom:scripting/monoscript/fileName/TMP_SubMeshUI_Editor.cs: 119a633ce37cc27ac209988b5de61d96 -> 765ce633a5bfada7c5afc51aed8631bb
  custom:scripting/monoscript/fileName/Vertex.cs: c33a8579f06fb5ec710638da284dce30 -> 3fc3fd0e61353ff6b176457a8fd399b5
  custom:scripting/monoscript/fileName/Triangle.cs: 38f2dea2cbf63a10d865b3c93a929d93 -> d0562d63fecbf5188e24fde2e83ce680
  custom:scripting/monoscript/fileName/DTSweepBasin.cs: 245db94975c479306e3cbdfe84d22fb1 -> 96c7d9fe46864bb8d255e7f6e122a693
  custom:scripting/monoscript/fileName/Bevel.cs: cda4b6394b0873a5b8e8df0dce506d92 -> 8dbd493457fbbaa6f0a8eafd7c8dcc46
  custom:scripting/monoscript/fileName/DetachFaces.cs: cf9073f1266f2923b20679a1bde3c8c0 -> 94dd7702b69703198ce1c3c7aa68e223
  custom:scripting/monoscript/fileName/ShapeState_DrawHeightShape.cs: bf3d191b58aaab9e01024402c1802b6e -> 2464cba411c66ffea21889b6bb1a9e5b
  custom:scripting/monoscript/fileName/P2T.cs: 0aa69cc22c33e17e24d809b0c56993bc -> 5311fa65ea4de3c842913b51a3672a69
  custom:scripting/monoscript/fileName/OpenLightmapUVEditor.cs: 1e75a505fb05c16310e33b72465177ef -> f4a58c1b2bf684de0477f3ca649636c6
  custom:scripting/monoscript/fileName/ProBuilderSettings.cs: 44e160cbb89a8c9e895fdc5e21b659ba -> 5a96b8b1ccf6640321034b1f4527c6d9
  custom:scripting/monoscript/fileName/GenerateUV2.cs: 7e9f55032cd43909a50ad3d71fd47174 -> fa8c5f708ed1b733fb4e35d385baccf2
  custom:scripting/monoscript/fileName/Shape.cs: 0c1bd185dc308e7f1b0ad86de0300f5a -> b68a5dc625e9be120706720fea43f4b9
  custom:scripting/monoscript/fileName/TMP_BaseEditorPanel.cs: f4b9967705e7bb57152fef4117417ba7 -> bf7c6aff8663a36814779dfe47e82e00
  custom:scripting/monoscript/fileName/Transform2D.cs: 99c230faf7d8b1d82d86bcfe0bdd121e -> 8d8b4790312f50d85e5b76972af21da4
  custom:scripting/monoscript/fileName/MergeObjects.cs: 11f6d640a9d3c77be19a9d5930aa559d -> 4a98045f4cd14250333a534475d04874
  custom:scripting/monoscript/fileName/EditShapeTool.cs: 5e5caa4d0c9b3b31aa98622a360a986a -> edf2bf13d6fce430418380467ef7d6cd
  custom:scripting/monoscript/fileName/TMP_InputField.cs: f7712ab842984f124274656d749eca3d -> 8fed3480abb5543168012b207b39349b
  custom:scripting/monoscript/fileName/TransformUtility.cs: d73c91a7d4fba2846cb7f791384de39e -> f8a825729175a8eb807be414b7783c28
  custom:scripting/monoscript/fileName/ShapeState_DrawBaseShape.cs: e0d5b8da05d52dbfb8f12dcc42366618 -> 343d5e9d83baac5a65a94a52293c2ebf
  custom:scripting/monoscript/fileName/TMP_Sprite.cs: 0ee3c386846aa132dd254421fac18cd1 -> e9945527ea1584af23f8f41ce4b844b4
  custom:scripting/monoscript/fileName/EditorHandleDrawing.cs: e4a253013e923fc5e2a42116f3e9cb52 -> c0b6f35562a3c493b8272c548242aa12
  custom:scripting/monoscript/fileName/UnwrapParametersEditor.cs: ad2871f345be52d0cf9added22b9bbb9 -> 46c6178a4fd4477a754acf75893976c4
  custom:scripting/monoscript/fileName/Cylinder.cs: c1df0163afb2da9cb82c7acacf1ed730 -> 67c389358d4360f5810186f579b884ba
  custom:scripting/monoscript/fileName/Math.cs: 4765fe41cdb59756d6a6579184fc0ff8 -> 810421a6066b39d78a9ffd9f3991df48
  custom:scripting/monoscript/fileName/SelectionPickerRendererStandard.cs: e1a12a27c7781421a618a7721df48c68 -> 8743fb0efc136665a8cc090eb2b971c3
  custom:scripting/monoscript/fileName/UVEditing.cs: 282cce0694f10e0de5a3bd7509995bd0 -> d95c0ab26b17358202fc0975ff46e659
  custom:scripting/monoscript/fileName/TMP_ResourcesLoader.cs: 6f1f07799f3cfe795f955033c27f98ed -> f71e35ced40721d6906e578fb6e7f0e9
  custom:scripting/monoscript/fileName/Log.cs: 2f3b85a20367d6d99e3a14c7ae399267 -> ef974d1e30c85abd7256cecbc60a1fbc
  custom:scripting/monoscript/fileName/TMP_StyleSheet.cs: de73099b6bd4b9281c92feedf1315618 -> b6deb5f646a1f5ad7b696d32618ba797
  custom:scripting/monoscript/fileName/TMPro_Private.cs: 90647cc400823b41df847a6cbfc29026 -> 8f6297df34271fdb1ce2d9607ec6261d
  custom:scripting/monoscript/fileName/TMP_MeshInfo.cs: 89833651f7d905e51b340ec2afe531d1 -> 375ed9fada55d6bf39f9352ef1dd520b
  custom:scripting/monoscript/fileName/TMP_SpriteCharacter.cs: 81dc73ff0878d6528202f8be44877b26 -> fe232bb280dddc880a01918d3502c13a
  custom:scripting/monoscript/fileName/SceneDragAndDropListener.cs: 07a111f362d027d85d45bdb7a902f14e -> 7eedb350c997b79189715bec5609131a
  custom:scripting/monoscript/fileName/PolygonSet.cs: 1d5b94bd81a36884686c2f6dc3640c06 -> d3555720d371c4592c80ff65e5b1085e
  custom:scripting/monoscript/fileName/DTSweepDebugContext.cs: 6ac3331923d1210cbd6f306a6bc3e3c2 -> 48402eb94f889eead1a14f20ba973022
  custom:scripting/monoscript/fileName/EditorShapeUtility.cs: b01457005654bb980604fba5d004d802 -> c452951f22509d3851777ee5927b7553
  custom:scripting/monoscript/fileName/Cube.cs: adf8d58792eaf50687787b68f170b6d6 -> 5a04a3344fd366715c4f1ec6471bd7b1
  custom:scripting/monoscript/fileName/Clipping.cs: 1741f8440a6254efcb95789a09be4e6a -> cb4ee0c14739aef486e76b64df8452f3
  custom:scripting/monoscript/fileName/TMP_ShaderUtilities.cs: 84a261643983e306d02445da38ed662f -> 75ec062faab558cb3190dcd3e4820547
  custom:scripting/monoscript/fileName/TMP_SettingsEditor.cs: 56bf06371df7e13c5b8cc88becb89a4d -> aa2b5eadaadb4b54b49cd650a2246119
  custom:scripting/monoscript/fileName/ShapeMenuItems.cs: 5f7ac6f810ef27e38f22b209ac1fc203 -> ae71d417fb6ad9ee80562655da47e069
  custom:scripting/monoscript/fileName/TMP_UpdateRegistery.cs: 1f23864d29c3a03d22aa9b00a337cf78 -> 62691e6bdb107984e7d826316a6498e1
  custom:scripting/monoscript/fileName/TMP_PackageUtilities.cs: 89e6e95503dd36070edf73e7aaab4557 -> 029634ff6f667ebc9454d70fde4def50
  custom:scripting/monoscript/fileName/TextureRotateTool.cs: c2d0baad66e4308f6143c552f0536843 -> de64360b3418b9277960231417fd3632
  custom:scripting/monoscript/fileName/SubdivideFaces.cs: 9109bab35f1c932e6b2935ab1452a120 -> 2f575da67016e5b8df89dad1b65d5a8f
  custom:scripting/monoscript/fileName/ProBuilderMeshSelection.cs: 90647cc400823b41df847a6cbfc29026 -> 8f6297df34271fdb1ce2d9607ec6261d
  custom:scripting/monoscript/fileName/Face.cs: a341fcdb31a7309723bdeb224f913433 -> 6b59248edf20736fe649e807e73c44a1
  custom:scripting/monoscript/fileName/FastAction.cs: dfbe75b66b645b53472915ad2590af11 -> 94d6ead813247e604740a116c5fa92db
  custom:scripting/monoscript/fileName/TMPro_TextContainerEditor.cs: b2fbc5db24221a870c4de162a712cbfe -> a97aca5bcf1b2486a0f60b2c7a935c42
  custom:scripting/monoscript/fileName/TextureStitching.cs: 282cce0694f10e0de5a3bd7509995bd0 -> d95c0ab26b17358202fc0975ff46e659
  custom:scripting/monoscript/fileName/ArrayUtility.cs: 1a4a57b6fbdf126f88c3fded2fdb776b -> 1c0723927a1dea4084aafa27e0babf3e
  custom:scripting/monoscript/fileName/ProBuilderMeshPreview.cs: 2c7c631c64eeea962429990f92666a51 -> d0230fea5a4d87373ad48ccae09a5956
  custom:scripting/monoscript/fileName/SelectEdgeRing.cs: a765561d8bccdd9a6baf3be3ef9ae6db -> 27dd4e73df0c1e8d2b1c164c1934d4ce
  custom:scripting/monoscript/fileName/FileUtility.cs: 71e69a0dda932652b4750f9f3d825114 -> 2961bba77c56c2a7229c3afaf4d78e44
  custom:scripting/monoscript/fileName/ContextClickManipulator.cs: 551ac0135cff9eba4bc63f242fd17841 -> 00a2ed4616fd5b136c16062206b02a4a
  custom:scripting/monoscript/fileName/ProbuilderRotateTool.cs: 46e8d522aca3344981cffc698ba16ada -> dfae9ba6f205547711d4eb1051f4780b
  custom:scripting/monoscript/fileName/Stairs.cs: 172b180c42a148fadf6415c52210a729 -> e254dec4f733abbd87258b46868d5452
  custom:scripting/monoscript/fileName/ProBuilderShape.cs: 3618f60e8d988cd8a0d66f0d060fd11a -> 4b94d05e947c45e53fde635ac0ebc2cf
  custom:scripting/monoscript/fileName/UnwrapParameters.cs: 644d0ce037708f9b6663416e490c0d59 -> 4d960715ecef383b56d2951e9c9da8c2
  custom:scripting/monoscript/fileName/DTSweepConstraint.cs: d620e55901dd883c92623a89c42030d5 -> 59c05bd289d9bce59258a29a158ea47e
  custom:scripting/monoscript/fileName/FillHole.cs: 49c97a483d8d6d36ce8ef90c74d4a79f -> aaa6fe80b3a68244078a7567ada0e365
  custom:scripting/monoscript/fileName/Prism.cs: c53bfe8cdbfb08eaf3dbf8c35a208bd4 -> 5f904ea39c8c32d25068cda89e69a200
  custom:scripting/monoscript/fileName/TMP_GlyphPairAdjustmentRecordPropertyDrawer.cs: 1a07941369755af9e0a102a45e9058c5 -> 6f07d27e8ea91e29d6bd5f39dd8deb23
  custom:scripting/monoscript/fileName/NewPolyShapeToggle.cs: 8acdd5cdcb7ee88e0e50b5931573fb4b -> bad7bfc867c0bf962133efa0f79b1273
  custom:scripting/monoscript/fileName/ExportStlBinary.cs: 5c64685a83bd5cbedf78a40252f3b12d -> dd8e10d762f32598ab0e1122ef48e9d4
  custom:scripting/monoscript/fileName/FlipFaceEdge.cs: f530ea0a74860a23981eb940ef68b251 -> fb9aa292368cc4ed51a43e9289ea2cfd
  custom:scripting/monoscript/fileName/FreezeTransform.cs: e675172267d870c70773e18ea0e1e250 -> 1599ad6ba59967d6e4db33cdd9b238e2
  custom:scripting/monoscript/fileName/ExtrudeElements.cs: 4c7ec400f4d4c6eaeb8b42dd1d2a747d -> 806117c07177fd070bb6a8f15afbe267
  custom:scripting/monoscript/fileName/TMP_FontFeaturesCommon.cs: 7d1db71d73353e7dd97f094c509882fa -> 89ff6ee76bb6f84827488d597e70ea5a
  custom:scripting/monoscript/fileName/TMP_LineInfo.cs: bb529d63c9723788bd7143f27cd69eaf -> 22ff02e7762110d3cc1f4bc096ea014d
  custom:scripting/monoscript/fileName/PreferencesInternal.cs: bfcfc9829daeeacc6e112df0986f85a6 -> 530b66421d3187fea0f2ff7b5a72657e
  custom:scripting/monoscript/fileName/VersionValidator.cs: bbb65e8a50d52b88a89cdeafda2af2f0 -> aee62f3e1b7975d116f5ff369b76465b
  custom:scripting/monoscript/fileName/UvAutoManualConversion.cs: 762f54589cdc906e3e1c04a57cf8ef9a -> 00828e5b9f8d412532156fb92532052a
  custom:scripting/monoscript/fileName/SelectVertexColor.cs: 7f0acb641efa7529c84cdbc924192168 -> 2865361f5d53aa2680c91d8c32a970a4
  custom:scripting/monoscript/fileName/ITriangulatable.cs: 5f8974429dff74ed7b6ecd00071f21a9 -> e9a73ba7369908268727333b921f0a74
  custom:scripting/monoscript/fileName/SelectFaceRing.cs: 3c7218fc27e261315951073ae7a7ef33 -> f5d0b1fb65552736125cad06744f8320
  custom:scripting/monoscript/fileName/Bounds2D.cs: 16ca90bc5c32dbbd92a84501f2c2743d -> 4ee9454de9a8cc8ab3a847168e9e1f47
  custom:scripting/monoscript/fileName/ExtrudeFaces.cs: 8da1d7548a755d4f7bfa6a3ad702beef -> afb8e77f6f04c56f7c5998b35b8192ec
  custom:video-decoder-ogg-theora: a1e56fd34408186e4bbccfd4996cb3dc -> 
  custom:scripting/monoscript/fileName/ConstrainedPointSet.cs: c9342aea7930c4ca55cd85acb4b82d33 -> 47771b5cd16d7a2fb324358db317755a
  custom:scripting/monoscript/fileName/TMP_UpdateManager.cs: fa7e71df671c5b3088b39753e4bbc70d -> 2b12c9b6d4082e0390a306eceed60fc6
  custom:scripting/monoscript/fileName/PointOnEdgeException.cs: 9e0012c09b9fee63c09ec06c54fbb87d -> 111622b5fd1bfc13cefcbb1aba3b389a
  custom:scripting/monoscript/fileName/DuplicateFaces.cs: 5ac5a69e6f038f9fa1492c8090a28996 -> fcd403cc51417d4fabdcff556d863805
  custom:scripting/monoscript/fileName/UnityScenePostProcessor.cs: 3af372e3e8128a470ce2c75685918c73 -> 355f8337335879c63d848a50cdab2946
  custom:scripting/monoscript/fileName/AssetTreeView.cs: f69e053f44c2ceb1d31b6346bdecf246 -> 2e85c4f99419cdb4a1518e9dc0b1f7e0
  custom:scripting/monoscript/fileName/TMP_TextAlignmentDrawer.cs: 011b7908ef5eb5e9dea532c77e85c538 -> ad15f73780bb9949f148eddcc3c3fbf7
  custom:scripting/monoscript/fileName/TMP_EditorPanel.cs: 0631f68be4ca0623bf3e313ec9becbc9 -> 0bd13db7cdfa07805bfadd631c0ddba8
  custom:scripting/monoscript/fileName/IHasPreferences.cs: a5f85efc1fefea988fce750a73fadae7 -> 1ad5ed8c1aa8e49fd9ef61122c0c14c9
  custom:scripting/monoscript/fileName/TriangulationUtil.cs: f18a7fb009b05f02616bafd07fbae553 -> 9c34fd675f82fec84d9e1a93c81ec48d
  custom:scripting/monoscript/fileName/SelectionPickerRendererHDRP.cs: e1a12a27c7781421a618a7721df48c68 -> 8743fb0efc136665a8cc090eb2b971c3
  custom:scripting/monoscript/fileName/TMP_EditorUtility.cs: b242106620cbbc38f0411146a086b885 -> f68b71b7543cddf9e4cdf261d5f519e5
  custom:scripting/monoscript/fileName/TMPro_CreateObjectMenu.cs: ddee59388caa7a56693342f3a805d427 -> e9e63aff764c7e7fd08e66f87103df4d
  custom:scripting/monoscript/fileName/SelectMaterial.cs: 9a86428319d18f00e00cf559df42df52 -> 68253dfa0eb4aed4fa93ce3f7dfd78d3
  custom:scripting/monoscript/fileName/SelectHole.cs: 331dc98cef43e5c9a3f6963fcc1bfe76 -> 30a46f79959cc819958849feeb1c5941
  custom:scripting/monoscript/fileName/PlyExporter.cs: bf5494e3645f49425628ca78199ab31d -> 387fdb165aa0453aa97982c13d7544ba
  custom:scripting/monoscript/fileName/SelectionPickerSettings.cs: 2d19355ddaebe622fb966ebf4e2a7407 -> 4abbf7aee3c44abab686a289f1fa4626
  custom:scripting/monoscript/fileName/ConformFaceNormals.cs: 05b09c7c65b09cbd069b7d54a7757b98 -> 70ae96991aefdfb4e1066374faf96754
  custom:scripting/monoscript/fileName/TMP_SpriteGlyphPropertyDrawer.cs: 1447c7afab82cf56bc359d5c7fba114e -> 4a6f1515709a40d92e24c84ec92fc53a
  custom:scripting/monoscript/fileName/DTSweepPointComparator.cs: 797b86f3c76f8674cd07c1b4091aebb1 -> 22d3ddb7fd4121b94809f8679e66fd07
  custom:scripting/monoscript/fileName/ProBuilderSnapping.cs: 299be986ce6dd2a383c58b87f56cf5bc -> 085a40d43e316416e1479fb555081379
  custom:scripting/monoscript/fileName/FixedArray3.cs: 90647cc400823b41df847a6cbfc29026 -> 8f6297df34271fdb1ce2d9607ec6261d
  custom:scripting/monoscript/fileName/TMP_Asset.cs: 7e95c8d89188057bea8fc9569c9aa309 -> dcedda1866ab6edcf1af2d4525512628
  custom:scripting/monoscript/fileName/MenuItems.cs: 36e8964894b4a740a9cbe85327eddbf8 -> 4497504db5d8eca795d2ad25eee9f798
  custom:audio-encoder-webm-vorbis: bf7c407c2cedff20999df2af8eb42d56 -> 
  custom:scripting/monoscript/fileName/TriangulationConstraint.cs: 02158ed4aeb2e0540be606ebedcd9aa5 -> 0faaf851a99afd5bae9e2ff752a2f938
  custom:scripting/monoscript/fileName/TMP_SpriteAssetMenu.cs: 05ea7b84320d1b77a6d1ae49c41ee9cc -> a42d2dc20ed9558b36972dc6e6d71655
  custom:scripting/monoscript/fileName/TMP_TextUtilities.cs: aab2855e68416a0a1f2f8904059662aa -> f68f97869f24792bf3a3694d69de955c
  custom:scripting/monoscript/fileName/ShapeFactory.cs: 0502fb9700fa7e8a16f4ae24254c8fb0 -> af4823c77fbc7658ddf7f8bb8aaf4480
  custom:scripting/monoscript/fileName/DTSweepEdgeEvent.cs: 0fd87cf929642b86af7d774c6fbe71c0 -> a2b304ddcb79e5db61493e9a786f471b
  custom:scripting/monoscript/fileName/ProGridsInterface.cs: 495262c8bdcccdf28a7c22cd60c9f4e7 -> 0aad9e6f8f7158b54237f57ec21d125a
  custom:scripting/monoscript/fileName/TMP_Dropdown.cs: ecea2f8babcb40d207d2e73158251f60 -> 39f6048c754db30f2da2ea32254db16b
  custom:scripting/monoscript/fileName/TMP_BaseShaderGUI.cs: 25118693f24c47c8a4b530b8bff26574 -> 2c2d4519754bb0c1dd0a107014b7ac8a
  custom:scripting/monoscript/fileName/MenuToolToggle.cs: 2abf8abff0704256700f4bae8074325c -> 510f254c215fa427f0124a42916b8aa8
  custom:scripting/monoscript/fileName/Cone.cs: 3ac9bedd6ed3a29bf5087d05f2c8a2a9 -> dc0d616f2196b303120236acb63076f9
  custom:scripting/monoscript/fileName/HierarchyListener.cs: df959326ae23895096fc25ce5eee65bb -> 419707e5338fd8411ffb999da97ad7a2
  custom:scripting/monoscript/fileName/MeshUtility.cs: 012ece355ae629d1c430517d97b8d6e4 -> 7a57f12791c9c801d83899c7f242fcbf
  custom:scripting/monoscript/fileName/TMP_ColorGradient.cs: 8d91c7c4749088eca69648d37a965bf8 -> 3baf9c6d3c50fc594e68e0c756eb8779
  custom:scripting/monoscript/fileName/SelectRing.cs: 6912c38cf645b01b143799d78cd61ef1 -> 86c04fa9b69f49e0a33986421184d6b0
  custom:scripting/monoscript/fileName/EntityUtility.cs: b021dbc0e14e8512304615a12fc46603 -> 9c2a19c8387d47c96fe3a7ec65b3ba2d
  custom:scripting/monoscript/fileName/Model.cs: 9856304bdbd2e76ecd815f3a6141f1cd -> 5f28c5444af8a33503cdc094930b5ed8
  custom:scripting/monoscript/fileName/TMP_CharacterInfo.cs: c840ce0b0aa6c1faafb27b3b884b2328 -> d2593478681404ce2cbd40e4e2f8a6d3
  custom:scripting/monoscript/fileName/TMP_ColorGradientEditor.cs: ed654c9d45026a5f71e6e9535130c15f -> 187fe88a4e95285275d1781f1da14d92
  custom:scripting/monoscript/fileName/CutToolToggle.cs: 552b76f8f489d420018d2bc016dee384 -> 991af3b2d5ecfe4a755a89c4427d29f1
  custom:scripting/monoscript/fileName/TMP_PreBuildProcessor.cs: 790c12dcd4980aa978fd28fb6f89fb37 -> d965cd4513e689cb01c0481012a89dee
  custom:scripting/monoscript/fileName/SubdivideEdges.cs: ea38859c9b60817b797cd0bc73fe7421 -> 51e662486f2ec78c887428bce9cc9b15
  custom:scripting/monoscript/fileName/EditorToolbarMenuItems.cs: 46058aaf6133ec8b6c96241a03c62a3a -> 060ec5f828cd41cc516ff59a79b3a9cb
  custom:scripting/monoscript/fileName/EntityVisibility.cs: 813cb3e764ffc83643f0aca9bfa0af07 -> 46fa3d1b1d698960648bd66414062d91
  custom:scripting/monoscript/fileName/NearestNeighbourList.cs: 0cdf409b5aa8d4c25876d72b5c6a3b60 -> a53f96815da50de15010b1c479bc70cf
  custom:scripting/monoscript/fileName/ExportAsset.cs: 64ea3c10f23669e99308cf5709607fe7 -> 13711cfc5906744546bb775cbefb2410
  custom:scripting/monoscript/fileName/TMP_SpriteAssetImporter.cs: 675c97d72afe988872a20f51812f7cdf -> 06875a6ac5102e58811218e1c5dd33ca
  custom:scripting/monoscript/fileName/AssetId.cs: 72051ac5858b603f67e79ad23943c39b -> a1ea614044a0829b1144b92d44d7bdbc
  custom:scripting/monoscript/fileName/ProbuilderMoveTool.cs: 0bc95615dcf63b5cbaf368eee6b40041 -> 0d4afed4ce21a6d48fd4739c49092194
  custom:scripting/monoscript/fileName/Lightmapping.cs: 729d5176389c7d55a1cea260e00908f3 -> b6f4ed35c1cea0f87578bf70c4ae8962
  custom:scripting/monoscript/fileName/TriangulationDebugContext.cs: 87fbe3212c108a097e48e0b9075b23af -> becd153078a4add97a1ccdeef8966064
  custom:scripting/monoscript/fileName/SharedVertex.cs: 9680b52997af34358e173ceeda08f072 -> 5102ddb8d2e8a0a19e58a9e9f4bc9380
  custom:scripting/monoscript/fileName/TMP_SerializedPropertyHolder.cs: 99e5dbc1fa1abe750acc8166e4243be8 -> 9860586610cb3d91ae7f4ce33ab22d0b
  custom:scripting/monoscript/fileName/CutTool.cs: e6300f07efa58b123cc9c4077043e15d -> 3a8150d779215dd32fb1063fed27d140
  custom:scripting/monoscript/fileName/RaycastHit.cs: 9675f1dd2c2a246ff2b48ea6c764f6ab -> e6010eda614e0c2e9143a1b5e5ca7a3e
  custom:scripting/monoscript/fileName/MenuActionShortcutAttribute.cs: 8ee1e1f0f987fedec31fbb0f30bf1447 -> 1f77266708d4eb2e88b379ea95d28a89
  custom:scripting/monoscript/fileName/MenuOption.cs: ec547da010b1f775387dac0d6dfc2379 -> 707688870f14f2a3b47b84564d682116
  custom:scripting/monoscript/fileName/ToggleDragRectMode.cs: a6f38316b8f4d3d28669b3b66d64c405 -> b3081d16943219892565319791527824
  custom:scripting/monoscript/fileName/Normals.cs: 2fceabbe4457a8c2cd17103527fc3999 -> 854a9db6009ce4e4e1a5a6a1429ae3a9
  custom:scripting/monoscript/fileName/TMP_SpriteAssetEditor.cs: 8a42af05e85c0eed4128787976375b45 -> 7dcaf47692799a91aa4e5cd439bc54d0
  custom:scripting/monoscript/fileName/TMP_ListPool.cs: 90647cc400823b41df847a6cbfc29026 -> 8f6297df34271fdb1ce2d9607ec6261d
  custom:scripting/monoscript/fileName/ShapeState_InitShape.cs: ecc7de96dd0c9d79cb24f533500a9905 -> 2fa1a3b73afeeeee81eae401c7606511
  custom:scripting/monoscript/fileName/TMP_SpriteCharacterPropertyDrawer.cs: 14565b4e4f9266584dc3194fd967d252 -> 63186d320ccdf4dfa06fbce4e897d3f3
  custom:scripting/monoscript/fileName/SplitVertices.cs: 30ce1208e3cd3ede28dd939c947c561b -> 618078c7e88b5acc189bcd729695f46c
  custom:scripting/monoscript/fileName/EditorGUILayout.cs: af6b60ff05c0a0b5e8b12b58eeee0a3d -> 36777319bd90832c88f578235414dff5
  custom:scripting/monoscript/fileName/ActionResult.cs: 878c00c54fb54c01804190a9d0655ed4 -> 0d60f69bc5e2fca2ac443cde22d11e3e
  custom:scripting/monoscript/fileName/ToggleHandleOrientation.cs: ff423b63e0ebde3f2c92755b6b7ee322 -> 71c78fd74ab7b833d0e267e5c3711105
  custom:scripting/monoscript/fileName/EditorSnapping.cs: df92563ba70f0b4fd00aaa62e5c8ce20 -> 4a87eff127e8d7fbb8723dbf79961300
  custom:scripting/monoscript/fileName/Polygon.cs: 5ac035759c9f8a76e3cbcd97006ade55 -> 4745c5bc7736972bec4ed0e009b03670
  custom:scripting/monoscript/fileName/TMP_BitmapShaderGUI.cs: 2ce3ac811452d1d6d82e565157cac3e2 -> ef806c32b355e8831ed4eb3f5e3400ff
  custom:scripting/monoscript/fileName/MaterialPalette.cs: 6eec2d59c4da6a8a8bfa6297b1bcc8a2 -> 4f05212f130961d08f1275198f3775b2
  custom:scripting/monoscript/fileName/TMP_ColorGradientAssetMenu.cs: 83563be632f8167fcdca7878d36901f9 -> 79ee3689ecabb3de162f43faa3b27adc
  custom:scripting/monoscript/fileName/KdTree.cs: fa1071bf87824d896f817aa60401970b -> a7ae47651017042dc98f27ecf5bc804b
  custom:scripting/monoscript/fileName/UndoUtility.cs: 01e71ce5a533c75551e0a685057d1f5a -> 699a87849619a15bc7d40c3f03f5d21a
  custom:scripting/monoscript/fileName/BevelEdges.cs: 900660c27c5ca8704eace46fcb229e08 -> 64819a0d909bce6850d147d97c08eb3b
  custom:scripting/monoscript/fileName/TextureScaleTool.cs: ada73f928df57eed2635e39d4b904480 -> e8fef69b6ba33a1320f4edf24d19eafa
  custom:scripting/monoscript/fileName/Normal.cs: 8aabbd74ea5a1bafd9f9f458ee31f0ea -> 4565256c89908ad68384ccab8dde842c
  custom:scripting/monoscript/fileName/MaterialReferenceManager.cs: c970e86594a0f568cbda548f2d4462c1 -> eaedc912311d98c6b58e199f6250c848
  custom:scripting/monoscript/fileName/DropdownOptionListDrawer.cs: 4362475bc384312c771d88865ee2f40d -> 342ee3f9c806e60b189c02609042c492
  custom:scripting/monoscript/fileName/WingedEdge.cs: 4d875b987a0abf3c39f7fbca07295966 -> ece2c29cf92323892f2f676ae0ab5f8e
  custom:scripting/monoscript/fileName/PolygonPoint.cs: 5deffe9741b5d71ba54cbaa302167698 -> 175ce7411af6a4d40df44407895d65c7
  custom:scripting/monoscript/fileName/TMP_Character.cs: 015720458ea991fbf07357eae19532db -> 2bff3626198e4d2228876f1e687078e0
  custom:scripting/monoscript/fileName/SelectEdgeLoop.cs: 2335c8d843b8886988200cdd4d6db849 -> c8e14bb119a739eacf384c2ee94cfa4f
  custom:scripting/monoscript/fileName/DimensionsEditor.cs: ec4125bca3b24bfc179b302c1fca5bf2 -> b091bdfa64b173b75503f27592f41570
  custom:scripting/monoscript/fileName/PointGenerator.cs: a1aa7e0803f517e32a9376a405ccf247 -> b0e9595f95e2dc5a9cba5384c6c111d4
  custom:scripting/monoscript/fileName/MeshDebugTool.cs: 37611c9d109cb7f09200abdfa0dae3d7 -> a132f077546caca746258de594424fa7
  custom:scripting/monoscript/fileName/OpenUVEditor.cs: cb3d61ee3cb3d622ab4668fb4c46395b -> b3e0347f921eaa1aed80e7d94dbad98e
  custom:scripting/monoscript/fileName/Pref.cs: 90647cc400823b41df847a6cbfc29026 -> 8f6297df34271fdb1ce2d9607ec6261d
  custom:scripting/monoscript/fileName/ITextPreProcessor.cs: a7aa94de5d5bfce2bdd74516315faaf2 -> 28ed6b2ca482997555fb0291bd20c40d
  custom:scripting/monoscript/fileName/SelectionPicker.cs: 0497fef85e2b96a812879276bdcae9cf -> c921a310dd07cf55e480e808cffb67df
  custom:scripting/monoscript/fileName/ExtrudeEdges.cs: ddb56ecccd06d064cce30e8ec94c3a24 -> 19e260fff6c055728a0721c6c286ef57
  custom:scripting/monoscript/fileName/TypeMath.cs: 90647cc400823b41df847a6cbfc29026 -> 8f6297df34271fdb1ce2d9607ec6261d
  custom:scripting/monoscript/fileName/Torus.cs: 80ba092579159f0ee10eed09283f5118 -> 5f68a512dd3143e54e2414447c81ccce
  custom:scripting/monoscript/fileName/DeleteFaces.cs: 6b563d42d9e83bc675dc19702c968415 -> e1be94c0b7147b4ca322ce14b5886538
  custom:scripting/monoscript/fileName/TMP_GlyphPropertyDrawer.cs: 56b500a16a5c8f635a7bfdd702279864 -> 75006bca208b32d4fc4710404c538acf
  custom:scripting/monoscript/fileName/ProBuilderMeshEditor.cs: 409e7369087b8f191734315fac6dc594 -> ba7cea26e2ee054ce54afeda55e2acbf
  custom:scripting/monoscript/fileName/MainToolbar.cs: 162e661b90bc0601e328b0d9c9a85d04 -> 79e78de572e97d829048a28a265ce89f
  custom:scripting/monoscript/fileName/TMP_SubMesh.cs: 9fd75270af40187985e5c14cc85ebe42 -> ff760a824537d48706351b95c8d4be21
  custom:framework-osx-AVFoundation: e770b220cccbd017edd2c1fefb359320 -> 
  custom:scripting/monoscript/fileName/NewShapeToggle.cs: 5f15e27392c39392c01d85b37192a28d -> 22e82395ce6e7dd83b0ee49932a6239e
  custom:scripting/monoscript/fileName/ConformObjectNormals.cs: ea6076ebe43da4b8ba6bcf8b94771359 -> 4237fecfa7cb9083988c803cf9294e58
  custom:scripting/monoscript/fileName/EditorGUIUtility.cs: 6cbafc8575de9d68c30b4fb135d63bfe -> f3bd9b8b5b6ca69dd3a4b5b66ce54864
  custom:scripting/monoscript/fileName/PolyShapeEditor.cs: fe3b7706705ed3c4dd84e573dcfcf6ed -> 2a86b654592bc26e694909cf5af65305
  custom:scripting/monoscript/fileName/InsertEdgeLoop.cs: 79633fa178da92a5c6294668ef444484 -> 2ae8d1c474b26256ab945d0d24356ef4
  custom:scripting/monoscript/fileName/TMP_SpriteGlyph.cs: cb4cdca5a4c6415e4f27ee5280164c41 -> 52a9bbe662618c4a5697bdefcba63d59
  custom:scripting/monoscript/fileName/SetCollider.cs: eae49933455a2c9b95713257135e4d8f -> cc3abb7dddeab450901f477ce95c40d0
  custom:scripting/monoscript/fileName/VertexManipulationToolSettings.cs: c46b46378b08a08e84560f649870b305 -> 98d6d07bac1309b24551406f82682144
  custom:scripting/monoscript/fileName/TMP_CharacterPropertyDrawer.cs: ddc6f8909fdac3de9238e9b86e411c3e -> 0fc1d1caf2f580e74b2224e6797250e4
  custom:scripting/monoscript/fileName/BezierShape.cs: b5801eb32f53d6731ef1dbd52394d0d7 -> 492afc0ee5d42c626ea1b854fe143d38
  custom:scripting/monoscript/fileName/EditorSceneViewPicker.cs: 13df4fde3106db2f1cf39c7820e34ef1 -> eb67d7fdef944856bd1331ac0db3e899
  custom:scripting/monoscript/fileName/QuadUtility.cs: f80c36f8b1183a738f2c4f7fa2ab27d9 -> adb8691cdbca3794813626448d418031
  custom:scripting/monoscript/fileName/Changelog.cs: 796ad3f3a5d8532b75e1fde95ea4a6fe -> 1122e49c3fdebdba4214b6f13d0abe53
  custom:scripting/monoscript/fileName/TMPro_EditorShaderUtilities.cs: f4cbef9348a73d49f1efb8d10ff07bf0 -> 1203fb3feabf58cb81d888055364f838
  custom:scripting/monoscript/fileName/TMP_FontAssetEditor.cs: e359b61135381f6b1d7b8c7e97a930f3 -> ff94a59ea0ba0aa81aa8a7f307f2efd3
  custom:scripting/monoscript/fileName/pb_Stl_Importer.cs: d65407d7fe02c27f450e320f523317a6 -> ce59d2e546360b5ddadc9d3acb103aaf
  custom:scripting/monoscript/fileName/KdTreeNode.cs: 90647cc400823b41df847a6cbfc29026 -> 8f6297df34271fdb1ce2d9607ec6261d
  custom:scripting/monoscript/fileName/AdvancingFrontNode.cs: 03e5d4b9222c4095e8449306398434f5 -> be7e972b9ebcf3f33ade1e8d7b8fe2a2
  custom:scripting/monoscript/fileName/InternalMeshUtility.cs: 47e64566b64f31667f3ecd22aea855bd -> 0de5a64e33f4d323f20840f87d91eac0
  custom:scripting/monoscript/fileName/TMP_FontAsset_CreationMenu.cs: 1c5caeb31a0df734411a201aca87cb03 -> 18345b423cea91a35f20f73f48aee7e1
  custom:scripting/monoscript/fileName/ITypeMath.cs: 90647cc400823b41df847a6cbfc29026 -> 8f6297df34271fdb1ce2d9607ec6261d
  custom:scripting/monoscript/fileName/ProBuilderize.cs: 006fb89e624c26dbea4b2af78139477c -> b6e77a89ac28a6cbd8f1723f941fdb1b
  custom:scripting/monoscript/fileName/ToggleXRay.cs: 2beaa89293af925965c361a628716eab -> 66d092c0bea39a1303fa5c233fd26486
  custom:scripting/monoscript/fileName/PolyShape.cs: 68d98358b4f6d4a567396bfd2d8fb6a8 -> b90e7a66031592bbe404809c789b99dc
  custom:scripting/monoscript/fileName/pb_ObjectArray.cs: 23d64ec5390756f20b8935c6d27ae727 -> d439f54f1103ffdcf066b930ef0ed002
  custom:scripting/monoscript/fileName/Subdivision.cs: 2d3ed2728b5e862f0b20dccff60f596a -> 4214f7e3c186352799919f680c300ab9
  custom:scripting/monoscript/fileName/ProGridsIgnoreSnap.cs: a6e9a46f7d1ca1bca90f5934e2b8f31e -> 17b54a171d61eb9640a0177ff9a66582
  custom:scripting/monoscript/fileName/TMP_CoroutineTween.cs: 76849b8d6d4ce499ad8ffee762e4a4af -> d4d869f6662b40274a62453f83c8a425
  custom:scripting/monoscript/fileName/SelectFaceLoop.cs: 41e1c4627a230cc32925e760a4ea1602 -> 2fb1c9710c6290c12316023624118d04
  custom:scripting/monoscript/fileName/ColliderBehaviour.cs: facc1ae2f42419fa1146003334c8bf66 -> d451213d21d47b74c407263f33a03ef8
  custom:scripting/monoscript/fileName/DeleteElements.cs: 4c13bc6aa328361166e449ea1ebb36f9 -> cf9b14012964b37f66698ee9c47500c7
  custom:scripting/monoscript/fileName/LicenseEditor.cs: 63763a27e13858a79a8d582236d3aff4 -> ee245f6e173f0d7c8e571bfc7220c407
  custom:scripting/monoscript/fileName/TMP_ScrollbarEventHandler.cs: c015e39b5a3f1a14518ce039f30e10af -> 55de10d862075cd935d8381c309f39e0
  custom:scripting/monoscript/fileName/GlyphMetricsPropertyDrawer.cs: 438b07e6eae795dab04c32f51ac4e752 -> dd0833870bcea17556e6d67c750c6ffc
  custom:scripting/monoscript/fileName/SelectPathFaces.cs: 80c6b565b5df1b6163de14f2f5623788 -> 956e5d9a52c910e4b588c354acd25c57
  custom:scripting/monoscript/fileName/Triangulation.cs: 09054241e6b66b6bff40ad35686c73c1 -> 1e8fcc43754c28019feda244e426966f
  custom:scripting/monoscript/fileName/TMP_ObjectPool.cs: 90647cc400823b41df847a6cbfc29026 -> 8f6297df34271fdb1ce2d9607ec6261d
  custom:scripting/monoscript/fileName/Node.cs: 291859575cb9c6e25dde80dbcd31fe5f -> 8234dc34b4b50e44a11739a21fc7dbb0
  custom:scripting/monoscript/fileName/EditorMaterialUtility.cs: b048d9073a287734afa3e8a672786fb9 -> 84a70b59d1d63e712f67e813ba36d7ae
  custom:scripting/monoscript/fileName/MergeFaces.cs: f0a7123f95ff8b6d8a9b42653a9c0700 -> 478bd082b921878c0faa5fbd914f4623
  custom:scripting/monoscript/fileName/OpenVertexPositionEditor.cs: 8383d3bdff3fd2a102f368cd27c823e5 -> 1c2587ac934db4dcbc17554a467f1939
  custom:scripting/monoscript/fileName/TMP_SpriteAnimator.cs: bf3a797c3a059d3698e93e0031d7f11c -> 126f1482d1430ed8648c2a6d8d693c6d
  custom:scripting/monoscript/fileName/Door.cs: 01c9614e23978f328b71d053948f991a -> cebbdc7207e599ec2335d015d5c88709
  custom:scripting/monoscript/fileName/TMP_FontAssetUtilities.cs: 5b7a9bc9c5c56e3cb5ccc808a2bdd9e4 -> d84a52975d941e769af4ae15b3aaa211
  custom:scripting/monoscript/fileName/VertexEditing.cs: cb46c69b687fb75b59e3367415afaff1 -> 48fa141f1142ca37a0a888ca67e8ef34
  custom:scripting/monoscript/fileName/CombineMeshes.cs: a9ce7a0bc7639b0c1010471275dc600c -> e57faaa9d1f04fee988363e931293786
  custom:scripting/monoscript/fileName/ShapeState.cs: 3749e2c667cecc0f702ff706b018e886 -> e988bef49163d375955329bc9ae0456e
  custom:scripting/monoscript/fileName/PolygonGenerator.cs: 2aafe12f9c6b9da7c8245101147d5dd8 -> fa18afe7d5bd64c8cff6760ef14f2100
  custom:scripting/monoscript/fileName/BezierSplineEditor.cs: 3ad6df2b7420af9029add9cd3b037737 -> f5eedf610dd8f3757db29bab55565da5
  custom:scripting/monoscript/fileName/SelectLoop.cs: 03ac0ad9679c503b1c8b7fe6c371f29c -> 5d42efd8d6620a332d218c45d18a3cd9
  custom:scripting/monoscript/fileName/AutoUnwrapSettings.cs: 505c9e8ec7abeb42e5de8a57e4ff3803 -> 015a471b4dbdaa33489c4d36328c3beb
  custom:scripting/monoscript/fileName/PriorityQueue.cs: 0cdf409b5aa8d4c25876d72b5c6a3b60 -> a53f96815da50de15010b1c479bc70cf
  custom:scripting/monoscript/fileName/MaterialEditor.cs: f530beda68d4162ffebd1ab086eac73e -> acdbf38b336001cc3e985cb342226383
  custom:scripting/monoscript/fileName/Sphere.cs: fc1a890637c16d42bea0288fac0d32cf -> c1a44c6d944741157e928ad0402333e8
  custom:container-muxer-webm: aa71ff27fc2769a1b78a27578f13a17b -> 
  custom:scripting/monoscript/fileName/TMP_TextProcessingStack.cs: 6146dd1b7f9b90aa342ef9794e387c23 -> ef8795fce16f80562f220a2f8bcb6bd2
  custom:scripting/monoscript/fileName/ProBuilderToolManager.cs: b1a465d81a664e6bb35ec8ea83bc4b74 -> efac8a6290fba659fcd8fd21e95506fd
  custom:scripting/monoscript/fileName/VertexPositioning.cs: 72fdeca4b408d9862267b32f667e1074 -> 8173a895fcb8b6774e5176bb1cf53649
  custom:scripting/monoscript/fileName/MeshImporter.cs: bf784b146e3ce8404151198f5cf6434d -> c065f89f4f1bc987d93f1b4ab6189570
  custom:scripting/monoscript/fileName/MeshAndElementSelection.cs: a24a0934fd2aa12cf7e44f99f89ac69e -> ffd56092cae22dd65182d760efae6efd
  custom:scripting/monoscript/fileName/ColorPalette.cs: 1c1b41242ba5ca26499c5f401ccf2446 -> 723bc1c0e0d6b918dfcc308382ccd0a8
  custom:scripting/monoscript/fileName/Sprite.cs: feaf383831c6d8dc30fd1ee62a194252 -> 68532d2c61f6c3b62602737162a2ec1d
  custom:scripting/monoscript/fileName/VectorHash.cs: 73efb1b59aa72f6931fc7c991c4eeae6 -> 0ac05caaee9071a92351b076db254b0e
  custom:scripting/monoscript/fileName/TMP_InputValidator.cs: 5e0d679d98dae60baa87977011e0ed51 -> e99335724872b7fcd0e5352c682debe0
  custom:scripting/monoscript/fileName/ObjExporter.cs: c82ccdbcc64a076a13c2f8aab8afbc5a -> f76ea5992fc1638cd329a47af7421ff2
  custom:scripting/monoscript/fileName/VertexManipulationTool.cs: 285f01fa4b22517173c175fb8dc94e60 -> 6c9885d0c0ce7e91ada99245859b6282
  custom:scripting/monoscript/fileName/VertexUtility.cs: 052e4b725d8884d92d676e6d212b34e9 -> d0165786e6cc9eb484d7ca11d8521f29
  custom:scripting/monoscript/fileName/NewBezierShape.cs: 2b4083186ccd0d651beb42f17f850f7e -> 55ed07965ee19ea782befd50d4e70796
  custom:scripting/monoscript/fileName/TMP_DefaultControls.cs: 2673e29173eb9307fa53ee17c15332ed -> 1798ee96b3c83cf7d4cea690bb04976a
  custom:scripting/monoscript/fileName/TMP_UIStyleManager.cs: 66d96f3fa9ea14a5a6ed3f92d3bbe0f1 -> f54fffa86b286da3a3329c601ca8d03e
  custom:scripting/monoscript/fileName/FlipFaceNormals.cs: b425fafc3a8e4b16ac0ff7feea8fc66b -> 05ee004a25fc472818454f533c58d44a
  custom:scripting/monoscript/fileName/TMP_SelectionCaret.cs: d2a06fefe973175bffa10d62f788c481 -> ed141b1915a10b9c7ff9136666b54ee9
  custom:scripting/monoscript/fileName/AssetIdRemapEditor.cs: c3f34756c8a6598c4cf15f5e847bf414 -> b101c0148ed87c9402e1b92e19874e20
  custom:scripting/monoscript/fileName/EditorToolsContexts.cs: 2d17066c287657c5db318975da74e7af -> 6cd5542a801a031fe071267d10480b9d
  custom:scripting/monoscript/fileName/TriangulateObject.cs: 552194489d8ee542e612ed9b3681ec44 -> 748d938029092e3170c8c658591a67d5
  custom:scripting/monoscript/fileName/DoubleMath.cs: d3a713d6df919a256ea9b090c3b84b43 -> 14977dd02f104c4ff8b45a4a5479c978
  custom:scripting/monoscript/fileName/ProBuilderSettingsProvider.cs: 31c7f11630ae278eb11b8b1b3b44c0ad -> 13beb7e19435cf9f346fa945eea48a58
  custom:scripting/monoscript/fileName/AdvancingFront.cs: ba4e7f8c74fb24a84261ff39b2535119 -> 9f3ce40a422fb6016a318c8ee109c89b
  custom:scripting/monoscript/fileName/Version.cs: 2140673570cb0dbe2b0365f572525f99 -> f0b9c4d54aef1e586fc652cfdc620f4c
  custom:scripting/monoscript/fileName/CollapseVertices.cs: b8f4877fb9cdb02e00dd9b33b403fa7c -> dc3e1016a661dce32e47367904825a91
  custom:scripting/monoscript/fileName/ObjectPool.cs: 90647cc400823b41df847a6cbfc29026 -> 8f6297df34271fdb1ce2d9607ec6261d
========================================================================
Received Prepare
Refreshing native plugins compatible for Editor in 0.07 ms, found 0 plugins.
Preloading 0 native plugins for Editor in 0.00 ms.
Unloading 29 Unused Serialized files (Serialized files now loaded: 0)
Unloading 29 unused Assets / (2.5 MB). Loaded Objects now: 2417.
Memory consumption went from 172.7 MB to 170.2 MB.
Total: 3.070417 ms (FindLiveObjects: 0.116833 ms CreateObjectMapping: 0.034708 ms MarkObjects: 2.413583 ms  DeleteObjects: 0.504667 ms)

Prepare: number of updated asset objects reloaded= 0
AssetImportParameters requested are different than current active one (requested -> active):
  custom:scripting/monoscript/fileName/PreferenceKeys.cs: 971ed4aae575beb1e198c26581764982 -> c1c6958d9062b9c9c2efa7a28affa946
  custom:video-encoder-webm-vp8: eb34c28f22e8b96e1ab97ce403110664 -> 
  custom:scripting/monoscript/fileName/OpenVertexColorEditor.cs: 30ff560893ac054d11bcf5e0433eccba -> 0bde100a5e68bc6e8f047cf079c6371d
  custom:video-decoder-webm-vp8: 9c59270c3fd7afecdb556c50c9e8de78 -> 
  custom:scripting/monoscript/fileName/PackageImporter.cs: 1fe0039e0f1efd9d08d3a2da485c6f93 -> 18c4245910829c7fba0e1946a3f22d91
  custom:scripting/monoscript/fileName/TMP_FontFeatureTable.cs: cbd25d300d7ed4d969d60cb9f98f2826 -> 5ff9812058e8c02a5b04eaa88778f2a5
  custom:scripting/monoscript/fileName/TMP_FontAssetCommon.cs: 2b5f11ccf8aacaf9b5ea6564bf2b0d57 -> 4a5ab4d4426385ab38edd57c118cd485
  custom:scripting/monoscript/fileName/TMP_SDFShaderGUI.cs: 1460619486eb6e8da302e26af5538aaa -> 082588c068c6e819b94cdf417f8b7551
  custom:scripting/monoscript/fileName/TMP_RichTextTagsCommon.cs: 5462d55f8a9ad882f9a7f2d708a6978b -> d28b21b13d6cea8fa92671f9a2a1f20d
  custom:scripting/monoscript/fileName/SmoothGroupEditor.cs: 8bc2610f365dc4634fc8c31ccc969585 -> 1064d8331a913257dab4cdfc21fcec17
  custom:scripting/monoscript/fileName/TMPro_ExtensionMethods.cs: 479bffcc157b89693ffc4c2ef2374861 -> 3d34decc871f763d4c9c61f1fe0f3275
  custom:scripting/monoscript/fileName/DTSweep.cs: b489dbbdebbb3b9e956ffbc2a0d88071 -> d045108b24d44b221d8a008624fcda26
  custom:scripting/monoscript/fileName/MeshValidation.cs: 96702c51dfa78152e589ae8ca081a783 -> 04075680859bc34196ccd56358357ff4
  custom:scripting/monoscript/fileName/UVRenderOptions.cs: cbafaf027c1745bc7e47ed02d4fc6533 -> 6e1785599c7dbe3002d892a90e785a42
  custom:scripting/monoscript/fileName/WingedEdgeEnumerator.cs: adbd097edcaa08879624b3dbf9fed71f -> 599f0117cecc3a04c53adc2951c5dbe9
  custom:scripting/monoscript/fileName/EditorHandleUtility.cs: 0ac2d22f358476e1b744f1f8895e1aba -> dfe46cfb4b3329610eea1da8172ee0c1
  custom:scripting/monoscript/fileName/HyperRect.cs: 90647cc400823b41df847a6cbfc29026 -> 8f6297df34271fdb1ce2d9607ec6261d
  custom:scripting/monoscript/fileName/TooltipEditor.cs: 051c4adf0743255fa06a6508fb451a66 -> 1883cf96151e042643af8c3e5724e842
  custom:scripting/monoscript/fileName/SemVer.cs: 3cf48f4591710125c2a8f6dc6ca94475 -> 3b20103f5867598637cd086120875f18
  custom:scripting/monoscript/fileName/ColorUtility.cs: 955d148b2d9eeb72c61392d743a13c8c -> 7083431eceae2ed89152408497c8394c
  custom:scripting/monoscript/fileName/RepairActions.cs: c98caac95a1bd550b46a8909c4bd3f4b -> 5cadd7ed963fc39bb2a3786966755ca1
  custom:scripting/monoscript/fileName/FloatMath.cs: 0fe73a55cac7bdb87b1e039ac908242b -> d1d434c83c83cea2c1b3e68a52a53b59
  custom:scripting/monoscript/fileName/UvUnwrapping.cs: 6dc18e949826aea52a2968ed7b10cc47 -> f8c8948c67465d24bbe3ec0f1df0f6d3
  custom:scripting/monoscript/fileName/TMPro_EventManager.cs: 4c7492301243f935f7a463360f91d217 -> 9ebed0b1e26a8c995d644c176e696d93
  custom:scripting/monoscript/fileName/VertexPositionEditor.cs: 46d235253e54e23a363ea17144ac2a77 -> 20ce79aba53b8806cd4c2d9cb3f3ef6b
  custom:scripting/monoscript/fileName/ToggleSelectBackFaces.cs: cd800d355c36b0670ead69c584432936 -> 72f343f70eb62a43066b2f1a9721bf06
  custom:scripting/monoscript/fileName/TMP_SubMeshUI.cs: 748262c65738bc5e1c553ae7a37a0c73 -> 7a6337f74438df5e26b302bbbbc41105
  custom:scripting/monoscript/fileName/GlyphRectPropertyDrawer.cs: bdec415148eac17379112822c8814df5 -> d355023434b9b8f82f7070cb40c7c036
  custom:scripting/monoscript/fileName/ConnectElements.cs: b040b3cb3e9da34e655bb3a47bd46193 -> 176d925c658de9703fc379a239c082ea
  custom:scripting/monoscript/fileName/ShrinkSelection.cs: fe8a97f4f165a36f66e0120cfbdfd1a0 -> e24ad03152f0b3eb84e4686d997612d0
  custom:scripting/monoscript/fileName/WeldVertices.cs: 150ff8957179426a96725d6e78b916cf -> 310d946e6af6eb78ad0f4b270ab3f555
  custom:scripting/monoscript/fileName/TMPro_UGUI_Private.cs: 90647cc400823b41df847a6cbfc29026 -> 8f6297df34271fdb1ce2d9607ec6261d
  custom:scripting/monoscript/fileName/EditorStyles.cs: d933620442e94f395abad499f0a07844 -> d6cf61a3bff17f664d8f07b288899e0e
  custom:audio-decoder-ogg-vorbis: bf7c407c2cedff20999df2af8eb42d56 -> 
  custom:scripting/monoscript/fileName/IntVec4.cs: 4a457fdc2b6edfff9af20f31f74bc367 -> a3aa0bd472fa2d3b612a88ecb38ca78e
  custom:scripting/monoscript/fileName/MeshHandle.cs: 4fb552a16b062d468ef698bbde7ead52 -> f2b386582f7474a64e17e636fc0dbbcf
  custom:scripting/monoscript/fileName/Spline.cs: f8384952784bb95e08e1e29156fe4db5 -> 28e019c03606680a097c55b58115e0b3
  custom:scripting/monoscript/fileName/ShapeGenerator.cs: 8279205acb8a1e8bdcbaa5ab6a730a68 -> 559da73ab440a4cfbb6e5ee76a94db95
  custom:scripting/monoscript/fileName/VertexColorPalette.cs: e5d6bcbfe423cc4ee23c4be5f46b1637 -> 9d1376fe8abc00794faa97ecdf5c1ff7
  custom:scripting/monoscript/fileName/pb_Stl.cs: 9b07f4f149309491c5f1435ec678ae63 -> 51af4017240795884fad9c404f4e2fd7
  custom:scripting/monoscript/fileName/InternalUtility.cs: b46a4bbee8883c649a48eca82d9c5113 -> 9f2e1420b4fef97b404fe7afd5295ea8
  custom:scripting/monoscript/fileName/EditorToolbarLoader.cs: fdf9b8f64a6e826326906d3119503c10 -> 66381be3f5526c145ba9bae4850e926c
  custom:scripting/monoscript/fileName/IconUtility.cs: 45ed954b9dd197048f268e19e52aa10b -> 034630d592d662eca2e85205848a3722
  custom:scripting/monoscript/fileName/MeshHandles.cs: 9078a2010039bebdb66a21ef9e570477 -> 37075a86fc6b1c925d8ca4770dd1cbbc
  custom:scripting/monoscript/fileName/TMPro_ContextMenus.cs: 06b3d4b27f337b8d846ca7117f3251e1 -> fbbbcbf9b4eb950e9aeda2d70529152c
  custom:scripting/monoscript/fileName/DestroyListener.cs: 6be46e6f4b52a4b0718c2fb44268f9ce -> a68c3e137947b02ac2cd9c44630cb13d
  custom:scripting/monoscript/fileName/TMPro_MeshUtilities.cs: 2237d160e4d9e81a7d899dc235029cb3 -> 183dd3a7e1b70c109767dd5059a390dd
  custom:scripting/monoscript/fileName/TMP_TextInfo.cs: 9e4eb698c4c168829682cbe659418e8f -> d86eebf32f36b8febee06365f862b403
  custom:scripting/monoscript/fileName/TMP_TextElement_Legacy.cs: 6e11e173cb695b15e8cce3cd1e1cb2a7 -> 33cc86d4b4c35f95c6446ea70ef56fc4
  custom:scripting/monoscript/fileName/TMP_Compatibility.cs: 3ef1f12d3c823dd740c7c596ab076c61 -> d5209fd9c6a9aef9cccdbfb4f06bd571
  custom:scripting/monoscript/fileName/MenuAction.cs: 898ec4fe99f46e9006b47eb12b400bce -> fae602d108041252c892c7d0dbb6835e
  custom:scripting/monoscript/fileName/TextContainer.cs: 245c032a15fbc12850861c707e37b027 -> 4e3c016869303ab3136387f7870e5adb
  custom:scripting/monoscript/fileName/IntVec2.cs: 08f3ad76946da3616135c08e32f0dd9a -> 9ebed9e7543f0e4249c4d89daeef5a21
  custom:scripting/monoscript/fileName/Pipe.cs: 5ab339b2fd460f209f184462230f3149 -> 3ca54dd364f22d106e069d3639f4f8f6
  custom:scripting/monoscript/fileName/MirrorObjects.cs: 352699d4a7651efc5cce5eea885082ac -> 30fb8dc2394f76e291a51694eebc1bb7
  custom:scripting/monoscript/fileName/FaceRebuildData.cs: 84b2db0355125c47a227c7fa1701067f -> 4f4d3770d43d79d6f5c02b08c148862f
  custom:scripting/monoscript/fileName/PreferenceDictionaryEditor.cs: 9fa6284d94bac21a015ed6b0842b4204 -> 7cd89f8e58bce998ffced9b126a94783
  custom:scripting/monoscript/fileName/TextureTool.cs: 993795ee2a60353f3a850d19c84178be -> f36f558dcac1c72ba3562e4aa1c2caad
  custom:scripting/monoscript/fileName/MeshSelection.cs: 1023d69f6dc6c80d3619702d1b000c52 -> e7812b7cf0f91d037c2e98119937132a
  custom:scripting/monoscript/fileName/PolyShapeTool.cs: 7bc678380b9081ce72ddf75ffd2e71dd -> 7dfb89ede7ce1e06d6ffd4debafe5fb4
  custom:scripting/monoscript/fileName/EditorMeshUtility.cs: 07524f479fd6253ffe9cec9107fd0db3 -> d65aa916b1419290b5f7e47cb2b5d209
  custom:scripting/monoscript/fileName/PointSet.cs: 856b6b7048d351f3361fd73be98c133e -> 1cb3625d684708a48e1f619d38f3ae4d
  custom:scripting/monoscript/fileName/Plane.cs: 10495ff9b800b2afa8268aeffb6ada07 -> fdceb9c119da0a30acdabb70cd0ba29a
  custom:scripting/monoscript/fileName/BuiltinMaterials.cs: f1801187dcebf42d4c70a9f4b283cc9a -> abbf76b631504676e7b7d7a401b3619b
  custom:scripting/monoscript/fileName/HandleGUI.cs: d5e044de315c4ae729548743aabbcc7c -> afa4af5140a52f4f9ca3da5b0ac10ad6
  custom:scripting/monoscript/fileName/TMP_EditorResourceManager.cs: f56b80268a934198a76acc6f4cef503c -> 30391129c5b96f298e44c099ae0fab57
  custom:scripting/monoscript/fileName/TMPro_FontAssetCreatorWindow.cs: 0d0900483ed9b57d4ccc2ff58d1220b3 -> 9d68c1aab1c646cdf3e70083dc01df96
  custom:SearchIndexIgnoredProperties: e643bd26f0fe6173181afceb89e7c659 -> 
  custom:scripting/monoscript/fileName/Export.cs: 078559a78b86060d1b211241c5c67779 -> c50292d7ecb2991c4e7a9d81cef51859
  custom:scripting/monoscript/fileName/IHasDefault.cs: d3ac6d93a1f2a0255a9ab45bb4e61b9c -> 1e14a04e64e81d8f0d3e7c9ca86f95f4
  custom:scripting/monoscript/fileName/TriangulationPoint.cs: 32917afe2890c1499ece497286a4d04a -> 1035c919b741bdf95e2932b37bd260e4
  custom:scripting/monoscript/fileName/AutoUVEditor.cs: a2d70cd5a5b723a42dd96d8849970c6c -> 627ab62f8fdd1604c3ee48475ef9e815
  custom:scripting/monoscript/fileName/HandleConstraint2D.cs: 0be005422d79e45e5239b3f12629e4ee -> 9015774b3c0bbbdd3a4330fb8924982c
  custom:scripting/monoscript/fileName/TMP_SubMesh_Editor.cs: b381eb4c2ad4ef265088242d67c5b140 -> 6199a3bf0c204e3bdded9f5f05415a32
  custom:scripting/monoscript/fileName/TMP_Settings.cs: 68d1204aae2aa6d0a54c151b7af443e7 -> 957f1889ca66b295dca8f725cc81558d
  custom:scripting/monoscript/fileName/TMPro_SortingLayerHelper.cs: 8b86ad735987eff6a1277352e9e8d9b6 -> e3aabd077ed12370ac46dda129ef572e
  custom:scripting/monoscript/fileName/SelectionPickerRenderer.cs: ebb4947fce4540eba10b7d1df3164b8c -> 73f1e4a4a65ed18cd1e1d52a19d8d397
  custom:scripting/monoscript/fileName/Extrude.cs: 34a5e82da627ee072b8b3873fd02e1ab -> dcbaaeeec29f276dbf276d9d529d07bb
  custom:scripting/monoscript/fileName/TMP_TextElement.cs: 5dfb95666bd41ecc32948097824aba23 -> fb8354965187a75f506d9a9df85f19dd
  custom:scripting/monoscript/fileName/TMP_InputFieldEditor.cs: a6f05406e9cdb59679382b884c14216a -> 8f2095c37e5fd5ed563d60163f0c2e52
  custom:scripting/monoscript/fileName/TMP_Text.cs: 5cba61e283281e8dbf7dadaabcd638dc -> c453c9b4dcb2bfad1083e3b49dfa3983
  custom:container-demuxer-ogg: 62fdf1f143b41e24485cea50d1cbac27 -> 
  custom:scripting/monoscript/fileName/DTSweepContext.cs: 2981771f565ec1526dc5d821e460f88f -> 04c0f7cf0e165c3283113f604cd42540
  custom:scripting/monoscript/fileName/OpenMaterialEditor.cs: e48180fa4e846a1c9510af46c88df99b -> baa1f65543a2c837b5be23900001d62c
  custom:scripting/monoscript/fileName/UVEditor.cs: bb46d5bac7199bd3c17dd891460f80ff -> 72ca5bcad2be1e7fb633cba0a986444f
  custom:AudioImporter_EditorPlatform: 3918e3fc78b5a79bad01e8451be0beb8 -> 
  custom:scripting/monoscript/fileName/PreferenceDictionary.cs: 39594dd21319b14ffe21cbd90959a3a6 -> aa8b39134effb62bcf93956ec1113878
  custom:scripting/monoscript/fileName/Experimental.cs: 91e9d2d4ec28f211f51aa6b3c2d6addc -> 74044429c642e1d5383cff33699e9713
  custom:scripting/monoscript/fileName/ProbuilderScaleTool.cs: 2b819c71d43921e551cd144d387df88b -> 693ed401cdd2268a25a82a0b4d09aedb
  custom:scripting/monoscript/fileName/ReflectionUtility.cs: 4f20c90f34e7c9a0975037e76bd514e1 -> e9fbf2f99142e54c08e7ab42214b8d2e
  custom:scripting/monoscript/fileName/TriangulationContext.cs: c42f2501129644a7463ca94823659aca -> adf33f40b421fead56d5d60ed76341b6
  custom:scripting/monoscript/fileName/ElementSelection.cs: c68aacab4736cb88931cbda58954f8b2 -> 6fa56cc3b2c46b068ce001582f75bbdf
  custom:CustomObjectIndexerAttribute: 9a22284fe3817be447336de3de66b15e -> 
  custom:scripting/monoscript/fileName/TMP_SpriteAssetImportFormats.cs: 920e3140228fbd530b0080254da22d88 -> 3cc56654a2015a96112916e9636fbe6f
  custom:scripting/monoscript/fileName/TMP_StyleAssetMenu.cs: 60e7743122a0686d1131101c521adac6 -> d695e815510410a6715fa00ae5e73f57
  custom:scripting/monoscript/fileName/TriggerBehaviour.cs: 9e9b28603c1443f5d61fd91ef7ccbf86 -> 79e7a86a8530867940d5ec2db58f3ac8
  custom:scripting/monoscript/fileName/ProBuilderMeshFunction.cs: 90647cc400823b41df847a6cbfc29026 -> 8f6297df34271fdb1ce2d9607ec6261d
  custom:scripting/monoscript/fileName/TMP_MaterialManager.cs: 441d72ec3c04a8da6a351f60fff95465 -> 1382feee688fee3eebaa5e9d7b47e98d
  custom:scripting/monoscript/fileName/StripProBuilderScripts.cs: 8d1118df1b038f5729efd517ae8a88bb -> 28ed736835aaf61296e94776be7fe22f
  custom:scripting/monoscript/fileName/ConfigurableWindow.cs: c5114dc30bc9061442d90941d750ad69 -> dc908ec59e43674d94e6c44d5f6f0a04
  custom:scripting/monoscript/fileName/TextureMoveTool.cs: ce8cacc59824d8cf57a35f09c16f8711 -> 561dc27692dc87b40ac845b590590c6e
  custom:scripting/monoscript/fileName/TMP_SpriteAsset.cs: 8d06882cb45c7664f8d7c3079ee8757f -> b46309090c7f7da519ff6ef3172bd077
  custom:scripting/monoscript/fileName/TMP_TextParsingUtilities.cs: 8b3fe20641ae0dd97405135955c706a3 -> 47331f425db7fa5c443a11c866530503
  custom:scripting/monoscript/fileName/TooltipContent.cs: ebba672cca5b3ad7206f389dac2aaebf -> 59ac72fe5e43e89296b93f6ab317b8c6
  custom:scripting/monoscript/fileName/SmartConnect.cs: 8e54477dfa9d32f8770b42f4e609398c -> 7cc56315c2f7d3b4ddbfec9b55b217f6
  custom:scripting/monoscript/fileName/PreferencesUpdater.cs: 83612b3eb5c9f939088fe8899554f47b -> 9a363e698ce1b17dbc0d2d4dab7a63b9
  custom:scripting/monoscript/fileName/LightmapUVEditor.cs: 4a5ea877356561228eed906adcd3bedb -> a2aefb495142dc468618fa8a501b7aad
  custom:scripting/monoscript/fileName/ExportObj.cs: c18a1561185a459c7d8d09a4d25283a2 -> b50eb634a6665886ac462c95bd53c18a
  custom:scripting/monoscript/fileName/ProBuilderAnalytics.cs: 2cd7a59044f39493e703b05f32b66c91 -> 1c7d7c6ab5b13a09bcd39014b45b9a79
  custom:scripting/monoscript/fileName/EditorUtility.cs: 4382ba71a5fdd3efad937be52139f5f9 -> 93f1489ed0c05fd005da29cea6da0c82
  custom:scripting/monoscript/fileName/Arch.cs: b067ac6b52031bd7322d6f3511ad169c -> f1c51c8c0bcd0928d443c381b195e68f
  custom:scripting/monoscript/fileName/LogEditor.cs: 40340fd10eb0d8176aa6afc39bccbaf4 -> 5e1c92e4622e71b33b738b828fa27fb8
  custom:scripting/monoscript/fileName/FlipObjectNormals.cs: 5609faa163c9a11dab9cd43e902b823c -> fb2365562ddc0eea3f4f6e4b9288df3f
  custom:scripting/monoscript/fileName/PositionTool.cs: 2fd18bf8664a011c4421990ba96d6342 -> 5e734435a39761992fa026a9b9d7a18c
  custom:scripting/monoscript/fileName/Edge.cs: 057c878f971a98ac6fecd89263127db8 -> 6e8d0d5fb0fb548cecca33c0fd183e9e
  custom:scripting/monoscript/fileName/BezierPoint.cs: 34833cc72fdb3a48f1f4d008cbd59fdb -> 7525997013ed3923f7017a1f8bd43327
  custom:scripting/monoscript/fileName/TMPro_TexturePostProcessor.cs: 0750ad2b775120fa59f760172dc340ad -> d21743efde4e74198703a65b965619ea
  custom:scripting/monoscript/fileName/TMP_ResourcesManager.cs: 64252a073d41e9c6f4e95b5f68ac966c -> 0d972ba50c38c5b25fe15fb0c61ada2b
  custom:scripting/monoscript/fileName/Smoothing.cs: 330a1dd6217f1894b6d80984c74f9c02 -> a5f43ca51675d12c056752c71c91493e
  custom:scripting/monoscript/fileName/TMP_PostBuildProcessHandler.cs: c69b388004562ecb0f789fc3759d9651 -> 728d00fd9070cbfe6d8df45c08e57305
  custom:scripting/monoscript/fileName/ProBuilderShapeEditor.cs: e9de23e6a3e5ceebe7af47bb766a8898 -> 889928ab8d4165b46609eb6bf1b9947d
  custom:scripting/monoscript/fileName/Projection.cs: ed09dc3fa75f6d964258c142443c8e2f -> a99aca606acb7395e9583f20da6bb81a
  custom:scripting/monoscript/fileName/ConnectVertices.cs: 8257d8a693dec45e625c35a99914af6f -> 9f1e5d145cdb3ffd0765deedcb2d98bf
  custom:scripting/monoscript/fileName/TMP_DropdownEditor.cs: 2d907ee76ef876797c15186180266847 -> 6df138b51e278f9c93bd4976e96aa952
  custom:scripting/monoscript/fileName/EntityBehaviour.cs: 7a0182fad58e8b86f5d1052d96507e02 -> 7020f30221d5fc623dfd25c0afe538c2
  custom:scripting/monoscript/fileName/MergeElements.cs: c9b3400349305ddcd54accbdabf30f58 -> c200d1c9feef6a7cfad8fbd59745c8c0
  custom:scripting/monoscript/fileName/EdgeUtility.cs: 1a660714836b36f59bcd2ddafecfe565 -> d5d024e13a2c772fede5968a2a84bad1
  custom:scripting/monoscript/fileName/SelectionUtility.cs: 92d2eece3ee87ab27a4e71ba6256b756 -> 62672b6b7b9f66de36e9019b7ab61216
  custom:scripting/monoscript/fileName/ToolbarGroup.cs: 61877aef40bf12b94f4563196b114281 -> b3446a3ba7dbd0117ea9f39ef820f9d1
  custom:scripting/monoscript/fileName/Entity.cs: 46f49b609c478dd10de66061000fec95 -> 2a45643cd0ab11f7a87a1756acaf27c8
  custom:scripting/monoscript/fileName/ProBuilderEditor.cs: 2dba96b7748ca8a4b559fcb455a58b78 -> cb8336c5ae1ba4e4350b3a477f3a84f5
  custom:scripting/monoscript/fileName/TMP_PackageResourceImporter.cs: 949b6e7fa2132b400d5c4aaf9c34421a -> 5335f4ee7041812300af31a777e4f584
  custom:scripting/monoscript/fileName/EditorHandleDrawingScopes.cs: fa69dc0aae38f933c4768b1a381f6f16 -> 6e49124636030e26c07fc62951b3fc99
  custom:scripting/monoscript/fileName/ScriptingSymbolManager.cs: 9f4ebf1856d93cebe044158f23b01e0b -> c441cb9442058a8009c4677e535a8f5a
  custom:scripting/monoscript/fileName/MaterialUtility.cs: 39fc2b5fdbf10826d74b00a710dbbd4b -> 88cf4fbb88e3f1204571500ff4ff9e45
  custom:scripting/monoscript/fileName/TMP_EditorCoroutine.cs: 04cbf5ce6e541d98265aa7668ef82832 -> 01d80099920d11c11bfa87417e26164b
  custom:scripting/monoscript/fileName/MeshTransform.cs: 558feaf5ce4456f3514221266af9489f -> cef0215a2fecd1c2d2cbab8f5227f824
  custom:scripting/monoscript/fileName/DelaunayTriangle.cs: 908235f5d5e291f50089ca6a8bdf4c13 -> a054c1ee7cb04c097e8ceb96652dcdfb
  custom:scripting/monoscript/fileName/ExportStlAscii.cs: 9a4dfdfba98097a3c691a44b59f67ad6 -> 0202a109a87d532de90cb92c017792ca
  custom:scripting/monoscript/fileName/Submesh.cs: 51f2a9e71cf380288c6159863c8c6958 -> 3b9f33e18b686f2ef961a1460f1ca761
  custom:scripting/monoscript/fileName/CenterPivot.cs: 0540fa0c3bb9c7b452e63f89e313456c -> 770b513b1417a468a49e0612e0dc1780
  custom:scripting/monoscript/fileName/OffsetElements.cs: 112aeff604960ea9032670cfb4a87fc1 -> 458cc781ffeffd7206e0b1c130f2eec5
  custom:scripting/monoscript/fileName/VectorMask.cs: f37b197a0f2e7d76768feac2551f97f2 -> ba27e7ec933b2076546dcfdaaa788a30
  custom:scripting/monoscript/fileName/FixedBitArray3.cs: bc9279bedd3a6bc1feb5645d9911ddcf -> 19581a695ccc746fb3b7e7dd64fdf8bb
  custom:scripting/monoscript/fileName/AppendElements.cs: 48197571f7c160b8c47e348465caee55 -> 486d83c701ebf06e31569da6a2aa2a61
  custom:scripting/monoscript/fileName/SubdivideObject.cs: 15529496d16d945ce564dd73b9f022cf -> d85411130466895ad74cddf2f8961b2a
  custom:scripting/monoscript/fileName/TMP_Style.cs: ecc9948baa78373f3076151d1a0642d9 -> 22d5739edd705d10f980250dcfd7fde0
  custom:scripting/monoscript/fileName/ConnectEdges.cs: 8f686a7fff4566a6aa5be848bd67c552 -> ae65098df42811e49cbc9fbdf9c8945d
  custom:scripting/monoscript/fileName/BridgeEdges.cs: 7b3cbd3298c1cacf3fd10a2c13fb2858 -> 10bad4efb9bf2e63956f391bb2c8b8ed
  custom:scripting/monoscript/fileName/IKdTree.cs: 90647cc400823b41df847a6cbfc29026 -> 8f6297df34271fdb1ce2d9607ec6261d
  custom:scripting/monoscript/fileName/ExportPly.cs: 570e49f6204b40b7c2281c056489e701 -> 53679ea737f5b1dfa36f8666443d6fb4
  custom:scripting/monoscript/fileName/ToggleDragSelectionMode.cs: 6a922485a12d7e52256776f0adc1d3b0 -> 717210f7999935796e1f0c5e4d460495
  custom:scripting/monoscript/fileName/CSG.cs: fddebc96510ce08c125abace9d05eafd -> 2dc6a8dbd39bdcb649b4c2d3b5a6989d
  custom:scripting/monoscript/fileName/GrowSelection.cs: de1d66ff5d47fd9485b62f0576610afb -> 1bca638cbdbda9d68e37eef4443b3cb8
  custom:scripting/monoscript/fileName/SmartSubdivide.cs: e83627bb1da7bd1a9a208feb135dee35 -> cfdafb8092010961486f401c21290682
  custom:scripting/monoscript/fileName/TMP_StyleSheetEditor.cs: 38b210a450ac855df2d81ab0242c2feb -> b6503d890746d6150e0f267f43ce60e4
  custom:scripting/monoscript/fileName/EdgeLookup.cs: 1933ab40224290e9191c61e11eab2868 -> c9997fabb8a6c934a062de5df942cb8b
  custom:scripting/monoscript/fileName/SelectSmoothingGroup.cs: e7adc037d5343729fde59c2f041f72e6 -> 77ca64551fca402d7ced40d23a45fbac
  custom:scripting/monoscript/fileName/TriangulateFaces.cs: 7d58267eca67ed800671b3fe1771472b -> 7384e16273c0b0cb8589d3e983ff177a
  custom:scripting/monoscript/fileName/OpenSmoothingEditor.cs: b7bfcfe69a934092c115177d09b130dc -> 560aef3f7be06bb4ace9e3ef06de1679
  custom:scripting/monoscript/fileName/SetPivotToSelection.cs: 0a4f1a088a797c04c53d4f4d7ec66668 -> 4b1632cacf89ec92f9fec662bcb33ec8
  custom:scripting/monoscript/fileName/ProBuilderEditorShortcuts.cs: 2e87be32c8a93b1377e99b0795a6bb9d -> 449f66bb9fa7cf61c5b8fa043ae0c50c
  custom:scripting/monoscript/fileName/pb_Stl_Exporter.cs: a0bbf115d527a544930104c2dcebd300 -> fc035555d13973baa50218da209917b1
  custom:scripting/monoscript/fileName/HandleUtility.cs: 3a2b940ef1063bb7ed90d70b8e902cf5 -> 91f1544f408469553ae7951802376dc7
  custom:scripting/monoscript/fileName/TMP_EditorPanelUI.cs: 0c3fb43855adf1da22258c211d01a47d -> 6242af713a75147e6e5820bfce936424
  custom:container-demuxer-webm: 4f35f7cbe854078d1ac9338744f61a02 -> 
  custom:scripting/monoscript/fileName/IPriorityQueue.cs: 90647cc400823b41df847a6cbfc29026 -> 8f6297df34271fdb1ce2d9607ec6261d
  custom:scripting/monoscript/fileName/TMP_FontAsset.cs: 6c1db4680a96f294cf0af87a0b8099aa -> 52c81438acb65fa444fe26964ef0345b
  custom:scripting/monoscript/fileName/SurfaceTopology.cs: 9526d30cd2f928b0eb81e56b5d034cc7 -> fcacf53dc1a9d80c141f45da4ad5cacb
  custom:scripting/monoscript/fileName/ProBuilderMenuActionAttribute.cs: 3674968d5ee67384faaf101c9d3dcda8 -> aa21e1cb340b4d66624ab269efca064a
  custom:scripting/monoscript/fileName/EntityEditor.cs: a91f91f5e306a57ac3e888e91213305d -> 479bbcdafdc8895866e190aa1e4ed7ae
  custom:scripting/monoscript/fileName/SimpleTuple.cs: 0cdf409b5aa8d4c25876d72b5c6a3b60 -> a53f96815da50de15010b1c479bc70cf
  custom:scripting/monoscript/fileName/SetTrigger.cs: 286b69f4327b4c46524ba1c15eb198ce -> f7f341239430639cef5ba11846355a7a
  custom:scripting/monoscript/fileName/IntVec3.cs: 2c04041d253e07e499b1153625966a9e -> 8e91de7bd5c399115a08ccab7da9cd25
  custom:scripting/monoscript/fileName/DrawShapeTool.cs: ac1712ae32bc97f8f4f25c7ab7b85183 -> 087ba03db22cf2aea364f3b020b8922b
  custom:scripting/monoscript/fileName/TMP_SubMeshUI_Editor.cs: 119a633ce37cc27ac209988b5de61d96 -> 765ce633a5bfada7c5afc51aed8631bb
  custom:scripting/monoscript/fileName/Vertex.cs: c33a8579f06fb5ec710638da284dce30 -> 3fc3fd0e61353ff6b176457a8fd399b5
  custom:scripting/monoscript/fileName/Triangle.cs: 38f2dea2cbf63a10d865b3c93a929d93 -> d0562d63fecbf5188e24fde2e83ce680
  custom:scripting/monoscript/fileName/DTSweepBasin.cs: 245db94975c479306e3cbdfe84d22fb1 -> 96c7d9fe46864bb8d255e7f6e122a693
  custom:scripting/monoscript/fileName/Bevel.cs: cda4b6394b0873a5b8e8df0dce506d92 -> 8dbd493457fbbaa6f0a8eafd7c8dcc46
  custom:scripting/monoscript/fileName/DetachFaces.cs: cf9073f1266f2923b20679a1bde3c8c0 -> 94dd7702b69703198ce1c3c7aa68e223
  custom:scripting/monoscript/fileName/ShapeState_DrawHeightShape.cs: bf3d191b58aaab9e01024402c1802b6e -> 2464cba411c66ffea21889b6bb1a9e5b
  custom:scripting/monoscript/fileName/P2T.cs: 0aa69cc22c33e17e24d809b0c56993bc -> 5311fa65ea4de3c842913b51a3672a69
  custom:scripting/monoscript/fileName/OpenLightmapUVEditor.cs: 1e75a505fb05c16310e33b72465177ef -> f4a58c1b2bf684de0477f3ca649636c6
  custom:scripting/monoscript/fileName/ProBuilderSettings.cs: 44e160cbb89a8c9e895fdc5e21b659ba -> 5a96b8b1ccf6640321034b1f4527c6d9
  custom:scripting/monoscript/fileName/GenerateUV2.cs: 7e9f55032cd43909a50ad3d71fd47174 -> fa8c5f708ed1b733fb4e35d385baccf2
  custom:scripting/monoscript/fileName/Shape.cs: 0c1bd185dc308e7f1b0ad86de0300f5a -> b68a5dc625e9be120706720fea43f4b9
  custom:scripting/monoscript/fileName/TMP_BaseEditorPanel.cs: f4b9967705e7bb57152fef4117417ba7 -> bf7c6aff8663a36814779dfe47e82e00
  custom:scripting/monoscript/fileName/Transform2D.cs: 99c230faf7d8b1d82d86bcfe0bdd121e -> 8d8b4790312f50d85e5b76972af21da4
  custom:scripting/monoscript/fileName/MergeObjects.cs: 11f6d640a9d3c77be19a9d5930aa559d -> 4a98045f4cd14250333a534475d04874
  custom:scripting/monoscript/fileName/EditShapeTool.cs: 5e5caa4d0c9b3b31aa98622a360a986a -> edf2bf13d6fce430418380467ef7d6cd
  custom:scripting/monoscript/fileName/TMP_InputField.cs: f7712ab842984f124274656d749eca3d -> 8fed3480abb5543168012b207b39349b
  custom:scripting/monoscript/fileName/TransformUtility.cs: d73c91a7d4fba2846cb7f791384de39e -> f8a825729175a8eb807be414b7783c28
  custom:scripting/monoscript/fileName/ShapeState_DrawBaseShape.cs: e0d5b8da05d52dbfb8f12dcc42366618 -> 343d5e9d83baac5a65a94a52293c2ebf
  custom:scripting/monoscript/fileName/TMP_Sprite.cs: 0ee3c386846aa132dd254421fac18cd1 -> e9945527ea1584af23f8f41ce4b844b4
  custom:scripting/monoscript/fileName/EditorHandleDrawing.cs: e4a253013e923fc5e2a42116f3e9cb52 -> c0b6f35562a3c493b8272c548242aa12
  custom:scripting/monoscript/fileName/UnwrapParametersEditor.cs: ad2871f345be52d0cf9added22b9bbb9 -> 46c6178a4fd4477a754acf75893976c4
  custom:scripting/monoscript/fileName/Cylinder.cs: c1df0163afb2da9cb82c7acacf1ed730 -> 67c389358d4360f5810186f579b884ba
  custom:scripting/monoscript/fileName/Math.cs: 4765fe41cdb59756d6a6579184fc0ff8 -> 810421a6066b39d78a9ffd9f3991df48
  custom:scripting/monoscript/fileName/SelectionPickerRendererStandard.cs: e1a12a27c7781421a618a7721df48c68 -> 8743fb0efc136665a8cc090eb2b971c3
  custom:scripting/monoscript/fileName/UVEditing.cs: 282cce0694f10e0de5a3bd7509995bd0 -> d95c0ab26b17358202fc0975ff46e659
  custom:scripting/monoscript/fileName/TMP_ResourcesLoader.cs: 6f1f07799f3cfe795f955033c27f98ed -> f71e35ced40721d6906e578fb6e7f0e9
  custom:scripting/monoscript/fileName/Log.cs: 2f3b85a20367d6d99e3a14c7ae399267 -> ef974d1e30c85abd7256cecbc60a1fbc
  custom:scripting/monoscript/fileName/TMP_StyleSheet.cs: de73099b6bd4b9281c92feedf1315618 -> b6deb5f646a1f5ad7b696d32618ba797
  custom:scripting/monoscript/fileName/TMPro_Private.cs: 90647cc400823b41df847a6cbfc29026 -> 8f6297df34271fdb1ce2d9607ec6261d
  custom:scripting/monoscript/fileName/TMP_MeshInfo.cs: 89833651f7d905e51b340ec2afe531d1 -> 375ed9fada55d6bf39f9352ef1dd520b
  custom:scripting/monoscript/fileName/TMP_SpriteCharacter.cs: 81dc73ff0878d6528202f8be44877b26 -> fe232bb280dddc880a01918d3502c13a
  custom:scripting/monoscript/fileName/SceneDragAndDropListener.cs: 07a111f362d027d85d45bdb7a902f14e -> 7eedb350c997b79189715bec5609131a
  custom:scripting/monoscript/fileName/PolygonSet.cs: 1d5b94bd81a36884686c2f6dc3640c06 -> d3555720d371c4592c80ff65e5b1085e
  custom:scripting/monoscript/fileName/DTSweepDebugContext.cs: 6ac3331923d1210cbd6f306a6bc3e3c2 -> 48402eb94f889eead1a14f20ba973022
  custom:scripting/monoscript/fileName/EditorShapeUtility.cs: b01457005654bb980604fba5d004d802 -> c452951f22509d3851777ee5927b7553
  custom:scripting/monoscript/fileName/Cube.cs: adf8d58792eaf50687787b68f170b6d6 -> 5a04a3344fd366715c4f1ec6471bd7b1
  custom:scripting/monoscript/fileName/Clipping.cs: 1741f8440a6254efcb95789a09be4e6a -> cb4ee0c14739aef486e76b64df8452f3
  custom:scripting/monoscript/fileName/TMP_ShaderUtilities.cs: 84a261643983e306d02445da38ed662f -> 75ec062faab558cb3190dcd3e4820547
  custom:scripting/monoscript/fileName/TMP_SettingsEditor.cs: 56bf06371df7e13c5b8cc88becb89a4d -> aa2b5eadaadb4b54b49cd650a2246119
  custom:scripting/monoscript/fileName/ShapeMenuItems.cs: 5f7ac6f810ef27e38f22b209ac1fc203 -> ae71d417fb6ad9ee80562655da47e069
  custom:scripting/monoscript/fileName/TMP_UpdateRegistery.cs: 1f23864d29c3a03d22aa9b00a337cf78 -> 62691e6bdb107984e7d826316a6498e1
  custom:scripting/monoscript/fileName/TMP_PackageUtilities.cs: 89e6e95503dd36070edf73e7aaab4557 -> 029634ff6f667ebc9454d70fde4def50
  custom:scripting/monoscript/fileName/TextureRotateTool.cs: c2d0baad66e4308f6143c552f0536843 -> de64360b3418b9277960231417fd3632
  custom:scripting/monoscript/fileName/SubdivideFaces.cs: 9109bab35f1c932e6b2935ab1452a120 -> 2f575da67016e5b8df89dad1b65d5a8f
  custom:scripting/monoscript/fileName/ProBuilderMeshSelection.cs: 90647cc400823b41df847a6cbfc29026 -> 8f6297df34271fdb1ce2d9607ec6261d
  custom:scripting/monoscript/fileName/Face.cs: a341fcdb31a7309723bdeb224f913433 -> 6b59248edf20736fe649e807e73c44a1
  custom:scripting/monoscript/fileName/FastAction.cs: dfbe75b66b645b53472915ad2590af11 -> 94d6ead813247e604740a116c5fa92db
  custom:scripting/monoscript/fileName/TMPro_TextContainerEditor.cs: b2fbc5db24221a870c4de162a712cbfe -> a97aca5bcf1b2486a0f60b2c7a935c42
  custom:scripting/monoscript/fileName/TextureStitching.cs: 282cce0694f10e0de5a3bd7509995bd0 -> d95c0ab26b17358202fc0975ff46e659
  custom:scripting/monoscript/fileName/ArrayUtility.cs: 1a4a57b6fbdf126f88c3fded2fdb776b -> 1c0723927a1dea4084aafa27e0babf3e
  custom:scripting/monoscript/fileName/ProBuilderMeshPreview.cs: 2c7c631c64eeea962429990f92666a51 -> d0230fea5a4d87373ad48ccae09a5956
  custom:scripting/monoscript/fileName/SelectEdgeRing.cs: a765561d8bccdd9a6baf3be3ef9ae6db -> 27dd4e73df0c1e8d2b1c164c1934d4ce
  custom:scripting/monoscript/fileName/FileUtility.cs: 71e69a0dda932652b4750f9f3d825114 -> 2961bba77c56c2a7229c3afaf4d78e44
  custom:scripting/monoscript/fileName/ContextClickManipulator.cs: 551ac0135cff9eba4bc63f242fd17841 -> 00a2ed4616fd5b136c16062206b02a4a
  custom:scripting/monoscript/fileName/ProbuilderRotateTool.cs: 46e8d522aca3344981cffc698ba16ada -> dfae9ba6f205547711d4eb1051f4780b
  custom:scripting/monoscript/fileName/Stairs.cs: 172b180c42a148fadf6415c52210a729 -> e254dec4f733abbd87258b46868d5452
  custom:scripting/monoscript/fileName/ProBuilderShape.cs: 3618f60e8d988cd8a0d66f0d060fd11a -> 4b94d05e947c45e53fde635ac0ebc2cf
  custom:scripting/monoscript/fileName/UnwrapParameters.cs: 644d0ce037708f9b6663416e490c0d59 -> 4d960715ecef383b56d2951e9c9da8c2
  custom:scripting/monoscript/fileName/DTSweepConstraint.cs: d620e55901dd883c92623a89c42030d5 -> 59c05bd289d9bce59258a29a158ea47e
  custom:scripting/monoscript/fileName/FillHole.cs: 49c97a483d8d6d36ce8ef90c74d4a79f -> aaa6fe80b3a68244078a7567ada0e365
  custom:scripting/monoscript/fileName/Prism.cs: c53bfe8cdbfb08eaf3dbf8c35a208bd4 -> 5f904ea39c8c32d25068cda89e69a200
  custom:scripting/monoscript/fileName/TMP_GlyphPairAdjustmentRecordPropertyDrawer.cs: 1a07941369755af9e0a102a45e9058c5 -> 6f07d27e8ea91e29d6bd5f39dd8deb23
  custom:scripting/monoscript/fileName/NewPolyShapeToggle.cs: 8acdd5cdcb7ee88e0e50b5931573fb4b -> bad7bfc867c0bf962133efa0f79b1273
  custom:scripting/monoscript/fileName/ExportStlBinary.cs: 5c64685a83bd5cbedf78a40252f3b12d -> dd8e10d762f32598ab0e1122ef48e9d4
  custom:scripting/monoscript/fileName/FlipFaceEdge.cs: f530ea0a74860a23981eb940ef68b251 -> fb9aa292368cc4ed51a43e9289ea2cfd
  custom:scripting/monoscript/fileName/FreezeTransform.cs: e675172267d870c70773e18ea0e1e250 -> 1599ad6ba59967d6e4db33cdd9b238e2
  custom:scripting/monoscript/fileName/ExtrudeElements.cs: 4c7ec400f4d4c6eaeb8b42dd1d2a747d -> 806117c07177fd070bb6a8f15afbe267
  custom:scripting/monoscript/fileName/TMP_FontFeaturesCommon.cs: 7d1db71d73353e7dd97f094c509882fa -> 89ff6ee76bb6f84827488d597e70ea5a
  custom:scripting/monoscript/fileName/TMP_LineInfo.cs: bb529d63c9723788bd7143f27cd69eaf -> 22ff02e7762110d3cc1f4bc096ea014d
  custom:scripting/monoscript/fileName/PreferencesInternal.cs: bfcfc9829daeeacc6e112df0986f85a6 -> 530b66421d3187fea0f2ff7b5a72657e
  custom:scripting/monoscript/fileName/VersionValidator.cs: bbb65e8a50d52b88a89cdeafda2af2f0 -> aee62f3e1b7975d116f5ff369b76465b
  custom:scripting/monoscript/fileName/UvAutoManualConversion.cs: 762f54589cdc906e3e1c04a57cf8ef9a -> 00828e5b9f8d412532156fb92532052a
  custom:scripting/monoscript/fileName/SelectVertexColor.cs: 7f0acb641efa7529c84cdbc924192168 -> 2865361f5d53aa2680c91d8c32a970a4
  custom:scripting/monoscript/fileName/ITriangulatable.cs: 5f8974429dff74ed7b6ecd00071f21a9 -> e9a73ba7369908268727333b921f0a74
  custom:scripting/monoscript/fileName/SelectFaceRing.cs: 3c7218fc27e261315951073ae7a7ef33 -> f5d0b1fb65552736125cad06744f8320
  custom:scripting/monoscript/fileName/Bounds2D.cs: 16ca90bc5c32dbbd92a84501f2c2743d -> 4ee9454de9a8cc8ab3a847168e9e1f47
  custom:scripting/monoscript/fileName/ExtrudeFaces.cs: 8da1d7548a755d4f7bfa6a3ad702beef -> afb8e77f6f04c56f7c5998b35b8192ec
  custom:video-decoder-ogg-theora: a1e56fd34408186e4bbccfd4996cb3dc -> 
  custom:scripting/monoscript/fileName/ConstrainedPointSet.cs: c9342aea7930c4ca55cd85acb4b82d33 -> 47771b5cd16d7a2fb324358db317755a
  custom:scripting/monoscript/fileName/TMP_UpdateManager.cs: fa7e71df671c5b3088b39753e4bbc70d -> 2b12c9b6d4082e0390a306eceed60fc6
  custom:scripting/monoscript/fileName/PointOnEdgeException.cs: 9e0012c09b9fee63c09ec06c54fbb87d -> 111622b5fd1bfc13cefcbb1aba3b389a
  custom:scripting/monoscript/fileName/DuplicateFaces.cs: 5ac5a69e6f038f9fa1492c8090a28996 -> fcd403cc51417d4fabdcff556d863805
  custom:scripting/monoscript/fileName/UnityScenePostProcessor.cs: 3af372e3e8128a470ce2c75685918c73 -> 355f8337335879c63d848a50cdab2946
  custom:scripting/monoscript/fileName/AssetTreeView.cs: f69e053f44c2ceb1d31b6346bdecf246 -> 2e85c4f99419cdb4a1518e9dc0b1f7e0
  custom:scripting/monoscript/fileName/TMP_TextAlignmentDrawer.cs: 011b7908ef5eb5e9dea532c77e85c538 -> ad15f73780bb9949f148eddcc3c3fbf7
  custom:scripting/monoscript/fileName/TMP_EditorPanel.cs: 0631f68be4ca0623bf3e313ec9becbc9 -> 0bd13db7cdfa07805bfadd631c0ddba8
  custom:scripting/monoscript/fileName/IHasPreferences.cs: a5f85efc1fefea988fce750a73fadae7 -> 1ad5ed8c1aa8e49fd9ef61122c0c14c9
  custom:scripting/monoscript/fileName/TriangulationUtil.cs: f18a7fb009b05f02616bafd07fbae553 -> 9c34fd675f82fec84d9e1a93c81ec48d
  custom:scripting/monoscript/fileName/SelectionPickerRendererHDRP.cs: e1a12a27c7781421a618a7721df48c68 -> 8743fb0efc136665a8cc090eb2b971c3
  custom:scripting/monoscript/fileName/TMP_EditorUtility.cs: b242106620cbbc38f0411146a086b885 -> f68b71b7543cddf9e4cdf261d5f519e5
  custom:scripting/monoscript/fileName/TMPro_CreateObjectMenu.cs: ddee59388caa7a56693342f3a805d427 -> e9e63aff764c7e7fd08e66f87103df4d
  custom:scripting/monoscript/fileName/SelectMaterial.cs: 9a86428319d18f00e00cf559df42df52 -> 68253dfa0eb4aed4fa93ce3f7dfd78d3
  custom:scripting/monoscript/fileName/SelectHole.cs: 331dc98cef43e5c9a3f6963fcc1bfe76 -> 30a46f79959cc819958849feeb1c5941
  custom:scripting/monoscript/fileName/PlyExporter.cs: bf5494e3645f49425628ca78199ab31d -> 387fdb165aa0453aa97982c13d7544ba
  custom:scripting/monoscript/fileName/SelectionPickerSettings.cs: 2d19355ddaebe622fb966ebf4e2a7407 -> 4abbf7aee3c44abab686a289f1fa4626
  custom:scripting/monoscript/fileName/ConformFaceNormals.cs: 05b09c7c65b09cbd069b7d54a7757b98 -> 70ae96991aefdfb4e1066374faf96754
  custom:scripting/monoscript/fileName/TMP_SpriteGlyphPropertyDrawer.cs: 1447c7afab82cf56bc359d5c7fba114e -> 4a6f1515709a40d92e24c84ec92fc53a
  custom:scripting/monoscript/fileName/DTSweepPointComparator.cs: 797b86f3c76f8674cd07c1b4091aebb1 -> 22d3ddb7fd4121b94809f8679e66fd07
  custom:scripting/monoscript/fileName/ProBuilderSnapping.cs: 299be986ce6dd2a383c58b87f56cf5bc -> 085a40d43e316416e1479fb555081379
  custom:scripting/monoscript/fileName/FixedArray3.cs: 90647cc400823b41df847a6cbfc29026 -> 8f6297df34271fdb1ce2d9607ec6261d
  custom:scripting/monoscript/fileName/TMP_Asset.cs: 7e95c8d89188057bea8fc9569c9aa309 -> dcedda1866ab6edcf1af2d4525512628
  custom:scripting/monoscript/fileName/MenuItems.cs: 36e8964894b4a740a9cbe85327eddbf8 -> 4497504db5d8eca795d2ad25eee9f798
  custom:audio-encoder-webm-vorbis: bf7c407c2cedff20999df2af8eb42d56 -> 
  custom:scripting/monoscript/fileName/TriangulationConstraint.cs: 02158ed4aeb2e0540be606ebedcd9aa5 -> 0faaf851a99afd5bae9e2ff752a2f938
  custom:scripting/monoscript/fileName/TMP_SpriteAssetMenu.cs: 05ea7b84320d1b77a6d1ae49c41ee9cc -> a42d2dc20ed9558b36972dc6e6d71655
  custom:scripting/monoscript/fileName/TMP_TextUtilities.cs: aab2855e68416a0a1f2f8904059662aa -> f68f97869f24792bf3a3694d69de955c
  custom:scripting/monoscript/fileName/ShapeFactory.cs: 0502fb9700fa7e8a16f4ae24254c8fb0 -> af4823c77fbc7658ddf7f8bb8aaf4480
  custom:scripting/monoscript/fileName/DTSweepEdgeEvent.cs: 0fd87cf929642b86af7d774c6fbe71c0 -> a2b304ddcb79e5db61493e9a786f471b
  custom:scripting/monoscript/fileName/ProGridsInterface.cs: 495262c8bdcccdf28a7c22cd60c9f4e7 -> 0aad9e6f8f7158b54237f57ec21d125a
  custom:scripting/monoscript/fileName/TMP_Dropdown.cs: ecea2f8babcb40d207d2e73158251f60 -> 39f6048c754db30f2da2ea32254db16b
  custom:scripting/monoscript/fileName/TMP_BaseShaderGUI.cs: 25118693f24c47c8a4b530b8bff26574 -> 2c2d4519754bb0c1dd0a107014b7ac8a
  custom:scripting/monoscript/fileName/MenuToolToggle.cs: 2abf8abff0704256700f4bae8074325c -> 510f254c215fa427f0124a42916b8aa8
  custom:scripting/monoscript/fileName/Cone.cs: 3ac9bedd6ed3a29bf5087d05f2c8a2a9 -> dc0d616f2196b303120236acb63076f9
  custom:scripting/monoscript/fileName/HierarchyListener.cs: df959326ae23895096fc25ce5eee65bb -> 419707e5338fd8411ffb999da97ad7a2
  custom:scripting/monoscript/fileName/MeshUtility.cs: 012ece355ae629d1c430517d97b8d6e4 -> 7a57f12791c9c801d83899c7f242fcbf
  custom:scripting/monoscript/fileName/TMP_ColorGradient.cs: 8d91c7c4749088eca69648d37a965bf8 -> 3baf9c6d3c50fc594e68e0c756eb8779
  custom:scripting/monoscript/fileName/SelectRing.cs: 6912c38cf645b01b143799d78cd61ef1 -> 86c04fa9b69f49e0a33986421184d6b0
  custom:scripting/monoscript/fileName/EntityUtility.cs: b021dbc0e14e8512304615a12fc46603 -> 9c2a19c8387d47c96fe3a7ec65b3ba2d
  custom:scripting/monoscript/fileName/Model.cs: 9856304bdbd2e76ecd815f3a6141f1cd -> 5f28c5444af8a33503cdc094930b5ed8
  custom:scripting/monoscript/fileName/TMP_CharacterInfo.cs: c840ce0b0aa6c1faafb27b3b884b2328 -> d2593478681404ce2cbd40e4e2f8a6d3
  custom:scripting/monoscript/fileName/TMP_ColorGradientEditor.cs: ed654c9d45026a5f71e6e9535130c15f -> 187fe88a4e95285275d1781f1da14d92
  custom:scripting/monoscript/fileName/CutToolToggle.cs: 552b76f8f489d420018d2bc016dee384 -> 991af3b2d5ecfe4a755a89c4427d29f1
  custom:scripting/monoscript/fileName/TMP_PreBuildProcessor.cs: 790c12dcd4980aa978fd28fb6f89fb37 -> d965cd4513e689cb01c0481012a89dee
  custom:scripting/monoscript/fileName/SubdivideEdges.cs: ea38859c9b60817b797cd0bc73fe7421 -> 51e662486f2ec78c887428bce9cc9b15
  custom:scripting/monoscript/fileName/EditorToolbarMenuItems.cs: 46058aaf6133ec8b6c96241a03c62a3a -> 060ec5f828cd41cc516ff59a79b3a9cb
  custom:scripting/monoscript/fileName/EntityVisibility.cs: 813cb3e764ffc83643f0aca9bfa0af07 -> 46fa3d1b1d698960648bd66414062d91
  custom:scripting/monoscript/fileName/NearestNeighbourList.cs: 0cdf409b5aa8d4c25876d72b5c6a3b60 -> a53f96815da50de15010b1c479bc70cf
  custom:scripting/monoscript/fileName/ExportAsset.cs: 64ea3c10f23669e99308cf5709607fe7 -> 13711cfc5906744546bb775cbefb2410
  custom:scripting/monoscript/fileName/TMP_SpriteAssetImporter.cs: 675c97d72afe988872a20f51812f7cdf -> 06875a6ac5102e58811218e1c5dd33ca
  custom:scripting/monoscript/fileName/AssetId.cs: 72051ac5858b603f67e79ad23943c39b -> a1ea614044a0829b1144b92d44d7bdbc
  custom:scripting/monoscript/fileName/ProbuilderMoveTool.cs: 0bc95615dcf63b5cbaf368eee6b40041 -> 0d4afed4ce21a6d48fd4739c49092194
  custom:scripting/monoscript/fileName/Lightmapping.cs: 729d5176389c7d55a1cea260e00908f3 -> b6f4ed35c1cea0f87578bf70c4ae8962
  custom:scripting/monoscript/fileName/TriangulationDebugContext.cs: 87fbe3212c108a097e48e0b9075b23af -> becd153078a4add97a1ccdeef8966064
  custom:scripting/monoscript/fileName/SharedVertex.cs: 9680b52997af34358e173ceeda08f072 -> 5102ddb8d2e8a0a19e58a9e9f4bc9380
  custom:scripting/monoscript/fileName/TMP_SerializedPropertyHolder.cs: 99e5dbc1fa1abe750acc8166e4243be8 -> 9860586610cb3d91ae7f4ce33ab22d0b
  custom:scripting/monoscript/fileName/CutTool.cs: e6300f07efa58b123cc9c4077043e15d -> 3a8150d779215dd32fb1063fed27d140
  custom:scripting/monoscript/fileName/RaycastHit.cs: 9675f1dd2c2a246ff2b48ea6c764f6ab -> e6010eda614e0c2e9143a1b5e5ca7a3e
  custom:scripting/monoscript/fileName/MenuActionShortcutAttribute.cs: 8ee1e1f0f987fedec31fbb0f30bf1447 -> 1f77266708d4eb2e88b379ea95d28a89
  custom:scripting/monoscript/fileName/MenuOption.cs: ec547da010b1f775387dac0d6dfc2379 -> 707688870f14f2a3b47b84564d682116
  custom:scripting/monoscript/fileName/ToggleDragRectMode.cs: a6f38316b8f4d3d28669b3b66d64c405 -> b3081d16943219892565319791527824
  custom:scripting/monoscript/fileName/Normals.cs: 2fceabbe4457a8c2cd17103527fc3999 -> 854a9db6009ce4e4e1a5a6a1429ae3a9
  custom:scripting/monoscript/fileName/TMP_SpriteAssetEditor.cs: 8a42af05e85c0eed4128787976375b45 -> 7dcaf47692799a91aa4e5cd439bc54d0
  custom:scripting/monoscript/fileName/TMP_ListPool.cs: 90647cc400823b41df847a6cbfc29026 -> 8f6297df34271fdb1ce2d9607ec6261d
  custom:scripting/monoscript/fileName/ShapeState_InitShape.cs: ecc7de96dd0c9d79cb24f533500a9905 -> 2fa1a3b73afeeeee81eae401c7606511
  custom:scripting/monoscript/fileName/TMP_SpriteCharacterPropertyDrawer.cs: 14565b4e4f9266584dc3194fd967d252 -> 63186d320ccdf4dfa06fbce4e897d3f3
  custom:scripting/monoscript/fileName/SplitVertices.cs: 30ce1208e3cd3ede28dd939c947c561b -> 618078c7e88b5acc189bcd729695f46c
  custom:scripting/monoscript/fileName/EditorGUILayout.cs: af6b60ff05c0a0b5e8b12b58eeee0a3d -> 36777319bd90832c88f578235414dff5
  custom:scripting/monoscript/fileName/ActionResult.cs: 878c00c54fb54c01804190a9d0655ed4 -> 0d60f69bc5e2fca2ac443cde22d11e3e
  custom:scripting/monoscript/fileName/ToggleHandleOrientation.cs: ff423b63e0ebde3f2c92755b6b7ee322 -> 71c78fd74ab7b833d0e267e5c3711105
  custom:scripting/monoscript/fileName/EditorSnapping.cs: df92563ba70f0b4fd00aaa62e5c8ce20 -> 4a87eff127e8d7fbb8723dbf79961300
  custom:scripting/monoscript/fileName/Polygon.cs: 5ac035759c9f8a76e3cbcd97006ade55 -> 4745c5bc7736972bec4ed0e009b03670
  custom:scripting/monoscript/fileName/TMP_BitmapShaderGUI.cs: 2ce3ac811452d1d6d82e565157cac3e2 -> ef806c32b355e8831ed4eb3f5e3400ff
  custom:scripting/monoscript/fileName/MaterialPalette.cs: 6eec2d59c4da6a8a8bfa6297b1bcc8a2 -> 4f05212f130961d08f1275198f3775b2
  custom:scripting/monoscript/fileName/TMP_ColorGradientAssetMenu.cs: 83563be632f8167fcdca7878d36901f9 -> 79ee3689ecabb3de162f43faa3b27adc
  custom:scripting/monoscript/fileName/KdTree.cs: fa1071bf87824d896f817aa60401970b -> a7ae47651017042dc98f27ecf5bc804b
  custom:scripting/monoscript/fileName/UndoUtility.cs: 01e71ce5a533c75551e0a685057d1f5a -> 699a87849619a15bc7d40c3f03f5d21a
  custom:scripting/monoscript/fileName/BevelEdges.cs: 900660c27c5ca8704eace46fcb229e08 -> 64819a0d909bce6850d147d97c08eb3b
  custom:scripting/monoscript/fileName/TextureScaleTool.cs: ada73f928df57eed2635e39d4b904480 -> e8fef69b6ba33a1320f4edf24d19eafa
  custom:scripting/monoscript/fileName/Normal.cs: 8aabbd74ea5a1bafd9f9f458ee31f0ea -> 4565256c89908ad68384ccab8dde842c
  custom:scripting/monoscript/fileName/MaterialReferenceManager.cs: c970e86594a0f568cbda548f2d4462c1 -> eaedc912311d98c6b58e199f6250c848
  custom:scripting/monoscript/fileName/DropdownOptionListDrawer.cs: 4362475bc384312c771d88865ee2f40d -> 342ee3f9c806e60b189c02609042c492
  custom:scripting/monoscript/fileName/WingedEdge.cs: 4d875b987a0abf3c39f7fbca07295966 -> ece2c29cf92323892f2f676ae0ab5f8e
  custom:scripting/monoscript/fileName/PolygonPoint.cs: 5deffe9741b5d71ba54cbaa302167698 -> 175ce7411af6a4d40df44407895d65c7
  custom:scripting/monoscript/fileName/TMP_Character.cs: 015720458ea991fbf07357eae19532db -> 2bff3626198e4d2228876f1e687078e0
  custom:scripting/monoscript/fileName/SelectEdgeLoop.cs: 2335c8d843b8886988200cdd4d6db849 -> c8e14bb119a739eacf384c2ee94cfa4f
  custom:scripting/monoscript/fileName/DimensionsEditor.cs: ec4125bca3b24bfc179b302c1fca5bf2 -> b091bdfa64b173b75503f27592f41570
  custom:scripting/monoscript/fileName/PointGenerator.cs: a1aa7e0803f517e32a9376a405ccf247 -> b0e9595f95e2dc5a9cba5384c6c111d4
  custom:scripting/monoscript/fileName/MeshDebugTool.cs: 37611c9d109cb7f09200abdfa0dae3d7 -> a132f077546caca746258de594424fa7
  custom:scripting/monoscript/fileName/OpenUVEditor.cs: cb3d61ee3cb3d622ab4668fb4c46395b -> b3e0347f921eaa1aed80e7d94dbad98e
  custom:scripting/monoscript/fileName/Pref.cs: 90647cc400823b41df847a6cbfc29026 -> 8f6297df34271fdb1ce2d9607ec6261d
  custom:scripting/monoscript/fileName/ITextPreProcessor.cs: a7aa94de5d5bfce2bdd74516315faaf2 -> 28ed6b2ca482997555fb0291bd20c40d
  custom:scripting/monoscript/fileName/SelectionPicker.cs: 0497fef85e2b96a812879276bdcae9cf -> c921a310dd07cf55e480e808cffb67df
  custom:scripting/monoscript/fileName/ExtrudeEdges.cs: ddb56ecccd06d064cce30e8ec94c3a24 -> 19e260fff6c055728a0721c6c286ef57
  custom:scripting/monoscript/fileName/TypeMath.cs: 90647cc400823b41df847a6cbfc29026 -> 8f6297df34271fdb1ce2d9607ec6261d
  custom:scripting/monoscript/fileName/Torus.cs: 80ba092579159f0ee10eed09283f5118 -> 5f68a512dd3143e54e2414447c81ccce
  custom:scripting/monoscript/fileName/DeleteFaces.cs: 6b563d42d9e83bc675dc19702c968415 -> e1be94c0b7147b4ca322ce14b5886538
  custom:scripting/monoscript/fileName/TMP_GlyphPropertyDrawer.cs: 56b500a16a5c8f635a7bfdd702279864 -> 75006bca208b32d4fc4710404c538acf
  custom:scripting/monoscript/fileName/ProBuilderMeshEditor.cs: 409e7369087b8f191734315fac6dc594 -> ba7cea26e2ee054ce54afeda55e2acbf
  custom:scripting/monoscript/fileName/MainToolbar.cs: 162e661b90bc0601e328b0d9c9a85d04 -> 79e78de572e97d829048a28a265ce89f
  custom:scripting/monoscript/fileName/TMP_SubMesh.cs: 9fd75270af40187985e5c14cc85ebe42 -> ff760a824537d48706351b95c8d4be21
  custom:framework-osx-AVFoundation: e770b220cccbd017edd2c1fefb359320 -> 
  custom:scripting/monoscript/fileName/NewShapeToggle.cs: 5f15e27392c39392c01d85b37192a28d -> 22e82395ce6e7dd83b0ee49932a6239e
  custom:scripting/monoscript/fileName/ConformObjectNormals.cs: ea6076ebe43da4b8ba6bcf8b94771359 -> 4237fecfa7cb9083988c803cf9294e58
  custom:scripting/monoscript/fileName/EditorGUIUtility.cs: 6cbafc8575de9d68c30b4fb135d63bfe -> f3bd9b8b5b6ca69dd3a4b5b66ce54864
  custom:scripting/monoscript/fileName/PolyShapeEditor.cs: fe3b7706705ed3c4dd84e573dcfcf6ed -> 2a86b654592bc26e694909cf5af65305
  custom:scripting/monoscript/fileName/InsertEdgeLoop.cs: 79633fa178da92a5c6294668ef444484 -> 2ae8d1c474b26256ab945d0d24356ef4
  custom:scripting/monoscript/fileName/TMP_SpriteGlyph.cs: cb4cdca5a4c6415e4f27ee5280164c41 -> 52a9bbe662618c4a5697bdefcba63d59
  custom:scripting/monoscript/fileName/SetCollider.cs: eae49933455a2c9b95713257135e4d8f -> cc3abb7dddeab450901f477ce95c40d0
  custom:scripting/monoscript/fileName/VertexManipulationToolSettings.cs: c46b46378b08a08e84560f649870b305 -> 98d6d07bac1309b24551406f82682144
  custom:scripting/monoscript/fileName/TMP_CharacterPropertyDrawer.cs: ddc6f8909fdac3de9238e9b86e411c3e -> 0fc1d1caf2f580e74b2224e6797250e4
  custom:scripting/monoscript/fileName/BezierShape.cs: b5801eb32f53d6731ef1dbd52394d0d7 -> 492afc0ee5d42c626ea1b854fe143d38
  custom:scripting/monoscript/fileName/EditorSceneViewPicker.cs: 13df4fde3106db2f1cf39c7820e34ef1 -> eb67d7fdef944856bd1331ac0db3e899
  custom:scripting/monoscript/fileName/QuadUtility.cs: f80c36f8b1183a738f2c4f7fa2ab27d9 -> adb8691cdbca3794813626448d418031
  custom:scripting/monoscript/fileName/Changelog.cs: 796ad3f3a5d8532b75e1fde95ea4a6fe -> 1122e49c3fdebdba4214b6f13d0abe53
  custom:scripting/monoscript/fileName/TMPro_EditorShaderUtilities.cs: f4cbef9348a73d49f1efb8d10ff07bf0 -> 1203fb3feabf58cb81d888055364f838
  custom:scripting/monoscript/fileName/TMP_FontAssetEditor.cs: e359b61135381f6b1d7b8c7e97a930f3 -> ff94a59ea0ba0aa81aa8a7f307f2efd3
  custom:scripting/monoscript/fileName/pb_Stl_Importer.cs: d65407d7fe02c27f450e320f523317a6 -> ce59d2e546360b5ddadc9d3acb103aaf
  custom:scripting/monoscript/fileName/KdTreeNode.cs: 90647cc400823b41df847a6cbfc29026 -> 8f6297df34271fdb1ce2d9607ec6261d
  custom:scripting/monoscript/fileName/AdvancingFrontNode.cs: 03e5d4b9222c4095e8449306398434f5 -> be7e972b9ebcf3f33ade1e8d7b8fe2a2
  custom:scripting/monoscript/fileName/InternalMeshUtility.cs: 47e64566b64f31667f3ecd22aea855bd -> 0de5a64e33f4d323f20840f87d91eac0
  custom:scripting/monoscript/fileName/TMP_FontAsset_CreationMenu.cs: 1c5caeb31a0df734411a201aca87cb03 -> 18345b423cea91a35f20f73f48aee7e1
  custom:scripting/monoscript/fileName/ITypeMath.cs: 90647cc400823b41df847a6cbfc29026 -> 8f6297df34271fdb1ce2d9607ec6261d
  custom:scripting/monoscript/fileName/ProBuilderize.cs: 006fb89e624c26dbea4b2af78139477c -> b6e77a89ac28a6cbd8f1723f941fdb1b
  custom:scripting/monoscript/fileName/ToggleXRay.cs: 2beaa89293af925965c361a628716eab -> 66d092c0bea39a1303fa5c233fd26486
  custom:scripting/monoscript/fileName/PolyShape.cs: 68d98358b4f6d4a567396bfd2d8fb6a8 -> b90e7a66031592bbe404809c789b99dc
  custom:scripting/monoscript/fileName/pb_ObjectArray.cs: 23d64ec5390756f20b8935c6d27ae727 -> d439f54f1103ffdcf066b930ef0ed002
  custom:scripting/monoscript/fileName/Subdivision.cs: 2d3ed2728b5e862f0b20dccff60f596a -> 4214f7e3c186352799919f680c300ab9
  custom:scripting/monoscript/fileName/ProGridsIgnoreSnap.cs: a6e9a46f7d1ca1bca90f5934e2b8f31e -> 17b54a171d61eb9640a0177ff9a66582
  custom:scripting/monoscript/fileName/TMP_CoroutineTween.cs: 76849b8d6d4ce499ad8ffee762e4a4af -> d4d869f6662b40274a62453f83c8a425
  custom:scripting/monoscript/fileName/SelectFaceLoop.cs: 41e1c4627a230cc32925e760a4ea1602 -> 2fb1c9710c6290c12316023624118d04
  custom:scripting/monoscript/fileName/ColliderBehaviour.cs: facc1ae2f42419fa1146003334c8bf66 -> d451213d21d47b74c407263f33a03ef8
  custom:scripting/monoscript/fileName/DeleteElements.cs: 4c13bc6aa328361166e449ea1ebb36f9 -> cf9b14012964b37f66698ee9c47500c7
  custom:scripting/monoscript/fileName/LicenseEditor.cs: 63763a27e13858a79a8d582236d3aff4 -> ee245f6e173f0d7c8e571bfc7220c407
  custom:scripting/monoscript/fileName/TMP_ScrollbarEventHandler.cs: c015e39b5a3f1a14518ce039f30e10af -> 55de10d862075cd935d8381c309f39e0
  custom:scripting/monoscript/fileName/GlyphMetricsPropertyDrawer.cs: 438b07e6eae795dab04c32f51ac4e752 -> dd0833870bcea17556e6d67c750c6ffc
  custom:scripting/monoscript/fileName/SelectPathFaces.cs: 80c6b565b5df1b6163de14f2f5623788 -> 956e5d9a52c910e4b588c354acd25c57
  custom:scripting/monoscript/fileName/Triangulation.cs: 09054241e6b66b6bff40ad35686c73c1 -> 1e8fcc43754c28019feda244e426966f
  custom:scripting/monoscript/fileName/TMP_ObjectPool.cs: 90647cc400823b41df847a6cbfc29026 -> 8f6297df34271fdb1ce2d9607ec6261d
  custom:scripting/monoscript/fileName/Node.cs: 291859575cb9c6e25dde80dbcd31fe5f -> 8234dc34b4b50e44a11739a21fc7dbb0
  custom:scripting/monoscript/fileName/EditorMaterialUtility.cs: b048d9073a287734afa3e8a672786fb9 -> 84a70b59d1d63e712f67e813ba36d7ae
  custom:scripting/monoscript/fileName/MergeFaces.cs: f0a7123f95ff8b6d8a9b42653a9c0700 -> 478bd082b921878c0faa5fbd914f4623
  custom:scripting/monoscript/fileName/OpenVertexPositionEditor.cs: 8383d3bdff3fd2a102f368cd27c823e5 -> 1c2587ac934db4dcbc17554a467f1939
  custom:scripting/monoscript/fileName/TMP_SpriteAnimator.cs: bf3a797c3a059d3698e93e0031d7f11c -> 126f1482d1430ed8648c2a6d8d693c6d
  custom:scripting/monoscript/fileName/Door.cs: 01c9614e23978f328b71d053948f991a -> cebbdc7207e599ec2335d015d5c88709
  custom:scripting/monoscript/fileName/TMP_FontAssetUtilities.cs: 5b7a9bc9c5c56e3cb5ccc808a2bdd9e4 -> d84a52975d941e769af4ae15b3aaa211
  custom:scripting/monoscript/fileName/VertexEditing.cs: cb46c69b687fb75b59e3367415afaff1 -> 48fa141f1142ca37a0a888ca67e8ef34
  custom:scripting/monoscript/fileName/CombineMeshes.cs: a9ce7a0bc7639b0c1010471275dc600c -> e57faaa9d1f04fee988363e931293786
  custom:scripting/monoscript/fileName/ShapeState.cs: 3749e2c667cecc0f702ff706b018e886 -> e988bef49163d375955329bc9ae0456e
  custom:scripting/monoscript/fileName/PolygonGenerator.cs: 2aafe12f9c6b9da7c8245101147d5dd8 -> fa18afe7d5bd64c8cff6760ef14f2100
  custom:scripting/monoscript/fileName/BezierSplineEditor.cs: 3ad6df2b7420af9029add9cd3b037737 -> f5eedf610dd8f3757db29bab55565da5
  custom:scripting/monoscript/fileName/SelectLoop.cs: 03ac0ad9679c503b1c8b7fe6c371f29c -> 5d42efd8d6620a332d218c45d18a3cd9
  custom:scripting/monoscript/fileName/AutoUnwrapSettings.cs: 505c9e8ec7abeb42e5de8a57e4ff3803 -> 015a471b4dbdaa33489c4d36328c3beb
  custom:scripting/monoscript/fileName/PriorityQueue.cs: 0cdf409b5aa8d4c25876d72b5c6a3b60 -> a53f96815da50de15010b1c479bc70cf
  custom:scripting/monoscript/fileName/MaterialEditor.cs: f530beda68d4162ffebd1ab086eac73e -> acdbf38b336001cc3e985cb342226383
  custom:scripting/monoscript/fileName/Sphere.cs: fc1a890637c16d42bea0288fac0d32cf -> c1a44c6d944741157e928ad0402333e8
  custom:container-muxer-webm: aa71ff27fc2769a1b78a27578f13a17b -> 
  custom:scripting/monoscript/fileName/TMP_TextProcessingStack.cs: 6146dd1b7f9b90aa342ef9794e387c23 -> ef8795fce16f80562f220a2f8bcb6bd2
  custom:scripting/monoscript/fileName/ProBuilderToolManager.cs: b1a465d81a664e6bb35ec8ea83bc4b74 -> efac8a6290fba659fcd8fd21e95506fd
  custom:scripting/monoscript/fileName/VertexPositioning.cs: 72fdeca4b408d9862267b32f667e1074 -> 8173a895fcb8b6774e5176bb1cf53649
  custom:scripting/monoscript/fileName/MeshImporter.cs: bf784b146e3ce8404151198f5cf6434d -> c065f89f4f1bc987d93f1b4ab6189570
  custom:scripting/monoscript/fileName/MeshAndElementSelection.cs: a24a0934fd2aa12cf7e44f99f89ac69e -> ffd56092cae22dd65182d760efae6efd
  custom:scripting/monoscript/fileName/ColorPalette.cs: 1c1b41242ba5ca26499c5f401ccf2446 -> 723bc1c0e0d6b918dfcc308382ccd0a8
  custom:scripting/monoscript/fileName/Sprite.cs: feaf383831c6d8dc30fd1ee62a194252 -> 68532d2c61f6c3b62602737162a2ec1d
  custom:scripting/monoscript/fileName/VectorHash.cs: 73efb1b59aa72f6931fc7c991c4eeae6 -> 0ac05caaee9071a92351b076db254b0e
  custom:scripting/monoscript/fileName/TMP_InputValidator.cs: 5e0d679d98dae60baa87977011e0ed51 -> e99335724872b7fcd0e5352c682debe0
  custom:scripting/monoscript/fileName/ObjExporter.cs: c82ccdbcc64a076a13c2f8aab8afbc5a -> f76ea5992fc1638cd329a47af7421ff2
  custom:scripting/monoscript/fileName/VertexManipulationTool.cs: 285f01fa4b22517173c175fb8dc94e60 -> 6c9885d0c0ce7e91ada99245859b6282
  custom:scripting/monoscript/fileName/VertexUtility.cs: 052e4b725d8884d92d676e6d212b34e9 -> d0165786e6cc9eb484d7ca11d8521f29
  custom:scripting/monoscript/fileName/NewBezierShape.cs: 2b4083186ccd0d651beb42f17f850f7e -> 55ed07965ee19ea782befd50d4e70796
  custom:scripting/monoscript/fileName/TMP_DefaultControls.cs: 2673e29173eb9307fa53ee17c15332ed -> 1798ee96b3c83cf7d4cea690bb04976a
  custom:scripting/monoscript/fileName/TMP_UIStyleManager.cs: 66d96f3fa9ea14a5a6ed3f92d3bbe0f1 -> f54fffa86b286da3a3329c601ca8d03e
  custom:scripting/monoscript/fileName/FlipFaceNormals.cs: b425fafc3a8e4b16ac0ff7feea8fc66b -> 05ee004a25fc472818454f533c58d44a
  custom:scripting/monoscript/fileName/TMP_SelectionCaret.cs: d2a06fefe973175bffa10d62f788c481 -> ed141b1915a10b9c7ff9136666b54ee9
  custom:scripting/monoscript/fileName/AssetIdRemapEditor.cs: c3f34756c8a6598c4cf15f5e847bf414 -> b101c0148ed87c9402e1b92e19874e20
  custom:scripting/monoscript/fileName/EditorToolsContexts.cs: 2d17066c287657c5db318975da74e7af -> 6cd5542a801a031fe071267d10480b9d
  custom:scripting/monoscript/fileName/TriangulateObject.cs: 552194489d8ee542e612ed9b3681ec44 -> 748d938029092e3170c8c658591a67d5
  custom:scripting/monoscript/fileName/DoubleMath.cs: d3a713d6df919a256ea9b090c3b84b43 -> 14977dd02f104c4ff8b45a4a5479c978
  custom:scripting/monoscript/fileName/ProBuilderSettingsProvider.cs: 31c7f11630ae278eb11b8b1b3b44c0ad -> 13beb7e19435cf9f346fa945eea48a58
  custom:scripting/monoscript/fileName/AdvancingFront.cs: ba4e7f8c74fb24a84261ff39b2535119 -> 9f3ce40a422fb6016a318c8ee109c89b
  custom:scripting/monoscript/fileName/Version.cs: 2140673570cb0dbe2b0365f572525f99 -> f0b9c4d54aef1e586fc652cfdc620f4c
  custom:scripting/monoscript/fileName/CollapseVertices.cs: b8f4877fb9cdb02e00dd9b33b403fa7c -> dc3e1016a661dce32e47367904825a91
  custom:scripting/monoscript/fileName/ObjectPool.cs: 90647cc400823b41df847a6cbfc29026 -> 8f6297df34271fdb1ce2d9607ec6261d
========================================================================
Received Prepare
Begin MonoManager ReloadAssembly
- Loaded All Assemblies, in  0.571 seconds
Refreshing native plugins compatible for Editor in 0.09 ms, found 0 plugins.
Native extension for iOS target not found
Native extension for Android target not found
Native extension for OSXStandalone target not found
[ScriptCompilation] NOT recompiling all scripts because this is an import worker process. Reason to compile was: Define symbols changed
Mono: successfully reloaded assembly
- Finished resetting the current domain, in  1.829 seconds
Domain Reload Profiling: 2402ms
	BeginReloadAssembly (348ms)
		ExecutionOrderSort (0ms)
		DisableScriptedObjects (41ms)
		BackupInstance (0ms)
		ReleaseScriptingObjects (0ms)
		CreateAndSetChildDomain (64ms)
	RebuildCommonClasses (58ms)
	RebuildNativeTypeToScriptingClass (15ms)
	initialDomainReloadingComplete (66ms)
	LoadAllAssembliesAndSetupDomain (85ms)
		LoadAssemblies (168ms)
		RebuildTransferFunctionScriptingTraits (0ms)
		AnalyzeDomain (74ms)
			TypeCache.Refresh (45ms)
				TypeCache.ScanAssembly (37ms)
			ScanForSourceGeneratedMonoScriptInfo (20ms)
			ResolveRequiredComponents (9ms)
	FinalizeReload (1831ms)
		ReleaseScriptCaches (0ms)
		RebuildScriptCaches (0ms)
		SetupLoadedEditorAssemblies (1184ms)
			LogAssemblyErrors (0ms)
			InitializePlatformSupportModulesInManaged (158ms)
			SetLoadedEditorAssemblies (18ms)
			RefreshPlugins (0ms)
			BeforeProcessingInitializeOnLoad (112ms)
			ProcessInitializeOnLoadAttributes (797ms)
			ProcessInitializeOnLoadMethodAttributes (99ms)
			AfterProcessingInitializeOnLoad (1ms)
			EditorAssembliesLoaded (0ms)
		ExecutionOrderSort2 (0ms)
		AwakeInstancesAfterBackupRestoration (48ms)
Refreshing native plugins compatible for Editor in 0.13 ms, found 0 plugins.
Preloading 0 native plugins for Editor in 0.00 ms.
Unloading 1379 Unused Serialized files (Serialized files now loaded: 0)
Unloading 32 unused Assets / (2.5 MB). Loaded Objects now: 2417.
Memory consumption went from 195.4 MB to 192.9 MB.
Total: 3.477541 ms (FindLiveObjects: 0.139041 ms CreateObjectMapping: 0.037750 ms MarkObjects: 2.716125 ms  DeleteObjects: 0.583834 ms)

Prepare: number of updated asset objects reloaded= 0
AssetImportParameters requested are different than current active one (requested -> active):
  custom:scripting/monoscript/fileName/PreferenceKeys.cs: 971ed4aae575beb1e198c26581764982 -> c1c6958d9062b9c9c2efa7a28affa946
  custom:video-encoder-webm-vp8: eb34c28f22e8b96e1ab97ce403110664 -> 
  custom:scripting/monoscript/fileName/OpenVertexColorEditor.cs: 30ff560893ac054d11bcf5e0433eccba -> 0bde100a5e68bc6e8f047cf079c6371d
  custom:video-decoder-webm-vp8: 9c59270c3fd7afecdb556c50c9e8de78 -> 
  custom:scripting/monoscript/fileName/PackageImporter.cs: 1fe0039e0f1efd9d08d3a2da485c6f93 -> 18c4245910829c7fba0e1946a3f22d91
  custom:scripting/monoscript/fileName/TMP_FontFeatureTable.cs: cbd25d300d7ed4d969d60cb9f98f2826 -> 5ff9812058e8c02a5b04eaa88778f2a5
  custom:scripting/monoscript/fileName/TMP_FontAssetCommon.cs: 2b5f11ccf8aacaf9b5ea6564bf2b0d57 -> 4a5ab4d4426385ab38edd57c118cd485
  custom:scripting/monoscript/fileName/TMP_SDFShaderGUI.cs: 1460619486eb6e8da302e26af5538aaa -> 082588c068c6e819b94cdf417f8b7551
  custom:scripting/monoscript/fileName/TMP_RichTextTagsCommon.cs: 5462d55f8a9ad882f9a7f2d708a6978b -> d28b21b13d6cea8fa92671f9a2a1f20d
  custom:scripting/monoscript/fileName/SmoothGroupEditor.cs: 8bc2610f365dc4634fc8c31ccc969585 -> 1064d8331a913257dab4cdfc21fcec17
  custom:scripting/monoscript/fileName/TMPro_ExtensionMethods.cs: 479bffcc157b89693ffc4c2ef2374861 -> 3d34decc871f763d4c9c61f1fe0f3275
  custom:scripting/monoscript/fileName/DTSweep.cs: b489dbbdebbb3b9e956ffbc2a0d88071 -> d045108b24d44b221d8a008624fcda26
  custom:scripting/monoscript/fileName/MeshValidation.cs: 96702c51dfa78152e589ae8ca081a783 -> 04075680859bc34196ccd56358357ff4
  custom:scripting/monoscript/fileName/UVRenderOptions.cs: cbafaf027c1745bc7e47ed02d4fc6533 -> 6e1785599c7dbe3002d892a90e785a42
  custom:scripting/monoscript/fileName/WingedEdgeEnumerator.cs: adbd097edcaa08879624b3dbf9fed71f -> 599f0117cecc3a04c53adc2951c5dbe9
  custom:scripting/monoscript/fileName/EditorHandleUtility.cs: 0ac2d22f358476e1b744f1f8895e1aba -> dfe46cfb4b3329610eea1da8172ee0c1
  custom:scripting/monoscript/fileName/HyperRect.cs: 90647cc400823b41df847a6cbfc29026 -> 8f6297df34271fdb1ce2d9607ec6261d
  custom:scripting/monoscript/fileName/TooltipEditor.cs: 051c4adf0743255fa06a6508fb451a66 -> 1883cf96151e042643af8c3e5724e842
  custom:scripting/monoscript/fileName/SemVer.cs: 3cf48f4591710125c2a8f6dc6ca94475 -> 3b20103f5867598637cd086120875f18
  custom:scripting/monoscript/fileName/ColorUtility.cs: 955d148b2d9eeb72c61392d743a13c8c -> 7083431eceae2ed89152408497c8394c
  custom:scripting/monoscript/fileName/RepairActions.cs: c98caac95a1bd550b46a8909c4bd3f4b -> 5cadd7ed963fc39bb2a3786966755ca1
  custom:scripting/monoscript/fileName/FloatMath.cs: 0fe73a55cac7bdb87b1e039ac908242b -> d1d434c83c83cea2c1b3e68a52a53b59
  custom:scripting/monoscript/fileName/UvUnwrapping.cs: 6dc18e949826aea52a2968ed7b10cc47 -> f8c8948c67465d24bbe3ec0f1df0f6d3
  custom:scripting/monoscript/fileName/TMPro_EventManager.cs: 4c7492301243f935f7a463360f91d217 -> 9ebed0b1e26a8c995d644c176e696d93
  custom:scripting/monoscript/fileName/VertexPositionEditor.cs: 46d235253e54e23a363ea17144ac2a77 -> 20ce79aba53b8806cd4c2d9cb3f3ef6b
  custom:scripting/monoscript/fileName/ToggleSelectBackFaces.cs: cd800d355c36b0670ead69c584432936 -> 72f343f70eb62a43066b2f1a9721bf06
  custom:scripting/monoscript/fileName/TMP_SubMeshUI.cs: 748262c65738bc5e1c553ae7a37a0c73 -> 7a6337f74438df5e26b302bbbbc41105
  custom:scripting/monoscript/fileName/GlyphRectPropertyDrawer.cs: bdec415148eac17379112822c8814df5 -> d355023434b9b8f82f7070cb40c7c036
  custom:scripting/monoscript/fileName/ConnectElements.cs: b040b3cb3e9da34e655bb3a47bd46193 -> 176d925c658de9703fc379a239c082ea
  custom:scripting/monoscript/fileName/ShrinkSelection.cs: fe8a97f4f165a36f66e0120cfbdfd1a0 -> e24ad03152f0b3eb84e4686d997612d0
  custom:scripting/monoscript/fileName/WeldVertices.cs: 150ff8957179426a96725d6e78b916cf -> 310d946e6af6eb78ad0f4b270ab3f555
  custom:scripting/monoscript/fileName/TMPro_UGUI_Private.cs: 90647cc400823b41df847a6cbfc29026 -> 8f6297df34271fdb1ce2d9607ec6261d
  custom:scripting/monoscript/fileName/EditorStyles.cs: d933620442e94f395abad499f0a07844 -> d6cf61a3bff17f664d8f07b288899e0e
  custom:audio-decoder-ogg-vorbis: bf7c407c2cedff20999df2af8eb42d56 -> 
  custom:scripting/monoscript/fileName/IntVec4.cs: 4a457fdc2b6edfff9af20f31f74bc367 -> a3aa0bd472fa2d3b612a88ecb38ca78e
  custom:scripting/monoscript/fileName/MeshHandle.cs: 4fb552a16b062d468ef698bbde7ead52 -> f2b386582f7474a64e17e636fc0dbbcf
  custom:scripting/monoscript/fileName/Spline.cs: f8384952784bb95e08e1e29156fe4db5 -> 28e019c03606680a097c55b58115e0b3
  custom:scripting/monoscript/fileName/ShapeGenerator.cs: 8279205acb8a1e8bdcbaa5ab6a730a68 -> 559da73ab440a4cfbb6e5ee76a94db95
  custom:scripting/monoscript/fileName/VertexColorPalette.cs: e5d6bcbfe423cc4ee23c4be5f46b1637 -> 9d1376fe8abc00794faa97ecdf5c1ff7
  custom:scripting/monoscript/fileName/pb_Stl.cs: 9b07f4f149309491c5f1435ec678ae63 -> 51af4017240795884fad9c404f4e2fd7
  custom:scripting/monoscript/fileName/InternalUtility.cs: b46a4bbee8883c649a48eca82d9c5113 -> 9f2e1420b4fef97b404fe7afd5295ea8
  custom:scripting/monoscript/fileName/EditorToolbarLoader.cs: fdf9b8f64a6e826326906d3119503c10 -> 66381be3f5526c145ba9bae4850e926c
  custom:scripting/monoscript/fileName/IconUtility.cs: 45ed954b9dd197048f268e19e52aa10b -> 034630d592d662eca2e85205848a3722
  custom:scripting/monoscript/fileName/MeshHandles.cs: 9078a2010039bebdb66a21ef9e570477 -> 37075a86fc6b1c925d8ca4770dd1cbbc
  custom:scripting/monoscript/fileName/TMPro_ContextMenus.cs: 06b3d4b27f337b8d846ca7117f3251e1 -> fbbbcbf9b4eb950e9aeda2d70529152c
  custom:scripting/monoscript/fileName/DestroyListener.cs: 6be46e6f4b52a4b0718c2fb44268f9ce -> a68c3e137947b02ac2cd9c44630cb13d
  custom:scripting/monoscript/fileName/TMPro_MeshUtilities.cs: 2237d160e4d9e81a7d899dc235029cb3 -> 183dd3a7e1b70c109767dd5059a390dd
  custom:scripting/monoscript/fileName/TMP_TextInfo.cs: 9e4eb698c4c168829682cbe659418e8f -> d86eebf32f36b8febee06365f862b403
  custom:scripting/monoscript/fileName/TMP_TextElement_Legacy.cs: 6e11e173cb695b15e8cce3cd1e1cb2a7 -> 33cc86d4b4c35f95c6446ea70ef56fc4
  custom:scripting/monoscript/fileName/TMP_Compatibility.cs: 3ef1f12d3c823dd740c7c596ab076c61 -> d5209fd9c6a9aef9cccdbfb4f06bd571
  custom:scripting/monoscript/fileName/MenuAction.cs: 898ec4fe99f46e9006b47eb12b400bce -> fae602d108041252c892c7d0dbb6835e
  custom:scripting/monoscript/fileName/TextContainer.cs: 245c032a15fbc12850861c707e37b027 -> 4e3c016869303ab3136387f7870e5adb
  custom:scripting/monoscript/fileName/IntVec2.cs: 08f3ad76946da3616135c08e32f0dd9a -> 9ebed9e7543f0e4249c4d89daeef5a21
  custom:scripting/monoscript/fileName/Pipe.cs: 5ab339b2fd460f209f184462230f3149 -> 3ca54dd364f22d106e069d3639f4f8f6
  custom:scripting/monoscript/fileName/MirrorObjects.cs: 352699d4a7651efc5cce5eea885082ac -> 30fb8dc2394f76e291a51694eebc1bb7
  custom:scripting/monoscript/fileName/FaceRebuildData.cs: 84b2db0355125c47a227c7fa1701067f -> 4f4d3770d43d79d6f5c02b08c148862f
  custom:scripting/monoscript/fileName/PreferenceDictionaryEditor.cs: 9fa6284d94bac21a015ed6b0842b4204 -> 7cd89f8e58bce998ffced9b126a94783
  custom:scripting/monoscript/fileName/TextureTool.cs: 993795ee2a60353f3a850d19c84178be -> f36f558dcac1c72ba3562e4aa1c2caad
  custom:scripting/monoscript/fileName/MeshSelection.cs: 1023d69f6dc6c80d3619702d1b000c52 -> e7812b7cf0f91d037c2e98119937132a
  custom:scripting/monoscript/fileName/PolyShapeTool.cs: 7bc678380b9081ce72ddf75ffd2e71dd -> 7dfb89ede7ce1e06d6ffd4debafe5fb4
  custom:scripting/monoscript/fileName/EditorMeshUtility.cs: 07524f479fd6253ffe9cec9107fd0db3 -> d65aa916b1419290b5f7e47cb2b5d209
  custom:scripting/monoscript/fileName/PointSet.cs: 856b6b7048d351f3361fd73be98c133e -> 1cb3625d684708a48e1f619d38f3ae4d
  custom:scripting/monoscript/fileName/Plane.cs: 10495ff9b800b2afa8268aeffb6ada07 -> fdceb9c119da0a30acdabb70cd0ba29a
  custom:scripting/monoscript/fileName/BuiltinMaterials.cs: f1801187dcebf42d4c70a9f4b283cc9a -> abbf76b631504676e7b7d7a401b3619b
  custom:scripting/monoscript/fileName/HandleGUI.cs: d5e044de315c4ae729548743aabbcc7c -> afa4af5140a52f4f9ca3da5b0ac10ad6
  custom:scripting/monoscript/fileName/TMP_EditorResourceManager.cs: f56b80268a934198a76acc6f4cef503c -> 30391129c5b96f298e44c099ae0fab57
  custom:scripting/monoscript/fileName/TMPro_FontAssetCreatorWindow.cs: 0d0900483ed9b57d4ccc2ff58d1220b3 -> 9d68c1aab1c646cdf3e70083dc01df96
  custom:SearchIndexIgnoredProperties: e643bd26f0fe6173181afceb89e7c659 -> 
  custom:scripting/monoscript/fileName/Export.cs: 078559a78b86060d1b211241c5c67779 -> c50292d7ecb2991c4e7a9d81cef51859
  custom:scripting/monoscript/fileName/IHasDefault.cs: d3ac6d93a1f2a0255a9ab45bb4e61b9c -> 1e14a04e64e81d8f0d3e7c9ca86f95f4
  custom:scripting/monoscript/fileName/TriangulationPoint.cs: 32917afe2890c1499ece497286a4d04a -> 1035c919b741bdf95e2932b37bd260e4
  custom:scripting/monoscript/fileName/AutoUVEditor.cs: a2d70cd5a5b723a42dd96d8849970c6c -> 627ab62f8fdd1604c3ee48475ef9e815
  custom:scripting/monoscript/fileName/HandleConstraint2D.cs: 0be005422d79e45e5239b3f12629e4ee -> 9015774b3c0bbbdd3a4330fb8924982c
  custom:scripting/monoscript/fileName/TMP_SubMesh_Editor.cs: b381eb4c2ad4ef265088242d67c5b140 -> 6199a3bf0c204e3bdded9f5f05415a32
  custom:scripting/monoscript/fileName/TMP_Settings.cs: 68d1204aae2aa6d0a54c151b7af443e7 -> 957f1889ca66b295dca8f725cc81558d
  custom:scripting/monoscript/fileName/TMPro_SortingLayerHelper.cs: 8b86ad735987eff6a1277352e9e8d9b6 -> e3aabd077ed12370ac46dda129ef572e
  custom:scripting/monoscript/fileName/SelectionPickerRenderer.cs: ebb4947fce4540eba10b7d1df3164b8c -> 73f1e4a4a65ed18cd1e1d52a19d8d397
  custom:scripting/monoscript/fileName/Extrude.cs: 34a5e82da627ee072b8b3873fd02e1ab -> dcbaaeeec29f276dbf276d9d529d07bb
  custom:scripting/monoscript/fileName/TMP_TextElement.cs: 5dfb95666bd41ecc32948097824aba23 -> fb8354965187a75f506d9a9df85f19dd
  custom:scripting/monoscript/fileName/TMP_InputFieldEditor.cs: a6f05406e9cdb59679382b884c14216a -> 8f2095c37e5fd5ed563d60163f0c2e52
  custom:scripting/monoscript/fileName/TMP_Text.cs: 5cba61e283281e8dbf7dadaabcd638dc -> c453c9b4dcb2bfad1083e3b49dfa3983
  custom:container-demuxer-ogg: 62fdf1f143b41e24485cea50d1cbac27 -> 
  custom:scripting/monoscript/fileName/DTSweepContext.cs: 2981771f565ec1526dc5d821e460f88f -> 04c0f7cf0e165c3283113f604cd42540
  custom:scripting/monoscript/fileName/OpenMaterialEditor.cs: e48180fa4e846a1c9510af46c88df99b -> baa1f65543a2c837b5be23900001d62c
  custom:scripting/monoscript/fileName/UVEditor.cs: bb46d5bac7199bd3c17dd891460f80ff -> 72ca5bcad2be1e7fb633cba0a986444f
  custom:AudioImporter_EditorPlatform: 3918e3fc78b5a79bad01e8451be0beb8 -> 
  custom:scripting/monoscript/fileName/PreferenceDictionary.cs: 39594dd21319b14ffe21cbd90959a3a6 -> aa8b39134effb62bcf93956ec1113878
  custom:scripting/monoscript/fileName/Experimental.cs: 91e9d2d4ec28f211f51aa6b3c2d6addc -> 74044429c642e1d5383cff33699e9713
  custom:scripting/monoscript/fileName/ProbuilderScaleTool.cs: 2b819c71d43921e551cd144d387df88b -> 693ed401cdd2268a25a82a0b4d09aedb
  custom:scripting/monoscript/fileName/ReflectionUtility.cs: 4f20c90f34e7c9a0975037e76bd514e1 -> e9fbf2f99142e54c08e7ab42214b8d2e
  custom:scripting/monoscript/fileName/TriangulationContext.cs: c42f2501129644a7463ca94823659aca -> adf33f40b421fead56d5d60ed76341b6
  custom:scripting/monoscript/fileName/ElementSelection.cs: c68aacab4736cb88931cbda58954f8b2 -> 6fa56cc3b2c46b068ce001582f75bbdf
  custom:CustomObjectIndexerAttribute: 9a22284fe3817be447336de3de66b15e -> 
  custom:scripting/monoscript/fileName/TMP_SpriteAssetImportFormats.cs: 920e3140228fbd530b0080254da22d88 -> 3cc56654a2015a96112916e9636fbe6f
  custom:scripting/monoscript/fileName/TMP_StyleAssetMenu.cs: 60e7743122a0686d1131101c521adac6 -> d695e815510410a6715fa00ae5e73f57
  custom:scripting/monoscript/fileName/TriggerBehaviour.cs: 9e9b28603c1443f5d61fd91ef7ccbf86 -> 79e7a86a8530867940d5ec2db58f3ac8
  custom:scripting/monoscript/fileName/ProBuilderMeshFunction.cs: 90647cc400823b41df847a6cbfc29026 -> 8f6297df34271fdb1ce2d9607ec6261d
  custom:scripting/monoscript/fileName/TMP_MaterialManager.cs: 441d72ec3c04a8da6a351f60fff95465 -> 1382feee688fee3eebaa5e9d7b47e98d
  custom:scripting/monoscript/fileName/StripProBuilderScripts.cs: 8d1118df1b038f5729efd517ae8a88bb -> 28ed736835aaf61296e94776be7fe22f
  custom:scripting/monoscript/fileName/ConfigurableWindow.cs: c5114dc30bc9061442d90941d750ad69 -> dc908ec59e43674d94e6c44d5f6f0a04
  custom:scripting/monoscript/fileName/TextureMoveTool.cs: ce8cacc59824d8cf57a35f09c16f8711 -> 561dc27692dc87b40ac845b590590c6e
  custom:scripting/monoscript/fileName/TMP_SpriteAsset.cs: 8d06882cb45c7664f8d7c3079ee8757f -> b46309090c7f7da519ff6ef3172bd077
  custom:scripting/monoscript/fileName/TMP_TextParsingUtilities.cs: 8b3fe20641ae0dd97405135955c706a3 -> 47331f425db7fa5c443a11c866530503
  custom:scripting/monoscript/fileName/TooltipContent.cs: ebba672cca5b3ad7206f389dac2aaebf -> 59ac72fe5e43e89296b93f6ab317b8c6
  custom:scripting/monoscript/fileName/SmartConnect.cs: 8e54477dfa9d32f8770b42f4e609398c -> 7cc56315c2f7d3b4ddbfec9b55b217f6
  custom:scripting/monoscript/fileName/PreferencesUpdater.cs: 83612b3eb5c9f939088fe8899554f47b -> 9a363e698ce1b17dbc0d2d4dab7a63b9
  custom:scripting/monoscript/fileName/LightmapUVEditor.cs: 4a5ea877356561228eed906adcd3bedb -> a2aefb495142dc468618fa8a501b7aad
  custom:scripting/monoscript/fileName/ExportObj.cs: c18a1561185a459c7d8d09a4d25283a2 -> b50eb634a6665886ac462c95bd53c18a
  custom:scripting/monoscript/fileName/ProBuilderAnalytics.cs: 2cd7a59044f39493e703b05f32b66c91 -> 1c7d7c6ab5b13a09bcd39014b45b9a79
  custom:scripting/monoscript/fileName/EditorUtility.cs: 4382ba71a5fdd3efad937be52139f5f9 -> 93f1489ed0c05fd005da29cea6da0c82
  custom:scripting/monoscript/fileName/Arch.cs: b067ac6b52031bd7322d6f3511ad169c -> f1c51c8c0bcd0928d443c381b195e68f
  custom:scripting/monoscript/fileName/LogEditor.cs: 40340fd10eb0d8176aa6afc39bccbaf4 -> 5e1c92e4622e71b33b738b828fa27fb8
  custom:scripting/monoscript/fileName/FlipObjectNormals.cs: 5609faa163c9a11dab9cd43e902b823c -> fb2365562ddc0eea3f4f6e4b9288df3f
  custom:scripting/monoscript/fileName/PositionTool.cs: 2fd18bf8664a011c4421990ba96d6342 -> 5e734435a39761992fa026a9b9d7a18c
  custom:scripting/monoscript/fileName/Edge.cs: 057c878f971a98ac6fecd89263127db8 -> 6e8d0d5fb0fb548cecca33c0fd183e9e
  custom:scripting/monoscript/fileName/BezierPoint.cs: 34833cc72fdb3a48f1f4d008cbd59fdb -> 7525997013ed3923f7017a1f8bd43327
  custom:scripting/monoscript/fileName/TMPro_TexturePostProcessor.cs: 0750ad2b775120fa59f760172dc340ad -> d21743efde4e74198703a65b965619ea
  custom:scripting/monoscript/fileName/TMP_ResourcesManager.cs: 64252a073d41e9c6f4e95b5f68ac966c -> 0d972ba50c38c5b25fe15fb0c61ada2b
  custom:scripting/monoscript/fileName/Smoothing.cs: 330a1dd6217f1894b6d80984c74f9c02 -> a5f43ca51675d12c056752c71c91493e
  custom:scripting/monoscript/fileName/TMP_PostBuildProcessHandler.cs: c69b388004562ecb0f789fc3759d9651 -> 728d00fd9070cbfe6d8df45c08e57305
  custom:scripting/monoscript/fileName/ProBuilderShapeEditor.cs: e9de23e6a3e5ceebe7af47bb766a8898 -> 889928ab8d4165b46609eb6bf1b9947d
  custom:scripting/monoscript/fileName/Projection.cs: ed09dc3fa75f6d964258c142443c8e2f -> a99aca606acb7395e9583f20da6bb81a
  custom:scripting/monoscript/fileName/ConnectVertices.cs: 8257d8a693dec45e625c35a99914af6f -> 9f1e5d145cdb3ffd0765deedcb2d98bf
  custom:scripting/monoscript/fileName/TMP_DropdownEditor.cs: 2d907ee76ef876797c15186180266847 -> 6df138b51e278f9c93bd4976e96aa952
  custom:scripting/monoscript/fileName/EntityBehaviour.cs: 7a0182fad58e8b86f5d1052d96507e02 -> 7020f30221d5fc623dfd25c0afe538c2
  custom:scripting/monoscript/fileName/MergeElements.cs: c9b3400349305ddcd54accbdabf30f58 -> c200d1c9feef6a7cfad8fbd59745c8c0
  custom:scripting/monoscript/fileName/EdgeUtility.cs: 1a660714836b36f59bcd2ddafecfe565 -> d5d024e13a2c772fede5968a2a84bad1
  custom:scripting/monoscript/fileName/SelectionUtility.cs: 92d2eece3ee87ab27a4e71ba6256b756 -> 62672b6b7b9f66de36e9019b7ab61216
  custom:scripting/monoscript/fileName/ToolbarGroup.cs: 61877aef40bf12b94f4563196b114281 -> b3446a3ba7dbd0117ea9f39ef820f9d1
  custom:scripting/monoscript/fileName/Entity.cs: 46f49b609c478dd10de66061000fec95 -> 2a45643cd0ab11f7a87a1756acaf27c8
  custom:scripting/monoscript/fileName/ProBuilderEditor.cs: 2dba96b7748ca8a4b559fcb455a58b78 -> cb8336c5ae1ba4e4350b3a477f3a84f5
  custom:scripting/monoscript/fileName/TMP_PackageResourceImporter.cs: 949b6e7fa2132b400d5c4aaf9c34421a -> 5335f4ee7041812300af31a777e4f584
  custom:scripting/monoscript/fileName/EditorHandleDrawingScopes.cs: fa69dc0aae38f933c4768b1a381f6f16 -> 6e49124636030e26c07fc62951b3fc99
  custom:scripting/monoscript/fileName/ScriptingSymbolManager.cs: 9f4ebf1856d93cebe044158f23b01e0b -> c441cb9442058a8009c4677e535a8f5a
  custom:scripting/monoscript/fileName/MaterialUtility.cs: 39fc2b5fdbf10826d74b00a710dbbd4b -> 88cf4fbb88e3f1204571500ff4ff9e45
  custom:scripting/monoscript/fileName/TMP_EditorCoroutine.cs: 04cbf5ce6e541d98265aa7668ef82832 -> 01d80099920d11c11bfa87417e26164b
  custom:scripting/monoscript/fileName/MeshTransform.cs: 558feaf5ce4456f3514221266af9489f -> cef0215a2fecd1c2d2cbab8f5227f824
  custom:scripting/monoscript/fileName/DelaunayTriangle.cs: 908235f5d5e291f50089ca6a8bdf4c13 -> a054c1ee7cb04c097e8ceb96652dcdfb
  custom:scripting/monoscript/fileName/ExportStlAscii.cs: 9a4dfdfba98097a3c691a44b59f67ad6 -> 0202a109a87d532de90cb92c017792ca
  custom:scripting/monoscript/fileName/Submesh.cs: 51f2a9e71cf380288c6159863c8c6958 -> 3b9f33e18b686f2ef961a1460f1ca761
  custom:scripting/monoscript/fileName/CenterPivot.cs: 0540fa0c3bb9c7b452e63f89e313456c -> 770b513b1417a468a49e0612e0dc1780
  custom:scripting/monoscript/fileName/OffsetElements.cs: 112aeff604960ea9032670cfb4a87fc1 -> 458cc781ffeffd7206e0b1c130f2eec5
  custom:scripting/monoscript/fileName/VectorMask.cs: f37b197a0f2e7d76768feac2551f97f2 -> ba27e7ec933b2076546dcfdaaa788a30
  custom:scripting/monoscript/fileName/FixedBitArray3.cs: bc9279bedd3a6bc1feb5645d9911ddcf -> 19581a695ccc746fb3b7e7dd64fdf8bb
  custom:scripting/monoscript/fileName/AppendElements.cs: 48197571f7c160b8c47e348465caee55 -> 486d83c701ebf06e31569da6a2aa2a61
  custom:scripting/monoscript/fileName/SubdivideObject.cs: 15529496d16d945ce564dd73b9f022cf -> d85411130466895ad74cddf2f8961b2a
  custom:scripting/monoscript/fileName/TMP_Style.cs: ecc9948baa78373f3076151d1a0642d9 -> 22d5739edd705d10f980250dcfd7fde0
  custom:scripting/monoscript/fileName/ConnectEdges.cs: 8f686a7fff4566a6aa5be848bd67c552 -> ae65098df42811e49cbc9fbdf9c8945d
  custom:scripting/monoscript/fileName/BridgeEdges.cs: 7b3cbd3298c1cacf3fd10a2c13fb2858 -> 10bad4efb9bf2e63956f391bb2c8b8ed
  custom:scripting/monoscript/fileName/IKdTree.cs: 90647cc400823b41df847a6cbfc29026 -> 8f6297df34271fdb1ce2d9607ec6261d
  custom:scripting/monoscript/fileName/ExportPly.cs: 570e49f6204b40b7c2281c056489e701 -> 53679ea737f5b1dfa36f8666443d6fb4
  custom:scripting/monoscript/fileName/ToggleDragSelectionMode.cs: 6a922485a12d7e52256776f0adc1d3b0 -> 717210f7999935796e1f0c5e4d460495
  custom:scripting/monoscript/fileName/CSG.cs: fddebc96510ce08c125abace9d05eafd -> 2dc6a8dbd39bdcb649b4c2d3b5a6989d
  custom:scripting/monoscript/fileName/GrowSelection.cs: de1d66ff5d47fd9485b62f0576610afb -> 1bca638cbdbda9d68e37eef4443b3cb8
  custom:scripting/monoscript/fileName/SmartSubdivide.cs: e83627bb1da7bd1a9a208feb135dee35 -> cfdafb8092010961486f401c21290682
  custom:scripting/monoscript/fileName/TMP_StyleSheetEditor.cs: 38b210a450ac855df2d81ab0242c2feb -> b6503d890746d6150e0f267f43ce60e4
  custom:scripting/monoscript/fileName/EdgeLookup.cs: 1933ab40224290e9191c61e11eab2868 -> c9997fabb8a6c934a062de5df942cb8b
  custom:scripting/monoscript/fileName/SelectSmoothingGroup.cs: e7adc037d5343729fde59c2f041f72e6 -> 77ca64551fca402d7ced40d23a45fbac
  custom:scripting/monoscript/fileName/TriangulateFaces.cs: 7d58267eca67ed800671b3fe1771472b -> 7384e16273c0b0cb8589d3e983ff177a
  custom:scripting/monoscript/fileName/OpenSmoothingEditor.cs: b7bfcfe69a934092c115177d09b130dc -> 560aef3f7be06bb4ace9e3ef06de1679
  custom:scripting/monoscript/fileName/SetPivotToSelection.cs: 0a4f1a088a797c04c53d4f4d7ec66668 -> 4b1632cacf89ec92f9fec662bcb33ec8
  custom:scripting/monoscript/fileName/ProBuilderEditorShortcuts.cs: 2e87be32c8a93b1377e99b0795a6bb9d -> 449f66bb9fa7cf61c5b8fa043ae0c50c
  custom:scripting/monoscript/fileName/pb_Stl_Exporter.cs: a0bbf115d527a544930104c2dcebd300 -> fc035555d13973baa50218da209917b1
  custom:scripting/monoscript/fileName/HandleUtility.cs: 3a2b940ef1063bb7ed90d70b8e902cf5 -> 91f1544f408469553ae7951802376dc7
  custom:scripting/monoscript/fileName/TMP_EditorPanelUI.cs: 0c3fb43855adf1da22258c211d01a47d -> 6242af713a75147e6e5820bfce936424
  custom:container-demuxer-webm: 4f35f7cbe854078d1ac9338744f61a02 -> 
  custom:scripting/monoscript/fileName/IPriorityQueue.cs: 90647cc400823b41df847a6cbfc29026 -> 8f6297df34271fdb1ce2d9607ec6261d
  custom:scripting/monoscript/fileName/TMP_FontAsset.cs: 6c1db4680a96f294cf0af87a0b8099aa -> 52c81438acb65fa444fe26964ef0345b
  custom:scripting/monoscript/fileName/SurfaceTopology.cs: 9526d30cd2f928b0eb81e56b5d034cc7 -> fcacf53dc1a9d80c141f45da4ad5cacb
  custom:scripting/monoscript/fileName/ProBuilderMenuActionAttribute.cs: 3674968d5ee67384faaf101c9d3dcda8 -> aa21e1cb340b4d66624ab269efca064a
  custom:scripting/monoscript/fileName/EntityEditor.cs: a91f91f5e306a57ac3e888e91213305d -> 479bbcdafdc8895866e190aa1e4ed7ae
  custom:scripting/monoscript/fileName/SimpleTuple.cs: 0cdf409b5aa8d4c25876d72b5c6a3b60 -> a53f96815da50de15010b1c479bc70cf
  custom:scripting/monoscript/fileName/SetTrigger.cs: 286b69f4327b4c46524ba1c15eb198ce -> f7f341239430639cef5ba11846355a7a
  custom:scripting/monoscript/fileName/IntVec3.cs: 2c04041d253e07e499b1153625966a9e -> 8e91de7bd5c399115a08ccab7da9cd25
  custom:scripting/monoscript/fileName/DrawShapeTool.cs: ac1712ae32bc97f8f4f25c7ab7b85183 -> 087ba03db22cf2aea364f3b020b8922b
  custom:scripting/monoscript/fileName/TMP_SubMeshUI_Editor.cs: 119a633ce37cc27ac209988b5de61d96 -> 765ce633a5bfada7c5afc51aed8631bb
  custom:scripting/monoscript/fileName/Vertex.cs: c33a8579f06fb5ec710638da284dce30 -> 3fc3fd0e61353ff6b176457a8fd399b5
  custom:scripting/monoscript/fileName/Triangle.cs: 38f2dea2cbf63a10d865b3c93a929d93 -> d0562d63fecbf5188e24fde2e83ce680
  custom:scripting/monoscript/fileName/DTSweepBasin.cs: 245db94975c479306e3cbdfe84d22fb1 -> 96c7d9fe46864bb8d255e7f6e122a693
  custom:scripting/monoscript/fileName/Bevel.cs: cda4b6394b0873a5b8e8df0dce506d92 -> 8dbd493457fbbaa6f0a8eafd7c8dcc46
  custom:scripting/monoscript/fileName/DetachFaces.cs: cf9073f1266f2923b20679a1bde3c8c0 -> 94dd7702b69703198ce1c3c7aa68e223
  custom:scripting/monoscript/fileName/ShapeState_DrawHeightShape.cs: bf3d191b58aaab9e01024402c1802b6e -> 2464cba411c66ffea21889b6bb1a9e5b
  custom:scripting/monoscript/fileName/P2T.cs: 0aa69cc22c33e17e24d809b0c56993bc -> 5311fa65ea4de3c842913b51a3672a69
  custom:scripting/monoscript/fileName/OpenLightmapUVEditor.cs: 1e75a505fb05c16310e33b72465177ef -> f4a58c1b2bf684de0477f3ca649636c6
  custom:scripting/monoscript/fileName/ProBuilderSettings.cs: 44e160cbb89a8c9e895fdc5e21b659ba -> 5a96b8b1ccf6640321034b1f4527c6d9
  custom:scripting/monoscript/fileName/GenerateUV2.cs: 7e9f55032cd43909a50ad3d71fd47174 -> fa8c5f708ed1b733fb4e35d385baccf2
  custom:scripting/monoscript/fileName/Shape.cs: 0c1bd185dc308e7f1b0ad86de0300f5a -> b68a5dc625e9be120706720fea43f4b9
  custom:scripting/monoscript/fileName/TMP_BaseEditorPanel.cs: f4b9967705e7bb57152fef4117417ba7 -> bf7c6aff8663a36814779dfe47e82e00
  custom:scripting/monoscript/fileName/Transform2D.cs: 99c230faf7d8b1d82d86bcfe0bdd121e -> 8d8b4790312f50d85e5b76972af21da4
  custom:scripting/monoscript/fileName/MergeObjects.cs: 11f6d640a9d3c77be19a9d5930aa559d -> 4a98045f4cd14250333a534475d04874
  custom:scripting/monoscript/fileName/EditShapeTool.cs: 5e5caa4d0c9b3b31aa98622a360a986a -> edf2bf13d6fce430418380467ef7d6cd
  custom:scripting/monoscript/fileName/TMP_InputField.cs: f7712ab842984f124274656d749eca3d -> 8fed3480abb5543168012b207b39349b
  custom:scripting/monoscript/fileName/TransformUtility.cs: d73c91a7d4fba2846cb7f791384de39e -> f8a825729175a8eb807be414b7783c28
  custom:scripting/monoscript/fileName/ShapeState_DrawBaseShape.cs: e0d5b8da05d52dbfb8f12dcc42366618 -> 343d5e9d83baac5a65a94a52293c2ebf
  custom:scripting/monoscript/fileName/TMP_Sprite.cs: 0ee3c386846aa132dd254421fac18cd1 -> e9945527ea1584af23f8f41ce4b844b4
  custom:scripting/monoscript/fileName/EditorHandleDrawing.cs: e4a253013e923fc5e2a42116f3e9cb52 -> c0b6f35562a3c493b8272c548242aa12
  custom:scripting/monoscript/fileName/UnwrapParametersEditor.cs: ad2871f345be52d0cf9added22b9bbb9 -> 46c6178a4fd4477a754acf75893976c4
  custom:scripting/monoscript/fileName/Cylinder.cs: c1df0163afb2da9cb82c7acacf1ed730 -> 67c389358d4360f5810186f579b884ba
  custom:scripting/monoscript/fileName/Math.cs: 4765fe41cdb59756d6a6579184fc0ff8 -> 810421a6066b39d78a9ffd9f3991df48
  custom:scripting/monoscript/fileName/SelectionPickerRendererStandard.cs: e1a12a27c7781421a618a7721df48c68 -> 8743fb0efc136665a8cc090eb2b971c3
  custom:scripting/monoscript/fileName/UVEditing.cs: 282cce0694f10e0de5a3bd7509995bd0 -> d95c0ab26b17358202fc0975ff46e659
  custom:scripting/monoscript/fileName/TMP_ResourcesLoader.cs: 6f1f07799f3cfe795f955033c27f98ed -> f71e35ced40721d6906e578fb6e7f0e9
  custom:scripting/monoscript/fileName/Log.cs: 2f3b85a20367d6d99e3a14c7ae399267 -> ef974d1e30c85abd7256cecbc60a1fbc
  custom:scripting/monoscript/fileName/TMP_StyleSheet.cs: de73099b6bd4b9281c92feedf1315618 -> b6deb5f646a1f5ad7b696d32618ba797
  custom:scripting/monoscript/fileName/TMPro_Private.cs: 90647cc400823b41df847a6cbfc29026 -> 8f6297df34271fdb1ce2d9607ec6261d
  custom:scripting/monoscript/fileName/TMP_MeshInfo.cs: 89833651f7d905e51b340ec2afe531d1 -> 375ed9fada55d6bf39f9352ef1dd520b
  custom:scripting/monoscript/fileName/TMP_SpriteCharacter.cs: 81dc73ff0878d6528202f8be44877b26 -> fe232bb280dddc880a01918d3502c13a
  custom:scripting/monoscript/fileName/SceneDragAndDropListener.cs: 07a111f362d027d85d45bdb7a902f14e -> 7eedb350c997b79189715bec5609131a
  custom:scripting/monoscript/fileName/PolygonSet.cs: 1d5b94bd81a36884686c2f6dc3640c06 -> d3555720d371c4592c80ff65e5b1085e
  custom:scripting/monoscript/fileName/DTSweepDebugContext.cs: 6ac3331923d1210cbd6f306a6bc3e3c2 -> 48402eb94f889eead1a14f20ba973022
  custom:scripting/monoscript/fileName/EditorShapeUtility.cs: b01457005654bb980604fba5d004d802 -> c452951f22509d3851777ee5927b7553
  custom:scripting/monoscript/fileName/Cube.cs: adf8d58792eaf50687787b68f170b6d6 -> 5a04a3344fd366715c4f1ec6471bd7b1
  custom:scripting/monoscript/fileName/Clipping.cs: 1741f8440a6254efcb95789a09be4e6a -> cb4ee0c14739aef486e76b64df8452f3
  custom:scripting/monoscript/fileName/TMP_ShaderUtilities.cs: 84a261643983e306d02445da38ed662f -> 75ec062faab558cb3190dcd3e4820547
  custom:scripting/monoscript/fileName/TMP_SettingsEditor.cs: 56bf06371df7e13c5b8cc88becb89a4d -> aa2b5eadaadb4b54b49cd650a2246119
  custom:scripting/monoscript/fileName/ShapeMenuItems.cs: 5f7ac6f810ef27e38f22b209ac1fc203 -> ae71d417fb6ad9ee80562655da47e069
  custom:scripting/monoscript/fileName/TMP_UpdateRegistery.cs: 1f23864d29c3a03d22aa9b00a337cf78 -> 62691e6bdb107984e7d826316a6498e1
  custom:scripting/monoscript/fileName/TMP_PackageUtilities.cs: 89e6e95503dd36070edf73e7aaab4557 -> 029634ff6f667ebc9454d70fde4def50
  custom:scripting/monoscript/fileName/TextureRotateTool.cs: c2d0baad66e4308f6143c552f0536843 -> de64360b3418b9277960231417fd3632
  custom:scripting/monoscript/fileName/SubdivideFaces.cs: 9109bab35f1c932e6b2935ab1452a120 -> 2f575da67016e5b8df89dad1b65d5a8f
  custom:scripting/monoscript/fileName/ProBuilderMeshSelection.cs: 90647cc400823b41df847a6cbfc29026 -> 8f6297df34271fdb1ce2d9607ec6261d
  custom:scripting/monoscript/fileName/Face.cs: a341fcdb31a7309723bdeb224f913433 -> 6b59248edf20736fe649e807e73c44a1
  custom:scripting/monoscript/fileName/FastAction.cs: dfbe75b66b645b53472915ad2590af11 -> 94d6ead813247e604740a116c5fa92db
  custom:scripting/monoscript/fileName/TMPro_TextContainerEditor.cs: b2fbc5db24221a870c4de162a712cbfe -> a97aca5bcf1b2486a0f60b2c7a935c42
  custom:scripting/monoscript/fileName/TextureStitching.cs: 282cce0694f10e0de5a3bd7509995bd0 -> d95c0ab26b17358202fc0975ff46e659
  custom:scripting/monoscript/fileName/ArrayUtility.cs: 1a4a57b6fbdf126f88c3fded2fdb776b -> 1c0723927a1dea4084aafa27e0babf3e
  custom:scripting/monoscript/fileName/ProBuilderMeshPreview.cs: 2c7c631c64eeea962429990f92666a51 -> d0230fea5a4d87373ad48ccae09a5956
  custom:scripting/monoscript/fileName/SelectEdgeRing.cs: a765561d8bccdd9a6baf3be3ef9ae6db -> 27dd4e73df0c1e8d2b1c164c1934d4ce
  custom:scripting/monoscript/fileName/FileUtility.cs: 71e69a0dda932652b4750f9f3d825114 -> 2961bba77c56c2a7229c3afaf4d78e44
  custom:scripting/monoscript/fileName/ContextClickManipulator.cs: 551ac0135cff9eba4bc63f242fd17841 -> 00a2ed4616fd5b136c16062206b02a4a
  custom:scripting/monoscript/fileName/ProbuilderRotateTool.cs: 46e8d522aca3344981cffc698ba16ada -> dfae9ba6f205547711d4eb1051f4780b
  custom:scripting/monoscript/fileName/Stairs.cs: 172b180c42a148fadf6415c52210a729 -> e254dec4f733abbd87258b46868d5452
  custom:scripting/monoscript/fileName/ProBuilderShape.cs: 3618f60e8d988cd8a0d66f0d060fd11a -> 4b94d05e947c45e53fde635ac0ebc2cf
  custom:scripting/monoscript/fileName/UnwrapParameters.cs: 644d0ce037708f9b6663416e490c0d59 -> 4d960715ecef383b56d2951e9c9da8c2
  custom:scripting/monoscript/fileName/DTSweepConstraint.cs: d620e55901dd883c92623a89c42030d5 -> 59c05bd289d9bce59258a29a158ea47e
  custom:scripting/monoscript/fileName/FillHole.cs: 49c97a483d8d6d36ce8ef90c74d4a79f -> aaa6fe80b3a68244078a7567ada0e365
  custom:scripting/monoscript/fileName/Prism.cs: c53bfe8cdbfb08eaf3dbf8c35a208bd4 -> 5f904ea39c8c32d25068cda89e69a200
  custom:scripting/monoscript/fileName/TMP_GlyphPairAdjustmentRecordPropertyDrawer.cs: 1a07941369755af9e0a102a45e9058c5 -> 6f07d27e8ea91e29d6bd5f39dd8deb23
  custom:scripting/monoscript/fileName/NewPolyShapeToggle.cs: 8acdd5cdcb7ee88e0e50b5931573fb4b -> bad7bfc867c0bf962133efa0f79b1273
  custom:scripting/monoscript/fileName/ExportStlBinary.cs: 5c64685a83bd5cbedf78a40252f3b12d -> dd8e10d762f32598ab0e1122ef48e9d4
  custom:scripting/monoscript/fileName/FlipFaceEdge.cs: f530ea0a74860a23981eb940ef68b251 -> fb9aa292368cc4ed51a43e9289ea2cfd
  custom:scripting/monoscript/fileName/FreezeTransform.cs: e675172267d870c70773e18ea0e1e250 -> 1599ad6ba59967d6e4db33cdd9b238e2
  custom:scripting/monoscript/fileName/ExtrudeElements.cs: 4c7ec400f4d4c6eaeb8b42dd1d2a747d -> 806117c07177fd070bb6a8f15afbe267
  custom:scripting/monoscript/fileName/TMP_FontFeaturesCommon.cs: 7d1db71d73353e7dd97f094c509882fa -> 89ff6ee76bb6f84827488d597e70ea5a
  custom:scripting/monoscript/fileName/TMP_LineInfo.cs: bb529d63c9723788bd7143f27cd69eaf -> 22ff02e7762110d3cc1f4bc096ea014d
  custom:scripting/monoscript/fileName/PreferencesInternal.cs: bfcfc9829daeeacc6e112df0986f85a6 -> 530b66421d3187fea0f2ff7b5a72657e
  custom:scripting/monoscript/fileName/VersionValidator.cs: bbb65e8a50d52b88a89cdeafda2af2f0 -> aee62f3e1b7975d116f5ff369b76465b
  custom:scripting/monoscript/fileName/UvAutoManualConversion.cs: 762f54589cdc906e3e1c04a57cf8ef9a -> 00828e5b9f8d412532156fb92532052a
  custom:scripting/monoscript/fileName/SelectVertexColor.cs: 7f0acb641efa7529c84cdbc924192168 -> 2865361f5d53aa2680c91d8c32a970a4
  custom:scripting/monoscript/fileName/ITriangulatable.cs: 5f8974429dff74ed7b6ecd00071f21a9 -> e9a73ba7369908268727333b921f0a74
  custom:scripting/monoscript/fileName/SelectFaceRing.cs: 3c7218fc27e261315951073ae7a7ef33 -> f5d0b1fb65552736125cad06744f8320
  custom:scripting/monoscript/fileName/Bounds2D.cs: 16ca90bc5c32dbbd92a84501f2c2743d -> 4ee9454de9a8cc8ab3a847168e9e1f47
  custom:scripting/monoscript/fileName/ExtrudeFaces.cs: 8da1d7548a755d4f7bfa6a3ad702beef -> afb8e77f6f04c56f7c5998b35b8192ec
  custom:video-decoder-ogg-theora: a1e56fd34408186e4bbccfd4996cb3dc -> 
  custom:scripting/monoscript/fileName/ConstrainedPointSet.cs: c9342aea7930c4ca55cd85acb4b82d33 -> 47771b5cd16d7a2fb324358db317755a
  custom:scripting/monoscript/fileName/TMP_UpdateManager.cs: fa7e71df671c5b3088b39753e4bbc70d -> 2b12c9b6d4082e0390a306eceed60fc6
  custom:scripting/monoscript/fileName/PointOnEdgeException.cs: 9e0012c09b9fee63c09ec06c54fbb87d -> 111622b5fd1bfc13cefcbb1aba3b389a
  custom:scripting/monoscript/fileName/DuplicateFaces.cs: 5ac5a69e6f038f9fa1492c8090a28996 -> fcd403cc51417d4fabdcff556d863805
  custom:scripting/monoscript/fileName/UnityScenePostProcessor.cs: 3af372e3e8128a470ce2c75685918c73 -> 355f8337335879c63d848a50cdab2946
  custom:scripting/monoscript/fileName/AssetTreeView.cs: f69e053f44c2ceb1d31b6346bdecf246 -> 2e85c4f99419cdb4a1518e9dc0b1f7e0
  custom:scripting/monoscript/fileName/TMP_TextAlignmentDrawer.cs: 011b7908ef5eb5e9dea532c77e85c538 -> ad15f73780bb9949f148eddcc3c3fbf7
  custom:scripting/monoscript/fileName/TMP_EditorPanel.cs: 0631f68be4ca0623bf3e313ec9becbc9 -> 0bd13db7cdfa07805bfadd631c0ddba8
  custom:scripting/monoscript/fileName/IHasPreferences.cs: a5f85efc1fefea988fce750a73fadae7 -> 1ad5ed8c1aa8e49fd9ef61122c0c14c9
  custom:scripting/monoscript/fileName/TriangulationUtil.cs: f18a7fb009b05f02616bafd07fbae553 -> 9c34fd675f82fec84d9e1a93c81ec48d
  custom:scripting/monoscript/fileName/SelectionPickerRendererHDRP.cs: e1a12a27c7781421a618a7721df48c68 -> 8743fb0efc136665a8cc090eb2b971c3
  custom:scripting/monoscript/fileName/TMP_EditorUtility.cs: b242106620cbbc38f0411146a086b885 -> f68b71b7543cddf9e4cdf261d5f519e5
  custom:scripting/monoscript/fileName/TMPro_CreateObjectMenu.cs: ddee59388caa7a56693342f3a805d427 -> e9e63aff764c7e7fd08e66f87103df4d
  custom:scripting/monoscript/fileName/SelectMaterial.cs: 9a86428319d18f00e00cf559df42df52 -> 68253dfa0eb4aed4fa93ce3f7dfd78d3
  custom:scripting/monoscript/fileName/SelectHole.cs: 331dc98cef43e5c9a3f6963fcc1bfe76 -> 30a46f79959cc819958849feeb1c5941
  custom:scripting/monoscript/fileName/PlyExporter.cs: bf5494e3645f49425628ca78199ab31d -> 387fdb165aa0453aa97982c13d7544ba
  custom:scripting/monoscript/fileName/SelectionPickerSettings.cs: 2d19355ddaebe622fb966ebf4e2a7407 -> 4abbf7aee3c44abab686a289f1fa4626
  custom:scripting/monoscript/fileName/ConformFaceNormals.cs: 05b09c7c65b09cbd069b7d54a7757b98 -> 70ae96991aefdfb4e1066374faf96754
  custom:scripting/monoscript/fileName/TMP_SpriteGlyphPropertyDrawer.cs: 1447c7afab82cf56bc359d5c7fba114e -> 4a6f1515709a40d92e24c84ec92fc53a
  custom:scripting/monoscript/fileName/DTSweepPointComparator.cs: 797b86f3c76f8674cd07c1b4091aebb1 -> 22d3ddb7fd4121b94809f8679e66fd07
  custom:scripting/monoscript/fileName/ProBuilderSnapping.cs: 299be986ce6dd2a383c58b87f56cf5bc -> 085a40d43e316416e1479fb555081379
  custom:scripting/monoscript/fileName/FixedArray3.cs: 90647cc400823b41df847a6cbfc29026 -> 8f6297df34271fdb1ce2d9607ec6261d
  custom:scripting/monoscript/fileName/TMP_Asset.cs: 7e95c8d89188057bea8fc9569c9aa309 -> dcedda1866ab6edcf1af2d4525512628
  custom:scripting/monoscript/fileName/MenuItems.cs: 36e8964894b4a740a9cbe85327eddbf8 -> 4497504db5d8eca795d2ad25eee9f798
  custom:audio-encoder-webm-vorbis: bf7c407c2cedff20999df2af8eb42d56 -> 
  custom:scripting/monoscript/fileName/TriangulationConstraint.cs: 02158ed4aeb2e0540be606ebedcd9aa5 -> 0faaf851a99afd5bae9e2ff752a2f938
  custom:scripting/monoscript/fileName/TMP_SpriteAssetMenu.cs: 05ea7b84320d1b77a6d1ae49c41ee9cc -> a42d2dc20ed9558b36972dc6e6d71655
  custom:scripting/monoscript/fileName/TMP_TextUtilities.cs: aab2855e68416a0a1f2f8904059662aa -> f68f97869f24792bf3a3694d69de955c
  custom:scripting/monoscript/fileName/ShapeFactory.cs: 0502fb9700fa7e8a16f4ae24254c8fb0 -> af4823c77fbc7658ddf7f8bb8aaf4480
  custom:scripting/monoscript/fileName/DTSweepEdgeEvent.cs: 0fd87cf929642b86af7d774c6fbe71c0 -> a2b304ddcb79e5db61493e9a786f471b
  custom:scripting/monoscript/fileName/ProGridsInterface.cs: 495262c8bdcccdf28a7c22cd60c9f4e7 -> 0aad9e6f8f7158b54237f57ec21d125a
  custom:scripting/monoscript/fileName/TMP_Dropdown.cs: ecea2f8babcb40d207d2e73158251f60 -> 39f6048c754db30f2da2ea32254db16b
  custom:scripting/monoscript/fileName/TMP_BaseShaderGUI.cs: 25118693f24c47c8a4b530b8bff26574 -> 2c2d4519754bb0c1dd0a107014b7ac8a
  custom:scripting/monoscript/fileName/MenuToolToggle.cs: 2abf8abff0704256700f4bae8074325c -> 510f254c215fa427f0124a42916b8aa8
  custom:scripting/monoscript/fileName/Cone.cs: 3ac9bedd6ed3a29bf5087d05f2c8a2a9 -> dc0d616f2196b303120236acb63076f9
  custom:scripting/monoscript/fileName/HierarchyListener.cs: df959326ae23895096fc25ce5eee65bb -> 419707e5338fd8411ffb999da97ad7a2
  custom:scripting/monoscript/fileName/MeshUtility.cs: 012ece355ae629d1c430517d97b8d6e4 -> 7a57f12791c9c801d83899c7f242fcbf
  custom:scripting/monoscript/fileName/TMP_ColorGradient.cs: 8d91c7c4749088eca69648d37a965bf8 -> 3baf9c6d3c50fc594e68e0c756eb8779
  custom:scripting/monoscript/fileName/SelectRing.cs: 6912c38cf645b01b143799d78cd61ef1 -> 86c04fa9b69f49e0a33986421184d6b0
  custom:scripting/monoscript/fileName/EntityUtility.cs: b021dbc0e14e8512304615a12fc46603 -> 9c2a19c8387d47c96fe3a7ec65b3ba2d
  custom:scripting/monoscript/fileName/Model.cs: 9856304bdbd2e76ecd815f3a6141f1cd -> 5f28c5444af8a33503cdc094930b5ed8
  custom:scripting/monoscript/fileName/TMP_CharacterInfo.cs: c840ce0b0aa6c1faafb27b3b884b2328 -> d2593478681404ce2cbd40e4e2f8a6d3
  custom:scripting/monoscript/fileName/TMP_ColorGradientEditor.cs: ed654c9d45026a5f71e6e9535130c15f -> 187fe88a4e95285275d1781f1da14d92
  custom:scripting/monoscript/fileName/CutToolToggle.cs: 552b76f8f489d420018d2bc016dee384 -> 991af3b2d5ecfe4a755a89c4427d29f1
  custom:scripting/monoscript/fileName/TMP_PreBuildProcessor.cs: 790c12dcd4980aa978fd28fb6f89fb37 -> d965cd4513e689cb01c0481012a89dee
  custom:scripting/monoscript/fileName/SubdivideEdges.cs: ea38859c9b60817b797cd0bc73fe7421 -> 51e662486f2ec78c887428bce9cc9b15
  custom:scripting/monoscript/fileName/EditorToolbarMenuItems.cs: 46058aaf6133ec8b6c96241a03c62a3a -> 060ec5f828cd41cc516ff59a79b3a9cb
  custom:scripting/monoscript/fileName/EntityVisibility.cs: 813cb3e764ffc83643f0aca9bfa0af07 -> 46fa3d1b1d698960648bd66414062d91
  custom:scripting/monoscript/fileName/NearestNeighbourList.cs: 0cdf409b5aa8d4c25876d72b5c6a3b60 -> a53f96815da50de15010b1c479bc70cf
  custom:scripting/monoscript/fileName/ExportAsset.cs: 64ea3c10f23669e99308cf5709607fe7 -> 13711cfc5906744546bb775cbefb2410
  custom:scripting/monoscript/fileName/TMP_SpriteAssetImporter.cs: 675c97d72afe988872a20f51812f7cdf -> 06875a6ac5102e58811218e1c5dd33ca
  custom:scripting/monoscript/fileName/AssetId.cs: 72051ac5858b603f67e79ad23943c39b -> a1ea614044a0829b1144b92d44d7bdbc
  custom:scripting/monoscript/fileName/ProbuilderMoveTool.cs: 0bc95615dcf63b5cbaf368eee6b40041 -> 0d4afed4ce21a6d48fd4739c49092194
  custom:scripting/monoscript/fileName/Lightmapping.cs: 729d5176389c7d55a1cea260e00908f3 -> b6f4ed35c1cea0f87578bf70c4ae8962
  custom:scripting/monoscript/fileName/TriangulationDebugContext.cs: 87fbe3212c108a097e48e0b9075b23af -> becd153078a4add97a1ccdeef8966064
  custom:scripting/monoscript/fileName/SharedVertex.cs: 9680b52997af34358e173ceeda08f072 -> 5102ddb8d2e8a0a19e58a9e9f4bc9380
  custom:scripting/monoscript/fileName/TMP_SerializedPropertyHolder.cs: 99e5dbc1fa1abe750acc8166e4243be8 -> 9860586610cb3d91ae7f4ce33ab22d0b
  custom:scripting/monoscript/fileName/CutTool.cs: e6300f07efa58b123cc9c4077043e15d -> 3a8150d779215dd32fb1063fed27d140
  custom:scripting/monoscript/fileName/RaycastHit.cs: 9675f1dd2c2a246ff2b48ea6c764f6ab -> e6010eda614e0c2e9143a1b5e5ca7a3e
  custom:scripting/monoscript/fileName/MenuActionShortcutAttribute.cs: 8ee1e1f0f987fedec31fbb0f30bf1447 -> 1f77266708d4eb2e88b379ea95d28a89
  custom:scripting/monoscript/fileName/MenuOption.cs: ec547da010b1f775387dac0d6dfc2379 -> 707688870f14f2a3b47b84564d682116
  custom:scripting/monoscript/fileName/ToggleDragRectMode.cs: a6f38316b8f4d3d28669b3b66d64c405 -> b3081d16943219892565319791527824
  custom:scripting/monoscript/fileName/Normals.cs: 2fceabbe4457a8c2cd17103527fc3999 -> 854a9db6009ce4e4e1a5a6a1429ae3a9
  custom:scripting/monoscript/fileName/TMP_SpriteAssetEditor.cs: 8a42af05e85c0eed4128787976375b45 -> 7dcaf47692799a91aa4e5cd439bc54d0
  custom:scripting/monoscript/fileName/TMP_ListPool.cs: 90647cc400823b41df847a6cbfc29026 -> 8f6297df34271fdb1ce2d9607ec6261d
  custom:scripting/monoscript/fileName/ShapeState_InitShape.cs: ecc7de96dd0c9d79cb24f533500a9905 -> 2fa1a3b73afeeeee81eae401c7606511
  custom:scripting/monoscript/fileName/TMP_SpriteCharacterPropertyDrawer.cs: 14565b4e4f9266584dc3194fd967d252 -> 63186d320ccdf4dfa06fbce4e897d3f3
  custom:scripting/monoscript/fileName/SplitVertices.cs: 30ce1208e3cd3ede28dd939c947c561b -> 618078c7e88b5acc189bcd729695f46c
  custom:scripting/monoscript/fileName/EditorGUILayout.cs: af6b60ff05c0a0b5e8b12b58eeee0a3d -> 36777319bd90832c88f578235414dff5
  custom:scripting/monoscript/fileName/ActionResult.cs: 878c00c54fb54c01804190a9d0655ed4 -> 0d60f69bc5e2fca2ac443cde22d11e3e
  custom:scripting/monoscript/fileName/ToggleHandleOrientation.cs: ff423b63e0ebde3f2c92755b6b7ee322 -> 71c78fd74ab7b833d0e267e5c3711105
  custom:scripting/monoscript/fileName/EditorSnapping.cs: df92563ba70f0b4fd00aaa62e5c8ce20 -> 4a87eff127e8d7fbb8723dbf79961300
  custom:scripting/monoscript/fileName/Polygon.cs: 5ac035759c9f8a76e3cbcd97006ade55 -> 4745c5bc7736972bec4ed0e009b03670
  custom:scripting/monoscript/fileName/TMP_BitmapShaderGUI.cs: 2ce3ac811452d1d6d82e565157cac3e2 -> ef806c32b355e8831ed4eb3f5e3400ff
  custom:scripting/monoscript/fileName/MaterialPalette.cs: 6eec2d59c4da6a8a8bfa6297b1bcc8a2 -> 4f05212f130961d08f1275198f3775b2
  custom:scripting/monoscript/fileName/TMP_ColorGradientAssetMenu.cs: 83563be632f8167fcdca7878d36901f9 -> 79ee3689ecabb3de162f43faa3b27adc
  custom:scripting/monoscript/fileName/KdTree.cs: fa1071bf87824d896f817aa60401970b -> a7ae47651017042dc98f27ecf5bc804b
  custom:scripting/monoscript/fileName/UndoUtility.cs: 01e71ce5a533c75551e0a685057d1f5a -> 699a87849619a15bc7d40c3f03f5d21a
  custom:scripting/monoscript/fileName/BevelEdges.cs: 900660c27c5ca8704eace46fcb229e08 -> 64819a0d909bce6850d147d97c08eb3b
  custom:scripting/monoscript/fileName/TextureScaleTool.cs: ada73f928df57eed2635e39d4b904480 -> e8fef69b6ba33a1320f4edf24d19eafa
  custom:scripting/monoscript/fileName/Normal.cs: 8aabbd74ea5a1bafd9f9f458ee31f0ea -> 4565256c89908ad68384ccab8dde842c
  custom:scripting/monoscript/fileName/MaterialReferenceManager.cs: c970e86594a0f568cbda548f2d4462c1 -> eaedc912311d98c6b58e199f6250c848
  custom:scripting/monoscript/fileName/DropdownOptionListDrawer.cs: 4362475bc384312c771d88865ee2f40d -> 342ee3f9c806e60b189c02609042c492
  custom:scripting/monoscript/fileName/WingedEdge.cs: 4d875b987a0abf3c39f7fbca07295966 -> ece2c29cf92323892f2f676ae0ab5f8e
  custom:scripting/monoscript/fileName/PolygonPoint.cs: 5deffe9741b5d71ba54cbaa302167698 -> 175ce7411af6a4d40df44407895d65c7
  custom:scripting/monoscript/fileName/TMP_Character.cs: 015720458ea991fbf07357eae19532db -> 2bff3626198e4d2228876f1e687078e0
  custom:scripting/monoscript/fileName/SelectEdgeLoop.cs: 2335c8d843b8886988200cdd4d6db849 -> c8e14bb119a739eacf384c2ee94cfa4f
  custom:scripting/monoscript/fileName/DimensionsEditor.cs: ec4125bca3b24bfc179b302c1fca5bf2 -> b091bdfa64b173b75503f27592f41570
  custom:scripting/monoscript/fileName/PointGenerator.cs: a1aa7e0803f517e32a9376a405ccf247 -> b0e9595f95e2dc5a9cba5384c6c111d4
  custom:scripting/monoscript/fileName/MeshDebugTool.cs: 37611c9d109cb7f09200abdfa0dae3d7 -> a132f077546caca746258de594424fa7
  custom:scripting/monoscript/fileName/OpenUVEditor.cs: cb3d61ee3cb3d622ab4668fb4c46395b -> b3e0347f921eaa1aed80e7d94dbad98e
  custom:scripting/monoscript/fileName/Pref.cs: 90647cc400823b41df847a6cbfc29026 -> 8f6297df34271fdb1ce2d9607ec6261d
  custom:scripting/monoscript/fileName/ITextPreProcessor.cs: a7aa94de5d5bfce2bdd74516315faaf2 -> 28ed6b2ca482997555fb0291bd20c40d
  custom:scripting/monoscript/fileName/SelectionPicker.cs: 0497fef85e2b96a812879276bdcae9cf -> c921a310dd07cf55e480e808cffb67df
  custom:scripting/monoscript/fileName/ExtrudeEdges.cs: ddb56ecccd06d064cce30e8ec94c3a24 -> 19e260fff6c055728a0721c6c286ef57
  custom:scripting/monoscript/fileName/TypeMath.cs: 90647cc400823b41df847a6cbfc29026 -> 8f6297df34271fdb1ce2d9607ec6261d
  custom:scripting/monoscript/fileName/Torus.cs: 80ba092579159f0ee10eed09283f5118 -> 5f68a512dd3143e54e2414447c81ccce
  custom:scripting/monoscript/fileName/DeleteFaces.cs: 6b563d42d9e83bc675dc19702c968415 -> e1be94c0b7147b4ca322ce14b5886538
  custom:scripting/monoscript/fileName/TMP_GlyphPropertyDrawer.cs: 56b500a16a5c8f635a7bfdd702279864 -> 75006bca208b32d4fc4710404c538acf
  custom:scripting/monoscript/fileName/ProBuilderMeshEditor.cs: 409e7369087b8f191734315fac6dc594 -> ba7cea26e2ee054ce54afeda55e2acbf
  custom:scripting/monoscript/fileName/MainToolbar.cs: 162e661b90bc0601e328b0d9c9a85d04 -> 79e78de572e97d829048a28a265ce89f
  custom:scripting/monoscript/fileName/TMP_SubMesh.cs: 9fd75270af40187985e5c14cc85ebe42 -> ff760a824537d48706351b95c8d4be21
  custom:framework-osx-AVFoundation: e770b220cccbd017edd2c1fefb359320 -> 
  custom:scripting/monoscript/fileName/NewShapeToggle.cs: 5f15e27392c39392c01d85b37192a28d -> 22e82395ce6e7dd83b0ee49932a6239e
  custom:scripting/monoscript/fileName/ConformObjectNormals.cs: ea6076ebe43da4b8ba6bcf8b94771359 -> 4237fecfa7cb9083988c803cf9294e58
  custom:scripting/monoscript/fileName/EditorGUIUtility.cs: 6cbafc8575de9d68c30b4fb135d63bfe -> f3bd9b8b5b6ca69dd3a4b5b66ce54864
  custom:scripting/monoscript/fileName/PolyShapeEditor.cs: fe3b7706705ed3c4dd84e573dcfcf6ed -> 2a86b654592bc26e694909cf5af65305
  custom:scripting/monoscript/fileName/InsertEdgeLoop.cs: 79633fa178da92a5c6294668ef444484 -> 2ae8d1c474b26256ab945d0d24356ef4
  custom:scripting/monoscript/fileName/TMP_SpriteGlyph.cs: cb4cdca5a4c6415e4f27ee5280164c41 -> 52a9bbe662618c4a5697bdefcba63d59
  custom:scripting/monoscript/fileName/SetCollider.cs: eae49933455a2c9b95713257135e4d8f -> cc3abb7dddeab450901f477ce95c40d0
  custom:scripting/monoscript/fileName/VertexManipulationToolSettings.cs: c46b46378b08a08e84560f649870b305 -> 98d6d07bac1309b24551406f82682144
  custom:scripting/monoscript/fileName/TMP_CharacterPropertyDrawer.cs: ddc6f8909fdac3de9238e9b86e411c3e -> 0fc1d1caf2f580e74b2224e6797250e4
  custom:scripting/monoscript/fileName/BezierShape.cs: b5801eb32f53d6731ef1dbd52394d0d7 -> 492afc0ee5d42c626ea1b854fe143d38
  custom:scripting/monoscript/fileName/EditorSceneViewPicker.cs: 13df4fde3106db2f1cf39c7820e34ef1 -> eb67d7fdef944856bd1331ac0db3e899
  custom:scripting/monoscript/fileName/QuadUtility.cs: f80c36f8b1183a738f2c4f7fa2ab27d9 -> adb8691cdbca3794813626448d418031
  custom:scripting/monoscript/fileName/Changelog.cs: 796ad3f3a5d8532b75e1fde95ea4a6fe -> 1122e49c3fdebdba4214b6f13d0abe53
  custom:scripting/monoscript/fileName/TMPro_EditorShaderUtilities.cs: f4cbef9348a73d49f1efb8d10ff07bf0 -> 1203fb3feabf58cb81d888055364f838
  custom:scripting/monoscript/fileName/TMP_FontAssetEditor.cs: e359b61135381f6b1d7b8c7e97a930f3 -> ff94a59ea0ba0aa81aa8a7f307f2efd3
  custom:scripting/monoscript/fileName/pb_Stl_Importer.cs: d65407d7fe02c27f450e320f523317a6 -> ce59d2e546360b5ddadc9d3acb103aaf
  custom:scripting/monoscript/fileName/KdTreeNode.cs: 90647cc400823b41df847a6cbfc29026 -> 8f6297df34271fdb1ce2d9607ec6261d
  custom:scripting/monoscript/fileName/AdvancingFrontNode.cs: 03e5d4b9222c4095e8449306398434f5 -> be7e972b9ebcf3f33ade1e8d7b8fe2a2
  custom:scripting/monoscript/fileName/InternalMeshUtility.cs: 47e64566b64f31667f3ecd22aea855bd -> 0de5a64e33f4d323f20840f87d91eac0
  custom:scripting/monoscript/fileName/TMP_FontAsset_CreationMenu.cs: 1c5caeb31a0df734411a201aca87cb03 -> 18345b423cea91a35f20f73f48aee7e1
  custom:scripting/monoscript/fileName/ITypeMath.cs: 90647cc400823b41df847a6cbfc29026 -> 8f6297df34271fdb1ce2d9607ec6261d
  custom:scripting/monoscript/fileName/ProBuilderize.cs: 006fb89e624c26dbea4b2af78139477c -> b6e77a89ac28a6cbd8f1723f941fdb1b
  custom:scripting/monoscript/fileName/ToggleXRay.cs: 2beaa89293af925965c361a628716eab -> 66d092c0bea39a1303fa5c233fd26486
  custom:scripting/monoscript/fileName/PolyShape.cs: 68d98358b4f6d4a567396bfd2d8fb6a8 -> b90e7a66031592bbe404809c789b99dc
  custom:scripting/monoscript/fileName/pb_ObjectArray.cs: 23d64ec5390756f20b8935c6d27ae727 -> d439f54f1103ffdcf066b930ef0ed002
  custom:scripting/monoscript/fileName/Subdivision.cs: 2d3ed2728b5e862f0b20dccff60f596a -> 4214f7e3c186352799919f680c300ab9
  custom:scripting/monoscript/fileName/ProGridsIgnoreSnap.cs: a6e9a46f7d1ca1bca90f5934e2b8f31e -> 17b54a171d61eb9640a0177ff9a66582
  custom:scripting/monoscript/fileName/TMP_CoroutineTween.cs: 76849b8d6d4ce499ad8ffee762e4a4af -> d4d869f6662b40274a62453f83c8a425
  custom:scripting/monoscript/fileName/SelectFaceLoop.cs: 41e1c4627a230cc32925e760a4ea1602 -> 2fb1c9710c6290c12316023624118d04
  custom:scripting/monoscript/fileName/ColliderBehaviour.cs: facc1ae2f42419fa1146003334c8bf66 -> d451213d21d47b74c407263f33a03ef8
  custom:scripting/monoscript/fileName/DeleteElements.cs: 4c13bc6aa328361166e449ea1ebb36f9 -> cf9b14012964b37f66698ee9c47500c7
  custom:scripting/monoscript/fileName/LicenseEditor.cs: 63763a27e13858a79a8d582236d3aff4 -> ee245f6e173f0d7c8e571bfc7220c407
  custom:scripting/monoscript/fileName/TMP_ScrollbarEventHandler.cs: c015e39b5a3f1a14518ce039f30e10af -> 55de10d862075cd935d8381c309f39e0
  custom:scripting/monoscript/fileName/GlyphMetricsPropertyDrawer.cs: 438b07e6eae795dab04c32f51ac4e752 -> dd0833870bcea17556e6d67c750c6ffc
  custom:scripting/monoscript/fileName/SelectPathFaces.cs: 80c6b565b5df1b6163de14f2f5623788 -> 956e5d9a52c910e4b588c354acd25c57
  custom:scripting/monoscript/fileName/Triangulation.cs: 09054241e6b66b6bff40ad35686c73c1 -> 1e8fcc43754c28019feda244e426966f
  custom:scripting/monoscript/fileName/TMP_ObjectPool.cs: 90647cc400823b41df847a6cbfc29026 -> 8f6297df34271fdb1ce2d9607ec6261d
  custom:scripting/monoscript/fileName/Node.cs: 291859575cb9c6e25dde80dbcd31fe5f -> 8234dc34b4b50e44a11739a21fc7dbb0
  custom:scripting/monoscript/fileName/EditorMaterialUtility.cs: b048d9073a287734afa3e8a672786fb9 -> 84a70b59d1d63e712f67e813ba36d7ae
  custom:scripting/monoscript/fileName/MergeFaces.cs: f0a7123f95ff8b6d8a9b42653a9c0700 -> 478bd082b921878c0faa5fbd914f4623
  custom:scripting/monoscript/fileName/OpenVertexPositionEditor.cs: 8383d3bdff3fd2a102f368cd27c823e5 -> 1c2587ac934db4dcbc17554a467f1939
  custom:scripting/monoscript/fileName/TMP_SpriteAnimator.cs: bf3a797c3a059d3698e93e0031d7f11c -> 126f1482d1430ed8648c2a6d8d693c6d
  custom:scripting/monoscript/fileName/Door.cs: 01c9614e23978f328b71d053948f991a -> cebbdc7207e599ec2335d015d5c88709
  custom:scripting/monoscript/fileName/TMP_FontAssetUtilities.cs: 5b7a9bc9c5c56e3cb5ccc808a2bdd9e4 -> d84a52975d941e769af4ae15b3aaa211
  custom:scripting/monoscript/fileName/VertexEditing.cs: cb46c69b687fb75b59e3367415afaff1 -> 48fa141f1142ca37a0a888ca67e8ef34
  custom:scripting/monoscript/fileName/CombineMeshes.cs: a9ce7a0bc7639b0c1010471275dc600c -> e57faaa9d1f04fee988363e931293786
  custom:scripting/monoscript/fileName/ShapeState.cs: 3749e2c667cecc0f702ff706b018e886 -> e988bef49163d375955329bc9ae0456e
  custom:scripting/monoscript/fileName/PolygonGenerator.cs: 2aafe12f9c6b9da7c8245101147d5dd8 -> fa18afe7d5bd64c8cff6760ef14f2100
  custom:scripting/monoscript/fileName/BezierSplineEditor.cs: 3ad6df2b7420af9029add9cd3b037737 -> f5eedf610dd8f3757db29bab55565da5
  custom:scripting/monoscript/fileName/SelectLoop.cs: 03ac0ad9679c503b1c8b7fe6c371f29c -> 5d42efd8d6620a332d218c45d18a3cd9
  custom:scripting/monoscript/fileName/AutoUnwrapSettings.cs: 505c9e8ec7abeb42e5de8a57e4ff3803 -> 015a471b4dbdaa33489c4d36328c3beb
  custom:scripting/monoscript/fileName/PriorityQueue.cs: 0cdf409b5aa8d4c25876d72b5c6a3b60 -> a53f96815da50de15010b1c479bc70cf
  custom:scripting/monoscript/fileName/MaterialEditor.cs: f530beda68d4162ffebd1ab086eac73e -> acdbf38b336001cc3e985cb342226383
  custom:scripting/monoscript/fileName/Sphere.cs: fc1a890637c16d42bea0288fac0d32cf -> c1a44c6d944741157e928ad0402333e8
  custom:container-muxer-webm: aa71ff27fc2769a1b78a27578f13a17b -> 
  custom:scripting/monoscript/fileName/TMP_TextProcessingStack.cs: 6146dd1b7f9b90aa342ef9794e387c23 -> ef8795fce16f80562f220a2f8bcb6bd2
  custom:scripting/monoscript/fileName/ProBuilderToolManager.cs: b1a465d81a664e6bb35ec8ea83bc4b74 -> efac8a6290fba659fcd8fd21e95506fd
  custom:scripting/monoscript/fileName/VertexPositioning.cs: 72fdeca4b408d9862267b32f667e1074 -> 8173a895fcb8b6774e5176bb1cf53649
  custom:scripting/monoscript/fileName/MeshImporter.cs: bf784b146e3ce8404151198f5cf6434d -> c065f89f4f1bc987d93f1b4ab6189570
  custom:scripting/monoscript/fileName/MeshAndElementSelection.cs: a24a0934fd2aa12cf7e44f99f89ac69e -> ffd56092cae22dd65182d760efae6efd
  custom:scripting/monoscript/fileName/ColorPalette.cs: 1c1b41242ba5ca26499c5f401ccf2446 -> 723bc1c0e0d6b918dfcc308382ccd0a8
  custom:scripting/monoscript/fileName/Sprite.cs: feaf383831c6d8dc30fd1ee62a194252 -> 68532d2c61f6c3b62602737162a2ec1d
  custom:scripting/monoscript/fileName/VectorHash.cs: 73efb1b59aa72f6931fc7c991c4eeae6 -> 0ac05caaee9071a92351b076db254b0e
  custom:scripting/monoscript/fileName/TMP_InputValidator.cs: 5e0d679d98dae60baa87977011e0ed51 -> e99335724872b7fcd0e5352c682debe0
  custom:scripting/monoscript/fileName/ObjExporter.cs: c82ccdbcc64a076a13c2f8aab8afbc5a -> f76ea5992fc1638cd329a47af7421ff2
  custom:scripting/monoscript/fileName/VertexManipulationTool.cs: 285f01fa4b22517173c175fb8dc94e60 -> 6c9885d0c0ce7e91ada99245859b6282
  custom:scripting/monoscript/fileName/VertexUtility.cs: 052e4b725d8884d92d676e6d212b34e9 -> d0165786e6cc9eb484d7ca11d8521f29
  custom:scripting/monoscript/fileName/NewBezierShape.cs: 2b4083186ccd0d651beb42f17f850f7e -> 55ed07965ee19ea782befd50d4e70796
  custom:scripting/monoscript/fileName/TMP_DefaultControls.cs: 2673e29173eb9307fa53ee17c15332ed -> 1798ee96b3c83cf7d4cea690bb04976a
  custom:scripting/monoscript/fileName/TMP_UIStyleManager.cs: 66d96f3fa9ea14a5a6ed3f92d3bbe0f1 -> f54fffa86b286da3a3329c601ca8d03e
  custom:scripting/monoscript/fileName/FlipFaceNormals.cs: b425fafc3a8e4b16ac0ff7feea8fc66b -> 05ee004a25fc472818454f533c58d44a
  custom:scripting/monoscript/fileName/TMP_SelectionCaret.cs: d2a06fefe973175bffa10d62f788c481 -> ed141b1915a10b9c7ff9136666b54ee9
  custom:scripting/monoscript/fileName/AssetIdRemapEditor.cs: c3f34756c8a6598c4cf15f5e847bf414 -> b101c0148ed87c9402e1b92e19874e20
  custom:scripting/monoscript/fileName/EditorToolsContexts.cs: 2d17066c287657c5db318975da74e7af -> 6cd5542a801a031fe071267d10480b9d
  custom:scripting/monoscript/fileName/TriangulateObject.cs: 552194489d8ee542e612ed9b3681ec44 -> 748d938029092e3170c8c658591a67d5
  custom:scripting/monoscript/fileName/DoubleMath.cs: d3a713d6df919a256ea9b090c3b84b43 -> 14977dd02f104c4ff8b45a4a5479c978
  custom:scripting/monoscript/fileName/ProBuilderSettingsProvider.cs: 31c7f11630ae278eb11b8b1b3b44c0ad -> 13beb7e19435cf9f346fa945eea48a58
  custom:scripting/monoscript/fileName/AdvancingFront.cs: ba4e7f8c74fb24a84261ff39b2535119 -> 9f3ce40a422fb6016a318c8ee109c89b
  custom:scripting/monoscript/fileName/Version.cs: 2140673570cb0dbe2b0365f572525f99 -> f0b9c4d54aef1e586fc652cfdc620f4c
  custom:scripting/monoscript/fileName/CollapseVertices.cs: b8f4877fb9cdb02e00dd9b33b403fa7c -> dc3e1016a661dce32e47367904825a91
  custom:scripting/monoscript/fileName/ObjectPool.cs: 90647cc400823b41df847a6cbfc29026 -> 8f6297df34271fdb1ce2d9607ec6261d
========================================================================
Received Prepare
Begin MonoManager ReloadAssembly
- Loaded All Assemblies, in  0.592 seconds
Refreshing native plugins compatible for Editor in 0.54 ms, found 0 plugins.
Native extension for iOS target not found
Native extension for Android target not found
Native extension for OSXStandalone target not found
[ScriptCompilation] NOT recompiling all scripts because this is an import worker process. Reason to compile was: Define symbols changed
Mono: successfully reloaded assembly
- Finished resetting the current domain, in  1.850 seconds
Domain Reload Profiling: 2443ms
	BeginReloadAssembly (355ms)
		ExecutionOrderSort (0ms)
		DisableScriptedObjects (38ms)
		BackupInstance (0ms)
		ReleaseScriptingObjects (0ms)
		CreateAndSetChildDomain (55ms)
	RebuildCommonClasses (56ms)
	RebuildNativeTypeToScriptingClass (15ms)
	initialDomainReloadingComplete (67ms)
	LoadAllAssembliesAndSetupDomain (99ms)
		LoadAssemblies (200ms)
		RebuildTransferFunctionScriptingTraits (0ms)
		AnalyzeDomain (75ms)
			TypeCache.Refresh (46ms)
				TypeCache.ScanAssembly (37ms)
			ScanForSourceGeneratedMonoScriptInfo (19ms)
			ResolveRequiredComponents (9ms)
	FinalizeReload (1851ms)
		ReleaseScriptCaches (0ms)
		RebuildScriptCaches (0ms)
		SetupLoadedEditorAssemblies (1211ms)
			LogAssemblyErrors (0ms)
			InitializePlatformSupportModulesInManaged (136ms)
			SetLoadedEditorAssemblies (17ms)
			RefreshPlugins (0ms)
			BeforeProcessingInitializeOnLoad (113ms)
			ProcessInitializeOnLoadAttributes (794ms)
			ProcessInitializeOnLoadMethodAttributes (150ms)
			AfterProcessingInitializeOnLoad (1ms)
			EditorAssembliesLoaded (0ms)
		ExecutionOrderSort2 (0ms)
		AwakeInstancesAfterBackupRestoration (47ms)
Refreshing native plugins compatible for Editor in 0.12 ms, found 0 plugins.
Preloading 0 native plugins for Editor in 0.00 ms.
Unloading 1379 Unused Serialized files (Serialized files now loaded: 0)
Unloading 32 unused Assets / (2.5 MB). Loaded Objects now: 2417.
Memory consumption went from 197.5 MB to 195.0 MB.
Total: 3.715792 ms (FindLiveObjects: 0.111792 ms CreateObjectMapping: 0.036500 ms MarkObjects: 2.916292 ms  DeleteObjects: 0.650708 ms)

Prepare: number of updated asset objects reloaded= 0
AssetImportParameters requested are different than current active one (requested -> active):
  custom:scripting/monoscript/fileName/PreferenceKeys.cs: 971ed4aae575beb1e198c26581764982 -> c1c6958d9062b9c9c2efa7a28affa946
  custom:video-encoder-webm-vp8: eb34c28f22e8b96e1ab97ce403110664 -> 
  custom:scripting/monoscript/fileName/OpenVertexColorEditor.cs: 30ff560893ac054d11bcf5e0433eccba -> 0bde100a5e68bc6e8f047cf079c6371d
  custom:video-decoder-webm-vp8: 9c59270c3fd7afecdb556c50c9e8de78 -> 
  custom:scripting/monoscript/fileName/PackageImporter.cs: 1fe0039e0f1efd9d08d3a2da485c6f93 -> 18c4245910829c7fba0e1946a3f22d91
  custom:scripting/monoscript/fileName/TMP_FontFeatureTable.cs: cbd25d300d7ed4d969d60cb9f98f2826 -> 5ff9812058e8c02a5b04eaa88778f2a5
  custom:scripting/monoscript/fileName/TMP_FontAssetCommon.cs: 2b5f11ccf8aacaf9b5ea6564bf2b0d57 -> 4a5ab4d4426385ab38edd57c118cd485
  custom:scripting/monoscript/fileName/TMP_SDFShaderGUI.cs: 1460619486eb6e8da302e26af5538aaa -> 082588c068c6e819b94cdf417f8b7551
  custom:scripting/monoscript/fileName/TMP_RichTextTagsCommon.cs: 5462d55f8a9ad882f9a7f2d708a6978b -> d28b21b13d6cea8fa92671f9a2a1f20d
  custom:scripting/monoscript/fileName/SmoothGroupEditor.cs: 8bc2610f365dc4634fc8c31ccc969585 -> 1064d8331a913257dab4cdfc21fcec17
  custom:scripting/monoscript/fileName/TMPro_ExtensionMethods.cs: 479bffcc157b89693ffc4c2ef2374861 -> 3d34decc871f763d4c9c61f1fe0f3275
  custom:scripting/monoscript/fileName/DTSweep.cs: b489dbbdebbb3b9e956ffbc2a0d88071 -> d045108b24d44b221d8a008624fcda26
  custom:scripting/monoscript/fileName/MeshValidation.cs: 96702c51dfa78152e589ae8ca081a783 -> 04075680859bc34196ccd56358357ff4
  custom:scripting/monoscript/fileName/UVRenderOptions.cs: cbafaf027c1745bc7e47ed02d4fc6533 -> 6e1785599c7dbe3002d892a90e785a42
  custom:scripting/monoscript/fileName/WingedEdgeEnumerator.cs: adbd097edcaa08879624b3dbf9fed71f -> 599f0117cecc3a04c53adc2951c5dbe9
  custom:scripting/monoscript/fileName/EditorHandleUtility.cs: 0ac2d22f358476e1b744f1f8895e1aba -> dfe46cfb4b3329610eea1da8172ee0c1
  custom:scripting/monoscript/fileName/HyperRect.cs: 90647cc400823b41df847a6cbfc29026 -> 8f6297df34271fdb1ce2d9607ec6261d
  custom:scripting/monoscript/fileName/TooltipEditor.cs: 051c4adf0743255fa06a6508fb451a66 -> 1883cf96151e042643af8c3e5724e842
  custom:scripting/monoscript/fileName/SemVer.cs: 3cf48f4591710125c2a8f6dc6ca94475 -> 3b20103f5867598637cd086120875f18
  custom:scripting/monoscript/fileName/ColorUtility.cs: 955d148b2d9eeb72c61392d743a13c8c -> 7083431eceae2ed89152408497c8394c
  custom:scripting/monoscript/fileName/RepairActions.cs: c98caac95a1bd550b46a8909c4bd3f4b -> 5cadd7ed963fc39bb2a3786966755ca1
  custom:scripting/monoscript/fileName/FloatMath.cs: 0fe73a55cac7bdb87b1e039ac908242b -> d1d434c83c83cea2c1b3e68a52a53b59
  custom:scripting/monoscript/fileName/UvUnwrapping.cs: 6dc18e949826aea52a2968ed7b10cc47 -> f8c8948c67465d24bbe3ec0f1df0f6d3
  custom:scripting/monoscript/fileName/TMPro_EventManager.cs: 4c7492301243f935f7a463360f91d217 -> 9ebed0b1e26a8c995d644c176e696d93
  custom:scripting/monoscript/fileName/VertexPositionEditor.cs: 46d235253e54e23a363ea17144ac2a77 -> 20ce79aba53b8806cd4c2d9cb3f3ef6b
  custom:scripting/monoscript/fileName/ToggleSelectBackFaces.cs: cd800d355c36b0670ead69c584432936 -> 72f343f70eb62a43066b2f1a9721bf06
  custom:scripting/monoscript/fileName/TMP_SubMeshUI.cs: 748262c65738bc5e1c553ae7a37a0c73 -> 7a6337f74438df5e26b302bbbbc41105
  custom:scripting/monoscript/fileName/GlyphRectPropertyDrawer.cs: bdec415148eac17379112822c8814df5 -> d355023434b9b8f82f7070cb40c7c036
  custom:scripting/monoscript/fileName/ConnectElements.cs: b040b3cb3e9da34e655bb3a47bd46193 -> 176d925c658de9703fc379a239c082ea
  custom:scripting/monoscript/fileName/ShrinkSelection.cs: fe8a97f4f165a36f66e0120cfbdfd1a0 -> e24ad03152f0b3eb84e4686d997612d0
  custom:scripting/monoscript/fileName/WeldVertices.cs: 150ff8957179426a96725d6e78b916cf -> 310d946e6af6eb78ad0f4b270ab3f555
  custom:scripting/monoscript/fileName/TMPro_UGUI_Private.cs: 90647cc400823b41df847a6cbfc29026 -> 8f6297df34271fdb1ce2d9607ec6261d
  custom:scripting/monoscript/fileName/EditorStyles.cs: d933620442e94f395abad499f0a07844 -> d6cf61a3bff17f664d8f07b288899e0e
  custom:audio-decoder-ogg-vorbis: bf7c407c2cedff20999df2af8eb42d56 -> 
  custom:scripting/monoscript/fileName/IntVec4.cs: 4a457fdc2b6edfff9af20f31f74bc367 -> a3aa0bd472fa2d3b612a88ecb38ca78e
  custom:scripting/monoscript/fileName/MeshHandle.cs: 4fb552a16b062d468ef698bbde7ead52 -> f2b386582f7474a64e17e636fc0dbbcf
  custom:scripting/monoscript/fileName/Spline.cs: f8384952784bb95e08e1e29156fe4db5 -> 28e019c03606680a097c55b58115e0b3
  custom:scripting/monoscript/fileName/ShapeGenerator.cs: 8279205acb8a1e8bdcbaa5ab6a730a68 -> 559da73ab440a4cfbb6e5ee76a94db95
  custom:scripting/monoscript/fileName/VertexColorPalette.cs: e5d6bcbfe423cc4ee23c4be5f46b1637 -> 9d1376fe8abc00794faa97ecdf5c1ff7
  custom:scripting/monoscript/fileName/pb_Stl.cs: 9b07f4f149309491c5f1435ec678ae63 -> 51af4017240795884fad9c404f4e2fd7
  custom:scripting/monoscript/fileName/InternalUtility.cs: b46a4bbee8883c649a48eca82d9c5113 -> 9f2e1420b4fef97b404fe7afd5295ea8
  custom:scripting/monoscript/fileName/EditorToolbarLoader.cs: fdf9b8f64a6e826326906d3119503c10 -> 66381be3f5526c145ba9bae4850e926c
  custom:scripting/monoscript/fileName/IconUtility.cs: 45ed954b9dd197048f268e19e52aa10b -> 034630d592d662eca2e85205848a3722
  custom:scripting/monoscript/fileName/MeshHandles.cs: 9078a2010039bebdb66a21ef9e570477 -> 37075a86fc6b1c925d8ca4770dd1cbbc
  custom:scripting/monoscript/fileName/TMPro_ContextMenus.cs: 06b3d4b27f337b8d846ca7117f3251e1 -> fbbbcbf9b4eb950e9aeda2d70529152c
  custom:scripting/monoscript/fileName/DestroyListener.cs: 6be46e6f4b52a4b0718c2fb44268f9ce -> a68c3e137947b02ac2cd9c44630cb13d
  custom:scripting/monoscript/fileName/TMPro_MeshUtilities.cs: 2237d160e4d9e81a7d899dc235029cb3 -> 183dd3a7e1b70c109767dd5059a390dd
  custom:scripting/monoscript/fileName/TMP_TextInfo.cs: 9e4eb698c4c168829682cbe659418e8f -> d86eebf32f36b8febee06365f862b403
  custom:scripting/monoscript/fileName/TMP_TextElement_Legacy.cs: 6e11e173cb695b15e8cce3cd1e1cb2a7 -> 33cc86d4b4c35f95c6446ea70ef56fc4
  custom:scripting/monoscript/fileName/TMP_Compatibility.cs: 3ef1f12d3c823dd740c7c596ab076c61 -> d5209fd9c6a9aef9cccdbfb4f06bd571
  custom:scripting/monoscript/fileName/MenuAction.cs: 898ec4fe99f46e9006b47eb12b400bce -> fae602d108041252c892c7d0dbb6835e
  custom:scripting/monoscript/fileName/TextContainer.cs: 245c032a15fbc12850861c707e37b027 -> 4e3c016869303ab3136387f7870e5adb
  custom:scripting/monoscript/fileName/IntVec2.cs: 08f3ad76946da3616135c08e32f0dd9a -> 9ebed9e7543f0e4249c4d89daeef5a21
  custom:scripting/monoscript/fileName/Pipe.cs: 5ab339b2fd460f209f184462230f3149 -> 3ca54dd364f22d106e069d3639f4f8f6
  custom:scripting/monoscript/fileName/MirrorObjects.cs: 352699d4a7651efc5cce5eea885082ac -> 30fb8dc2394f76e291a51694eebc1bb7
  custom:scripting/monoscript/fileName/FaceRebuildData.cs: 84b2db0355125c47a227c7fa1701067f -> 4f4d3770d43d79d6f5c02b08c148862f
  custom:scripting/monoscript/fileName/PreferenceDictionaryEditor.cs: 9fa6284d94bac21a015ed6b0842b4204 -> 7cd89f8e58bce998ffced9b126a94783
  custom:scripting/monoscript/fileName/TextureTool.cs: 993795ee2a60353f3a850d19c84178be -> f36f558dcac1c72ba3562e4aa1c2caad
  custom:scripting/monoscript/fileName/MeshSelection.cs: 1023d69f6dc6c80d3619702d1b000c52 -> e7812b7cf0f91d037c2e98119937132a
  custom:scripting/monoscript/fileName/PolyShapeTool.cs: 7bc678380b9081ce72ddf75ffd2e71dd -> 7dfb89ede7ce1e06d6ffd4debafe5fb4
  custom:scripting/monoscript/fileName/EditorMeshUtility.cs: 07524f479fd6253ffe9cec9107fd0db3 -> d65aa916b1419290b5f7e47cb2b5d209
  custom:scripting/monoscript/fileName/PointSet.cs: 856b6b7048d351f3361fd73be98c133e -> 1cb3625d684708a48e1f619d38f3ae4d
  custom:scripting/monoscript/fileName/Plane.cs: 10495ff9b800b2afa8268aeffb6ada07 -> fdceb9c119da0a30acdabb70cd0ba29a
  custom:scripting/monoscript/fileName/BuiltinMaterials.cs: f1801187dcebf42d4c70a9f4b283cc9a -> abbf76b631504676e7b7d7a401b3619b
  custom:scripting/monoscript/fileName/HandleGUI.cs: d5e044de315c4ae729548743aabbcc7c -> afa4af5140a52f4f9ca3da5b0ac10ad6
  custom:scripting/monoscript/fileName/TMP_EditorResourceManager.cs: f56b80268a934198a76acc6f4cef503c -> 30391129c5b96f298e44c099ae0fab57
  custom:scripting/monoscript/fileName/TMPro_FontAssetCreatorWindow.cs: 0d0900483ed9b57d4ccc2ff58d1220b3 -> 9d68c1aab1c646cdf3e70083dc01df96
  custom:SearchIndexIgnoredProperties: e643bd26f0fe6173181afceb89e7c659 -> 
  custom:scripting/monoscript/fileName/Export.cs: 078559a78b86060d1b211241c5c67779 -> c50292d7ecb2991c4e7a9d81cef51859
  custom:scripting/monoscript/fileName/IHasDefault.cs: d3ac6d93a1f2a0255a9ab45bb4e61b9c -> 1e14a04e64e81d8f0d3e7c9ca86f95f4
  custom:scripting/monoscript/fileName/TriangulationPoint.cs: 32917afe2890c1499ece497286a4d04a -> 1035c919b741bdf95e2932b37bd260e4
  custom:scripting/monoscript/fileName/AutoUVEditor.cs: a2d70cd5a5b723a42dd96d8849970c6c -> 627ab62f8fdd1604c3ee48475ef9e815
  custom:scripting/monoscript/fileName/HandleConstraint2D.cs: 0be005422d79e45e5239b3f12629e4ee -> 9015774b3c0bbbdd3a4330fb8924982c
  custom:scripting/monoscript/fileName/TMP_SubMesh_Editor.cs: b381eb4c2ad4ef265088242d67c5b140 -> 6199a3bf0c204e3bdded9f5f05415a32
  custom:scripting/monoscript/fileName/TMP_Settings.cs: 68d1204aae2aa6d0a54c151b7af443e7 -> 957f1889ca66b295dca8f725cc81558d
  custom:scripting/monoscript/fileName/TMPro_SortingLayerHelper.cs: 8b86ad735987eff6a1277352e9e8d9b6 -> e3aabd077ed12370ac46dda129ef572e
  custom:scripting/monoscript/fileName/SelectionPickerRenderer.cs: ebb4947fce4540eba10b7d1df3164b8c -> 73f1e4a4a65ed18cd1e1d52a19d8d397
  custom:scripting/monoscript/fileName/Extrude.cs: 34a5e82da627ee072b8b3873fd02e1ab -> dcbaaeeec29f276dbf276d9d529d07bb
  custom:scripting/monoscript/fileName/TMP_TextElement.cs: 5dfb95666bd41ecc32948097824aba23 -> fb8354965187a75f506d9a9df85f19dd
  custom:scripting/monoscript/fileName/TMP_InputFieldEditor.cs: a6f05406e9cdb59679382b884c14216a -> 8f2095c37e5fd5ed563d60163f0c2e52
  custom:scripting/monoscript/fileName/TMP_Text.cs: 5cba61e283281e8dbf7dadaabcd638dc -> c453c9b4dcb2bfad1083e3b49dfa3983
  custom:container-demuxer-ogg: 62fdf1f143b41e24485cea50d1cbac27 -> 
  custom:scripting/monoscript/fileName/DTSweepContext.cs: 2981771f565ec1526dc5d821e460f88f -> 04c0f7cf0e165c3283113f604cd42540
  custom:scripting/monoscript/fileName/OpenMaterialEditor.cs: e48180fa4e846a1c9510af46c88df99b -> baa1f65543a2c837b5be23900001d62c
  custom:scripting/monoscript/fileName/UVEditor.cs: bb46d5bac7199bd3c17dd891460f80ff -> 72ca5bcad2be1e7fb633cba0a986444f
  custom:AudioImporter_EditorPlatform: 3918e3fc78b5a79bad01e8451be0beb8 -> 
  custom:scripting/monoscript/fileName/PreferenceDictionary.cs: 39594dd21319b14ffe21cbd90959a3a6 -> aa8b39134effb62bcf93956ec1113878
  custom:scripting/monoscript/fileName/Experimental.cs: 91e9d2d4ec28f211f51aa6b3c2d6addc -> 74044429c642e1d5383cff33699e9713
  custom:scripting/monoscript/fileName/ProbuilderScaleTool.cs: 2b819c71d43921e551cd144d387df88b -> 693ed401cdd2268a25a82a0b4d09aedb
  custom:scripting/monoscript/fileName/ReflectionUtility.cs: 4f20c90f34e7c9a0975037e76bd514e1 -> e9fbf2f99142e54c08e7ab42214b8d2e
  custom:scripting/monoscript/fileName/TriangulationContext.cs: c42f2501129644a7463ca94823659aca -> adf33f40b421fead56d5d60ed76341b6
  custom:scripting/monoscript/fileName/ElementSelection.cs: c68aacab4736cb88931cbda58954f8b2 -> 6fa56cc3b2c46b068ce001582f75bbdf
  custom:CustomObjectIndexerAttribute: 9a22284fe3817be447336de3de66b15e -> 
  custom:scripting/monoscript/fileName/TMP_SpriteAssetImportFormats.cs: 920e3140228fbd530b0080254da22d88 -> 3cc56654a2015a96112916e9636fbe6f
  custom:scripting/monoscript/fileName/TMP_StyleAssetMenu.cs: 60e7743122a0686d1131101c521adac6 -> d695e815510410a6715fa00ae5e73f57
  custom:scripting/monoscript/fileName/TriggerBehaviour.cs: 9e9b28603c1443f5d61fd91ef7ccbf86 -> 79e7a86a8530867940d5ec2db58f3ac8
  custom:scripting/monoscript/fileName/ProBuilderMeshFunction.cs: 90647cc400823b41df847a6cbfc29026 -> 8f6297df34271fdb1ce2d9607ec6261d
  custom:scripting/monoscript/fileName/TMP_MaterialManager.cs: 441d72ec3c04a8da6a351f60fff95465 -> 1382feee688fee3eebaa5e9d7b47e98d
  custom:scripting/monoscript/fileName/StripProBuilderScripts.cs: 8d1118df1b038f5729efd517ae8a88bb -> 28ed736835aaf61296e94776be7fe22f
  custom:scripting/monoscript/fileName/ConfigurableWindow.cs: c5114dc30bc9061442d90941d750ad69 -> dc908ec59e43674d94e6c44d5f6f0a04
  custom:scripting/monoscript/fileName/TextureMoveTool.cs: ce8cacc59824d8cf57a35f09c16f8711 -> 561dc27692dc87b40ac845b590590c6e
  custom:scripting/monoscript/fileName/TMP_SpriteAsset.cs: 8d06882cb45c7664f8d7c3079ee8757f -> b46309090c7f7da519ff6ef3172bd077
  custom:scripting/monoscript/fileName/TMP_TextParsingUtilities.cs: 8b3fe20641ae0dd97405135955c706a3 -> 47331f425db7fa5c443a11c866530503
  custom:scripting/monoscript/fileName/TooltipContent.cs: ebba672cca5b3ad7206f389dac2aaebf -> 59ac72fe5e43e89296b93f6ab317b8c6
  custom:scripting/monoscript/fileName/SmartConnect.cs: 8e54477dfa9d32f8770b42f4e609398c -> 7cc56315c2f7d3b4ddbfec9b55b217f6
  custom:scripting/monoscript/fileName/PreferencesUpdater.cs: 83612b3eb5c9f939088fe8899554f47b -> 9a363e698ce1b17dbc0d2d4dab7a63b9
  custom:scripting/monoscript/fileName/LightmapUVEditor.cs: 4a5ea877356561228eed906adcd3bedb -> a2aefb495142dc468618fa8a501b7aad
  custom:scripting/monoscript/fileName/ExportObj.cs: c18a1561185a459c7d8d09a4d25283a2 -> b50eb634a6665886ac462c95bd53c18a
  custom:scripting/monoscript/fileName/ProBuilderAnalytics.cs: 2cd7a59044f39493e703b05f32b66c91 -> 1c7d7c6ab5b13a09bcd39014b45b9a79
  custom:scripting/monoscript/fileName/EditorUtility.cs: 4382ba71a5fdd3efad937be52139f5f9 -> 93f1489ed0c05fd005da29cea6da0c82
  custom:scripting/monoscript/fileName/Arch.cs: b067ac6b52031bd7322d6f3511ad169c -> f1c51c8c0bcd0928d443c381b195e68f
  custom:scripting/monoscript/fileName/LogEditor.cs: 40340fd10eb0d8176aa6afc39bccbaf4 -> 5e1c92e4622e71b33b738b828fa27fb8
  custom:scripting/monoscript/fileName/FlipObjectNormals.cs: 5609faa163c9a11dab9cd43e902b823c -> fb2365562ddc0eea3f4f6e4b9288df3f
  custom:scripting/monoscript/fileName/PositionTool.cs: 2fd18bf8664a011c4421990ba96d6342 -> 5e734435a39761992fa026a9b9d7a18c
  custom:scripting/monoscript/fileName/Edge.cs: 057c878f971a98ac6fecd89263127db8 -> 6e8d0d5fb0fb548cecca33c0fd183e9e
  custom:scripting/monoscript/fileName/BezierPoint.cs: 34833cc72fdb3a48f1f4d008cbd59fdb -> 7525997013ed3923f7017a1f8bd43327
  custom:scripting/monoscript/fileName/TMPro_TexturePostProcessor.cs: 0750ad2b775120fa59f760172dc340ad -> d21743efde4e74198703a65b965619ea
  custom:scripting/monoscript/fileName/TMP_ResourcesManager.cs: 64252a073d41e9c6f4e95b5f68ac966c -> 0d972ba50c38c5b25fe15fb0c61ada2b
  custom:scripting/monoscript/fileName/Smoothing.cs: 330a1dd6217f1894b6d80984c74f9c02 -> a5f43ca51675d12c056752c71c91493e
  custom:scripting/monoscript/fileName/TMP_PostBuildProcessHandler.cs: c69b388004562ecb0f789fc3759d9651 -> 728d00fd9070cbfe6d8df45c08e57305
  custom:scripting/monoscript/fileName/ProBuilderShapeEditor.cs: e9de23e6a3e5ceebe7af47bb766a8898 -> 889928ab8d4165b46609eb6bf1b9947d
  custom:scripting/monoscript/fileName/Projection.cs: ed09dc3fa75f6d964258c142443c8e2f -> a99aca606acb7395e9583f20da6bb81a
  custom:scripting/monoscript/fileName/ConnectVertices.cs: 8257d8a693dec45e625c35a99914af6f -> 9f1e5d145cdb3ffd0765deedcb2d98bf
  custom:scripting/monoscript/fileName/TMP_DropdownEditor.cs: 2d907ee76ef876797c15186180266847 -> 6df138b51e278f9c93bd4976e96aa952
  custom:scripting/monoscript/fileName/EntityBehaviour.cs: 7a0182fad58e8b86f5d1052d96507e02 -> 7020f30221d5fc623dfd25c0afe538c2
  custom:scripting/monoscript/fileName/MergeElements.cs: c9b3400349305ddcd54accbdabf30f58 -> c200d1c9feef6a7cfad8fbd59745c8c0
  custom:scripting/monoscript/fileName/EdgeUtility.cs: 1a660714836b36f59bcd2ddafecfe565 -> d5d024e13a2c772fede5968a2a84bad1
  custom:scripting/monoscript/fileName/SelectionUtility.cs: 92d2eece3ee87ab27a4e71ba6256b756 -> 62672b6b7b9f66de36e9019b7ab61216
  custom:scripting/monoscript/fileName/ToolbarGroup.cs: 61877aef40bf12b94f4563196b114281 -> b3446a3ba7dbd0117ea9f39ef820f9d1
  custom:scripting/monoscript/fileName/Entity.cs: 46f49b609c478dd10de66061000fec95 -> 2a45643cd0ab11f7a87a1756acaf27c8
  custom:scripting/monoscript/fileName/ProBuilderEditor.cs: 2dba96b7748ca8a4b559fcb455a58b78 -> cb8336c5ae1ba4e4350b3a477f3a84f5
  custom:scripting/monoscript/fileName/TMP_PackageResourceImporter.cs: 949b6e7fa2132b400d5c4aaf9c34421a -> 5335f4ee7041812300af31a777e4f584
  custom:scripting/monoscript/fileName/EditorHandleDrawingScopes.cs: fa69dc0aae38f933c4768b1a381f6f16 -> 6e49124636030e26c07fc62951b3fc99
  custom:scripting/monoscript/fileName/ScriptingSymbolManager.cs: 9f4ebf1856d93cebe044158f23b01e0b -> c441cb9442058a8009c4677e535a8f5a
  custom:scripting/monoscript/fileName/MaterialUtility.cs: 39fc2b5fdbf10826d74b00a710dbbd4b -> 88cf4fbb88e3f1204571500ff4ff9e45
  custom:scripting/monoscript/fileName/TMP_EditorCoroutine.cs: 04cbf5ce6e541d98265aa7668ef82832 -> 01d80099920d11c11bfa87417e26164b
  custom:scripting/monoscript/fileName/MeshTransform.cs: 558feaf5ce4456f3514221266af9489f -> cef0215a2fecd1c2d2cbab8f5227f824
  custom:scripting/monoscript/fileName/DelaunayTriangle.cs: 908235f5d5e291f50089ca6a8bdf4c13 -> a054c1ee7cb04c097e8ceb96652dcdfb
  custom:scripting/monoscript/fileName/ExportStlAscii.cs: 9a4dfdfba98097a3c691a44b59f67ad6 -> 0202a109a87d532de90cb92c017792ca
  custom:scripting/monoscript/fileName/Submesh.cs: 51f2a9e71cf380288c6159863c8c6958 -> 3b9f33e18b686f2ef961a1460f1ca761
  custom:scripting/monoscript/fileName/CenterPivot.cs: 0540fa0c3bb9c7b452e63f89e313456c -> 770b513b1417a468a49e0612e0dc1780
  custom:scripting/monoscript/fileName/OffsetElements.cs: 112aeff604960ea9032670cfb4a87fc1 -> 458cc781ffeffd7206e0b1c130f2eec5
  custom:scripting/monoscript/fileName/VectorMask.cs: f37b197a0f2e7d76768feac2551f97f2 -> ba27e7ec933b2076546dcfdaaa788a30
  custom:scripting/monoscript/fileName/FixedBitArray3.cs: bc9279bedd3a6bc1feb5645d9911ddcf -> 19581a695ccc746fb3b7e7dd64fdf8bb
  custom:scripting/monoscript/fileName/AppendElements.cs: 48197571f7c160b8c47e348465caee55 -> 486d83c701ebf06e31569da6a2aa2a61
  custom:scripting/monoscript/fileName/SubdivideObject.cs: 15529496d16d945ce564dd73b9f022cf -> d85411130466895ad74cddf2f8961b2a
  custom:scripting/monoscript/fileName/TMP_Style.cs: ecc9948baa78373f3076151d1a0642d9 -> 22d5739edd705d10f980250dcfd7fde0
  custom:scripting/monoscript/fileName/ConnectEdges.cs: 8f686a7fff4566a6aa5be848bd67c552 -> ae65098df42811e49cbc9fbdf9c8945d
  custom:scripting/monoscript/fileName/BridgeEdges.cs: 7b3cbd3298c1cacf3fd10a2c13fb2858 -> 10bad4efb9bf2e63956f391bb2c8b8ed
  custom:scripting/monoscript/fileName/IKdTree.cs: 90647cc400823b41df847a6cbfc29026 -> 8f6297df34271fdb1ce2d9607ec6261d
  custom:scripting/monoscript/fileName/ExportPly.cs: 570e49f6204b40b7c2281c056489e701 -> 53679ea737f5b1dfa36f8666443d6fb4
  custom:scripting/monoscript/fileName/ToggleDragSelectionMode.cs: 6a922485a12d7e52256776f0adc1d3b0 -> 717210f7999935796e1f0c5e4d460495
  custom:scripting/monoscript/fileName/CSG.cs: fddebc96510ce08c125abace9d05eafd -> 2dc6a8dbd39bdcb649b4c2d3b5a6989d
  custom:scripting/monoscript/fileName/GrowSelection.cs: de1d66ff5d47fd9485b62f0576610afb -> 1bca638cbdbda9d68e37eef4443b3cb8
  custom:scripting/monoscript/fileName/SmartSubdivide.cs: e83627bb1da7bd1a9a208feb135dee35 -> cfdafb8092010961486f401c21290682
  custom:scripting/monoscript/fileName/TMP_StyleSheetEditor.cs: 38b210a450ac855df2d81ab0242c2feb -> b6503d890746d6150e0f267f43ce60e4
  custom:scripting/monoscript/fileName/EdgeLookup.cs: 1933ab40224290e9191c61e11eab2868 -> c9997fabb8a6c934a062de5df942cb8b
  custom:scripting/monoscript/fileName/SelectSmoothingGroup.cs: e7adc037d5343729fde59c2f041f72e6 -> 77ca64551fca402d7ced40d23a45fbac
  custom:scripting/monoscript/fileName/TriangulateFaces.cs: 7d58267eca67ed800671b3fe1771472b -> 7384e16273c0b0cb8589d3e983ff177a
  custom:scripting/monoscript/fileName/OpenSmoothingEditor.cs: b7bfcfe69a934092c115177d09b130dc -> 560aef3f7be06bb4ace9e3ef06de1679
  custom:scripting/monoscript/fileName/SetPivotToSelection.cs: 0a4f1a088a797c04c53d4f4d7ec66668 -> 4b1632cacf89ec92f9fec662bcb33ec8
  custom:scripting/monoscript/fileName/ProBuilderEditorShortcuts.cs: 2e87be32c8a93b1377e99b0795a6bb9d -> 449f66bb9fa7cf61c5b8fa043ae0c50c
  custom:scripting/monoscript/fileName/pb_Stl_Exporter.cs: a0bbf115d527a544930104c2dcebd300 -> fc035555d13973baa50218da209917b1
  custom:scripting/monoscript/fileName/HandleUtility.cs: 3a2b940ef1063bb7ed90d70b8e902cf5 -> 91f1544f408469553ae7951802376dc7
  custom:scripting/monoscript/fileName/TMP_EditorPanelUI.cs: 0c3fb43855adf1da22258c211d01a47d -> 6242af713a75147e6e5820bfce936424
  custom:container-demuxer-webm: 4f35f7cbe854078d1ac9338744f61a02 -> 
  custom:scripting/monoscript/fileName/IPriorityQueue.cs: 90647cc400823b41df847a6cbfc29026 -> 8f6297df34271fdb1ce2d9607ec6261d
  custom:scripting/monoscript/fileName/TMP_FontAsset.cs: 6c1db4680a96f294cf0af87a0b8099aa -> 52c81438acb65fa444fe26964ef0345b
  custom:scripting/monoscript/fileName/SurfaceTopology.cs: 9526d30cd2f928b0eb81e56b5d034cc7 -> fcacf53dc1a9d80c141f45da4ad5cacb
  custom:scripting/monoscript/fileName/ProBuilderMenuActionAttribute.cs: 3674968d5ee67384faaf101c9d3dcda8 -> aa21e1cb340b4d66624ab269efca064a
  custom:scripting/monoscript/fileName/EntityEditor.cs: a91f91f5e306a57ac3e888e91213305d -> 479bbcdafdc8895866e190aa1e4ed7ae
  custom:scripting/monoscript/fileName/SimpleTuple.cs: 0cdf409b5aa8d4c25876d72b5c6a3b60 -> a53f96815da50de15010b1c479bc70cf
  custom:scripting/monoscript/fileName/SetTrigger.cs: 286b69f4327b4c46524ba1c15eb198ce -> f7f341239430639cef5ba11846355a7a
  custom:scripting/monoscript/fileName/IntVec3.cs: 2c04041d253e07e499b1153625966a9e -> 8e91de7bd5c399115a08ccab7da9cd25
  custom:scripting/monoscript/fileName/DrawShapeTool.cs: ac1712ae32bc97f8f4f25c7ab7b85183 -> 087ba03db22cf2aea364f3b020b8922b
  custom:scripting/monoscript/fileName/TMP_SubMeshUI_Editor.cs: 119a633ce37cc27ac209988b5de61d96 -> 765ce633a5bfada7c5afc51aed8631bb
  custom:scripting/monoscript/fileName/Vertex.cs: c33a8579f06fb5ec710638da284dce30 -> 3fc3fd0e61353ff6b176457a8fd399b5
  custom:scripting/monoscript/fileName/Triangle.cs: 38f2dea2cbf63a10d865b3c93a929d93 -> d0562d63fecbf5188e24fde2e83ce680
  custom:scripting/monoscript/fileName/DTSweepBasin.cs: 245db94975c479306e3cbdfe84d22fb1 -> 96c7d9fe46864bb8d255e7f6e122a693
  custom:scripting/monoscript/fileName/Bevel.cs: cda4b6394b0873a5b8e8df0dce506d92 -> 8dbd493457fbbaa6f0a8eafd7c8dcc46
  custom:scripting/monoscript/fileName/DetachFaces.cs: cf9073f1266f2923b20679a1bde3c8c0 -> 94dd7702b69703198ce1c3c7aa68e223
  custom:scripting/monoscript/fileName/ShapeState_DrawHeightShape.cs: bf3d191b58aaab9e01024402c1802b6e -> 2464cba411c66ffea21889b6bb1a9e5b
  custom:scripting/monoscript/fileName/P2T.cs: 0aa69cc22c33e17e24d809b0c56993bc -> 5311fa65ea4de3c842913b51a3672a69
  custom:scripting/monoscript/fileName/OpenLightmapUVEditor.cs: 1e75a505fb05c16310e33b72465177ef -> f4a58c1b2bf684de0477f3ca649636c6
  custom:scripting/monoscript/fileName/ProBuilderSettings.cs: 44e160cbb89a8c9e895fdc5e21b659ba -> 5a96b8b1ccf6640321034b1f4527c6d9
  custom:scripting/monoscript/fileName/GenerateUV2.cs: 7e9f55032cd43909a50ad3d71fd47174 -> fa8c5f708ed1b733fb4e35d385baccf2
  custom:scripting/monoscript/fileName/Shape.cs: 0c1bd185dc308e7f1b0ad86de0300f5a -> b68a5dc625e9be120706720fea43f4b9
  custom:scripting/monoscript/fileName/TMP_BaseEditorPanel.cs: f4b9967705e7bb57152fef4117417ba7 -> bf7c6aff8663a36814779dfe47e82e00
  custom:scripting/monoscript/fileName/Transform2D.cs: 99c230faf7d8b1d82d86bcfe0bdd121e -> 8d8b4790312f50d85e5b76972af21da4
  custom:scripting/monoscript/fileName/MergeObjects.cs: 11f6d640a9d3c77be19a9d5930aa559d -> 4a98045f4cd14250333a534475d04874
  custom:scripting/monoscript/fileName/EditShapeTool.cs: 5e5caa4d0c9b3b31aa98622a360a986a -> edf2bf13d6fce430418380467ef7d6cd
  custom:scripting/monoscript/fileName/TMP_InputField.cs: f7712ab842984f124274656d749eca3d -> 8fed3480abb5543168012b207b39349b
  custom:scripting/monoscript/fileName/TransformUtility.cs: d73c91a7d4fba2846cb7f791384de39e -> f8a825729175a8eb807be414b7783c28
  custom:scripting/monoscript/fileName/ShapeState_DrawBaseShape.cs: e0d5b8da05d52dbfb8f12dcc42366618 -> 343d5e9d83baac5a65a94a52293c2ebf
  custom:scripting/monoscript/fileName/TMP_Sprite.cs: 0ee3c386846aa132dd254421fac18cd1 -> e9945527ea1584af23f8f41ce4b844b4
  custom:scripting/monoscript/fileName/EditorHandleDrawing.cs: e4a253013e923fc5e2a42116f3e9cb52 -> c0b6f35562a3c493b8272c548242aa12
  custom:scripting/monoscript/fileName/UnwrapParametersEditor.cs: ad2871f345be52d0cf9added22b9bbb9 -> 46c6178a4fd4477a754acf75893976c4
  custom:scripting/monoscript/fileName/Cylinder.cs: c1df0163afb2da9cb82c7acacf1ed730 -> 67c389358d4360f5810186f579b884ba
  custom:scripting/monoscript/fileName/Math.cs: 4765fe41cdb59756d6a6579184fc0ff8 -> 810421a6066b39d78a9ffd9f3991df48
  custom:scripting/monoscript/fileName/SelectionPickerRendererStandard.cs: e1a12a27c7781421a618a7721df48c68 -> 8743fb0efc136665a8cc090eb2b971c3
  custom:scripting/monoscript/fileName/UVEditing.cs: 282cce0694f10e0de5a3bd7509995bd0 -> d95c0ab26b17358202fc0975ff46e659
  custom:scripting/monoscript/fileName/TMP_ResourcesLoader.cs: 6f1f07799f3cfe795f955033c27f98ed -> f71e35ced40721d6906e578fb6e7f0e9
  custom:scripting/monoscript/fileName/Log.cs: 2f3b85a20367d6d99e3a14c7ae399267 -> ef974d1e30c85abd7256cecbc60a1fbc
  custom:scripting/monoscript/fileName/TMP_StyleSheet.cs: de73099b6bd4b9281c92feedf1315618 -> b6deb5f646a1f5ad7b696d32618ba797
  custom:scripting/monoscript/fileName/TMPro_Private.cs: 90647cc400823b41df847a6cbfc29026 -> 8f6297df34271fdb1ce2d9607ec6261d
  custom:scripting/monoscript/fileName/TMP_MeshInfo.cs: 89833651f7d905e51b340ec2afe531d1 -> 375ed9fada55d6bf39f9352ef1dd520b
  custom:scripting/monoscript/fileName/TMP_SpriteCharacter.cs: 81dc73ff0878d6528202f8be44877b26 -> fe232bb280dddc880a01918d3502c13a
  custom:scripting/monoscript/fileName/SceneDragAndDropListener.cs: 07a111f362d027d85d45bdb7a902f14e -> 7eedb350c997b79189715bec5609131a
  custom:scripting/monoscript/fileName/PolygonSet.cs: 1d5b94bd81a36884686c2f6dc3640c06 -> d3555720d371c4592c80ff65e5b1085e
  custom:scripting/monoscript/fileName/DTSweepDebugContext.cs: 6ac3331923d1210cbd6f306a6bc3e3c2 -> 48402eb94f889eead1a14f20ba973022
  custom:scripting/monoscript/fileName/EditorShapeUtility.cs: b01457005654bb980604fba5d004d802 -> c452951f22509d3851777ee5927b7553
  custom:scripting/monoscript/fileName/Cube.cs: adf8d58792eaf50687787b68f170b6d6 -> 5a04a3344fd366715c4f1ec6471bd7b1
  custom:scripting/monoscript/fileName/Clipping.cs: 1741f8440a6254efcb95789a09be4e6a -> cb4ee0c14739aef486e76b64df8452f3
  custom:scripting/monoscript/fileName/TMP_ShaderUtilities.cs: 84a261643983e306d02445da38ed662f -> 75ec062faab558cb3190dcd3e4820547
  custom:scripting/monoscript/fileName/TMP_SettingsEditor.cs: 56bf06371df7e13c5b8cc88becb89a4d -> aa2b5eadaadb4b54b49cd650a2246119
  custom:scripting/monoscript/fileName/ShapeMenuItems.cs: 5f7ac6f810ef27e38f22b209ac1fc203 -> ae71d417fb6ad9ee80562655da47e069
  custom:scripting/monoscript/fileName/TMP_UpdateRegistery.cs: 1f23864d29c3a03d22aa9b00a337cf78 -> 62691e6bdb107984e7d826316a6498e1
  custom:scripting/monoscript/fileName/TMP_PackageUtilities.cs: 89e6e95503dd36070edf73e7aaab4557 -> 029634ff6f667ebc9454d70fde4def50
  custom:scripting/monoscript/fileName/TextureRotateTool.cs: c2d0baad66e4308f6143c552f0536843 -> de64360b3418b9277960231417fd3632
  custom:scripting/monoscript/fileName/SubdivideFaces.cs: 9109bab35f1c932e6b2935ab1452a120 -> 2f575da67016e5b8df89dad1b65d5a8f
  custom:scripting/monoscript/fileName/ProBuilderMeshSelection.cs: 90647cc400823b41df847a6cbfc29026 -> 8f6297df34271fdb1ce2d9607ec6261d
  custom:scripting/monoscript/fileName/Face.cs: a341fcdb31a7309723bdeb224f913433 -> 6b59248edf20736fe649e807e73c44a1
  custom:scripting/monoscript/fileName/FastAction.cs: dfbe75b66b645b53472915ad2590af11 -> 94d6ead813247e604740a116c5fa92db
  custom:scripting/monoscript/fileName/TMPro_TextContainerEditor.cs: b2fbc5db24221a870c4de162a712cbfe -> a97aca5bcf1b2486a0f60b2c7a935c42
  custom:scripting/monoscript/fileName/TextureStitching.cs: 282cce0694f10e0de5a3bd7509995bd0 -> d95c0ab26b17358202fc0975ff46e659
  custom:scripting/monoscript/fileName/ArrayUtility.cs: 1a4a57b6fbdf126f88c3fded2fdb776b -> 1c0723927a1dea4084aafa27e0babf3e
  custom:scripting/monoscript/fileName/ProBuilderMeshPreview.cs: 2c7c631c64eeea962429990f92666a51 -> d0230fea5a4d87373ad48ccae09a5956
  custom:scripting/monoscript/fileName/SelectEdgeRing.cs: a765561d8bccdd9a6baf3be3ef9ae6db -> 27dd4e73df0c1e8d2b1c164c1934d4ce
  custom:scripting/monoscript/fileName/FileUtility.cs: 71e69a0dda932652b4750f9f3d825114 -> 2961bba77c56c2a7229c3afaf4d78e44
  custom:scripting/monoscript/fileName/ContextClickManipulator.cs: 551ac0135cff9eba4bc63f242fd17841 -> 00a2ed4616fd5b136c16062206b02a4a
  custom:scripting/monoscript/fileName/ProbuilderRotateTool.cs: 46e8d522aca3344981cffc698ba16ada -> dfae9ba6f205547711d4eb1051f4780b
  custom:scripting/monoscript/fileName/Stairs.cs: 172b180c42a148fadf6415c52210a729 -> e254dec4f733abbd87258b46868d5452
  custom:scripting/monoscript/fileName/ProBuilderShape.cs: 3618f60e8d988cd8a0d66f0d060fd11a -> 4b94d05e947c45e53fde635ac0ebc2cf
  custom:scripting/monoscript/fileName/UnwrapParameters.cs: 644d0ce037708f9b6663416e490c0d59 -> 4d960715ecef383b56d2951e9c9da8c2
  custom:scripting/monoscript/fileName/DTSweepConstraint.cs: d620e55901dd883c92623a89c42030d5 -> 59c05bd289d9bce59258a29a158ea47e
  custom:scripting/monoscript/fileName/FillHole.cs: 49c97a483d8d6d36ce8ef90c74d4a79f -> aaa6fe80b3a68244078a7567ada0e365
  custom:scripting/monoscript/fileName/Prism.cs: c53bfe8cdbfb08eaf3dbf8c35a208bd4 -> 5f904ea39c8c32d25068cda89e69a200
  custom:scripting/monoscript/fileName/TMP_GlyphPairAdjustmentRecordPropertyDrawer.cs: 1a07941369755af9e0a102a45e9058c5 -> 6f07d27e8ea91e29d6bd5f39dd8deb23
  custom:scripting/monoscript/fileName/NewPolyShapeToggle.cs: 8acdd5cdcb7ee88e0e50b5931573fb4b -> bad7bfc867c0bf962133efa0f79b1273
  custom:scripting/monoscript/fileName/ExportStlBinary.cs: 5c64685a83bd5cbedf78a40252f3b12d -> dd8e10d762f32598ab0e1122ef48e9d4
  custom:scripting/monoscript/fileName/FlipFaceEdge.cs: f530ea0a74860a23981eb940ef68b251 -> fb9aa292368cc4ed51a43e9289ea2cfd
  custom:scripting/monoscript/fileName/FreezeTransform.cs: e675172267d870c70773e18ea0e1e250 -> 1599ad6ba59967d6e4db33cdd9b238e2
  custom:scripting/monoscript/fileName/ExtrudeElements.cs: 4c7ec400f4d4c6eaeb8b42dd1d2a747d -> 806117c07177fd070bb6a8f15afbe267
  custom:scripting/monoscript/fileName/TMP_FontFeaturesCommon.cs: 7d1db71d73353e7dd97f094c509882fa -> 89ff6ee76bb6f84827488d597e70ea5a
  custom:scripting/monoscript/fileName/TMP_LineInfo.cs: bb529d63c9723788bd7143f27cd69eaf -> 22ff02e7762110d3cc1f4bc096ea014d
  custom:scripting/monoscript/fileName/PreferencesInternal.cs: bfcfc9829daeeacc6e112df0986f85a6 -> 530b66421d3187fea0f2ff7b5a72657e
  custom:scripting/monoscript/fileName/VersionValidator.cs: bbb65e8a50d52b88a89cdeafda2af2f0 -> aee62f3e1b7975d116f5ff369b76465b
  custom:scripting/monoscript/fileName/UvAutoManualConversion.cs: 762f54589cdc906e3e1c04a57cf8ef9a -> 00828e5b9f8d412532156fb92532052a
  custom:scripting/monoscript/fileName/SelectVertexColor.cs: 7f0acb641efa7529c84cdbc924192168 -> 2865361f5d53aa2680c91d8c32a970a4
  custom:scripting/monoscript/fileName/ITriangulatable.cs: 5f8974429dff74ed7b6ecd00071f21a9 -> e9a73ba7369908268727333b921f0a74
  custom:scripting/monoscript/fileName/SelectFaceRing.cs: 3c7218fc27e261315951073ae7a7ef33 -> f5d0b1fb65552736125cad06744f8320
  custom:scripting/monoscript/fileName/Bounds2D.cs: 16ca90bc5c32dbbd92a84501f2c2743d -> 4ee9454de9a8cc8ab3a847168e9e1f47
  custom:scripting/monoscript/fileName/ExtrudeFaces.cs: 8da1d7548a755d4f7bfa6a3ad702beef -> afb8e77f6f04c56f7c5998b35b8192ec
  custom:video-decoder-ogg-theora: a1e56fd34408186e4bbccfd4996cb3dc -> 
  custom:scripting/monoscript/fileName/ConstrainedPointSet.cs: c9342aea7930c4ca55cd85acb4b82d33 -> 47771b5cd16d7a2fb324358db317755a
  custom:scripting/monoscript/fileName/TMP_UpdateManager.cs: fa7e71df671c5b3088b39753e4bbc70d -> 2b12c9b6d4082e0390a306eceed60fc6
  custom:scripting/monoscript/fileName/PointOnEdgeException.cs: 9e0012c09b9fee63c09ec06c54fbb87d -> 111622b5fd1bfc13cefcbb1aba3b389a
  custom:scripting/monoscript/fileName/DuplicateFaces.cs: 5ac5a69e6f038f9fa1492c8090a28996 -> fcd403cc51417d4fabdcff556d863805
  custom:scripting/monoscript/fileName/UnityScenePostProcessor.cs: 3af372e3e8128a470ce2c75685918c73 -> 355f8337335879c63d848a50cdab2946
  custom:scripting/monoscript/fileName/AssetTreeView.cs: f69e053f44c2ceb1d31b6346bdecf246 -> 2e85c4f99419cdb4a1518e9dc0b1f7e0
  custom:scripting/monoscript/fileName/TMP_TextAlignmentDrawer.cs: 011b7908ef5eb5e9dea532c77e85c538 -> ad15f73780bb9949f148eddcc3c3fbf7
  custom:scripting/monoscript/fileName/TMP_EditorPanel.cs: 0631f68be4ca0623bf3e313ec9becbc9 -> 0bd13db7cdfa07805bfadd631c0ddba8
  custom:scripting/monoscript/fileName/IHasPreferences.cs: a5f85efc1fefea988fce750a73fadae7 -> 1ad5ed8c1aa8e49fd9ef61122c0c14c9
  custom:scripting/monoscript/fileName/TriangulationUtil.cs: f18a7fb009b05f02616bafd07fbae553 -> 9c34fd675f82fec84d9e1a93c81ec48d
  custom:scripting/monoscript/fileName/SelectionPickerRendererHDRP.cs: e1a12a27c7781421a618a7721df48c68 -> 8743fb0efc136665a8cc090eb2b971c3
  custom:scripting/monoscript/fileName/TMP_EditorUtility.cs: b242106620cbbc38f0411146a086b885 -> f68b71b7543cddf9e4cdf261d5f519e5
  custom:scripting/monoscript/fileName/TMPro_CreateObjectMenu.cs: ddee59388caa7a56693342f3a805d427 -> e9e63aff764c7e7fd08e66f87103df4d
  custom:scripting/monoscript/fileName/SelectMaterial.cs: 9a86428319d18f00e00cf559df42df52 -> 68253dfa0eb4aed4fa93ce3f7dfd78d3
  custom:scripting/monoscript/fileName/SelectHole.cs: 331dc98cef43e5c9a3f6963fcc1bfe76 -> 30a46f79959cc819958849feeb1c5941
  custom:scripting/monoscript/fileName/PlyExporter.cs: bf5494e3645f49425628ca78199ab31d -> 387fdb165aa0453aa97982c13d7544ba
  custom:scripting/monoscript/fileName/SelectionPickerSettings.cs: 2d19355ddaebe622fb966ebf4e2a7407 -> 4abbf7aee3c44abab686a289f1fa4626
  custom:scripting/monoscript/fileName/ConformFaceNormals.cs: 05b09c7c65b09cbd069b7d54a7757b98 -> 70ae96991aefdfb4e1066374faf96754
  custom:scripting/monoscript/fileName/TMP_SpriteGlyphPropertyDrawer.cs: 1447c7afab82cf56bc359d5c7fba114e -> 4a6f1515709a40d92e24c84ec92fc53a
  custom:scripting/monoscript/fileName/DTSweepPointComparator.cs: 797b86f3c76f8674cd07c1b4091aebb1 -> 22d3ddb7fd4121b94809f8679e66fd07
  custom:scripting/monoscript/fileName/ProBuilderSnapping.cs: 299be986ce6dd2a383c58b87f56cf5bc -> 085a40d43e316416e1479fb555081379
  custom:scripting/monoscript/fileName/FixedArray3.cs: 90647cc400823b41df847a6cbfc29026 -> 8f6297df34271fdb1ce2d9607ec6261d
  custom:scripting/monoscript/fileName/TMP_Asset.cs: 7e95c8d89188057bea8fc9569c9aa309 -> dcedda1866ab6edcf1af2d4525512628
  custom:scripting/monoscript/fileName/MenuItems.cs: 36e8964894b4a740a9cbe85327eddbf8 -> 4497504db5d8eca795d2ad25eee9f798
  custom:audio-encoder-webm-vorbis: bf7c407c2cedff20999df2af8eb42d56 -> 
  custom:scripting/monoscript/fileName/TriangulationConstraint.cs: 02158ed4aeb2e0540be606ebedcd9aa5 -> 0faaf851a99afd5bae9e2ff752a2f938
  custom:scripting/monoscript/fileName/TMP_SpriteAssetMenu.cs: 05ea7b84320d1b77a6d1ae49c41ee9cc -> a42d2dc20ed9558b36972dc6e6d71655
  custom:scripting/monoscript/fileName/TMP_TextUtilities.cs: aab2855e68416a0a1f2f8904059662aa -> f68f97869f24792bf3a3694d69de955c
  custom:scripting/monoscript/fileName/ShapeFactory.cs: 0502fb9700fa7e8a16f4ae24254c8fb0 -> af4823c77fbc7658ddf7f8bb8aaf4480
  custom:scripting/monoscript/fileName/DTSweepEdgeEvent.cs: 0fd87cf929642b86af7d774c6fbe71c0 -> a2b304ddcb79e5db61493e9a786f471b
  custom:scripting/monoscript/fileName/ProGridsInterface.cs: 495262c8bdcccdf28a7c22cd60c9f4e7 -> 0aad9e6f8f7158b54237f57ec21d125a
  custom:scripting/monoscript/fileName/TMP_Dropdown.cs: ecea2f8babcb40d207d2e73158251f60 -> 39f6048c754db30f2da2ea32254db16b
  custom:scripting/monoscript/fileName/TMP_BaseShaderGUI.cs: 25118693f24c47c8a4b530b8bff26574 -> 2c2d4519754bb0c1dd0a107014b7ac8a
  custom:scripting/monoscript/fileName/MenuToolToggle.cs: 2abf8abff0704256700f4bae8074325c -> 510f254c215fa427f0124a42916b8aa8
  custom:scripting/monoscript/fileName/Cone.cs: 3ac9bedd6ed3a29bf5087d05f2c8a2a9 -> dc0d616f2196b303120236acb63076f9
  custom:scripting/monoscript/fileName/HierarchyListener.cs: df959326ae23895096fc25ce5eee65bb -> 419707e5338fd8411ffb999da97ad7a2
  custom:scripting/monoscript/fileName/MeshUtility.cs: 012ece355ae629d1c430517d97b8d6e4 -> 7a57f12791c9c801d83899c7f242fcbf
  custom:scripting/monoscript/fileName/TMP_ColorGradient.cs: 8d91c7c4749088eca69648d37a965bf8 -> 3baf9c6d3c50fc594e68e0c756eb8779
  custom:scripting/monoscript/fileName/SelectRing.cs: 6912c38cf645b01b143799d78cd61ef1 -> 86c04fa9b69f49e0a33986421184d6b0
  custom:scripting/monoscript/fileName/EntityUtility.cs: b021dbc0e14e8512304615a12fc46603 -> 9c2a19c8387d47c96fe3a7ec65b3ba2d
  custom:scripting/monoscript/fileName/Model.cs: 9856304bdbd2e76ecd815f3a6141f1cd -> 5f28c5444af8a33503cdc094930b5ed8
  custom:scripting/monoscript/fileName/TMP_CharacterInfo.cs: c840ce0b0aa6c1faafb27b3b884b2328 -> d2593478681404ce2cbd40e4e2f8a6d3
  custom:scripting/monoscript/fileName/TMP_ColorGradientEditor.cs: ed654c9d45026a5f71e6e9535130c15f -> 187fe88a4e95285275d1781f1da14d92
  custom:scripting/monoscript/fileName/CutToolToggle.cs: 552b76f8f489d420018d2bc016dee384 -> 991af3b2d5ecfe4a755a89c4427d29f1
  custom:scripting/monoscript/fileName/TMP_PreBuildProcessor.cs: 790c12dcd4980aa978fd28fb6f89fb37 -> d965cd4513e689cb01c0481012a89dee
  custom:scripting/monoscript/fileName/SubdivideEdges.cs: ea38859c9b60817b797cd0bc73fe7421 -> 51e662486f2ec78c887428bce9cc9b15
  custom:scripting/monoscript/fileName/EditorToolbarMenuItems.cs: 46058aaf6133ec8b6c96241a03c62a3a -> 060ec5f828cd41cc516ff59a79b3a9cb
  custom:scripting/monoscript/fileName/EntityVisibility.cs: 813cb3e764ffc83643f0aca9bfa0af07 -> 46fa3d1b1d698960648bd66414062d91
  custom:scripting/monoscript/fileName/NearestNeighbourList.cs: 0cdf409b5aa8d4c25876d72b5c6a3b60 -> a53f96815da50de15010b1c479bc70cf
  custom:scripting/monoscript/fileName/ExportAsset.cs: 64ea3c10f23669e99308cf5709607fe7 -> 13711cfc5906744546bb775cbefb2410
  custom:scripting/monoscript/fileName/TMP_SpriteAssetImporter.cs: 675c97d72afe988872a20f51812f7cdf -> 06875a6ac5102e58811218e1c5dd33ca
  custom:scripting/monoscript/fileName/AssetId.cs: 72051ac5858b603f67e79ad23943c39b -> a1ea614044a0829b1144b92d44d7bdbc
  custom:scripting/monoscript/fileName/ProbuilderMoveTool.cs: 0bc95615dcf63b5cbaf368eee6b40041 -> 0d4afed4ce21a6d48fd4739c49092194
  custom:scripting/monoscript/fileName/Lightmapping.cs: 729d5176389c7d55a1cea260e00908f3 -> b6f4ed35c1cea0f87578bf70c4ae8962
  custom:scripting/monoscript/fileName/TriangulationDebugContext.cs: 87fbe3212c108a097e48e0b9075b23af -> becd153078a4add97a1ccdeef8966064
  custom:scripting/monoscript/fileName/SharedVertex.cs: 9680b52997af34358e173ceeda08f072 -> 5102ddb8d2e8a0a19e58a9e9f4bc9380
  custom:scripting/monoscript/fileName/TMP_SerializedPropertyHolder.cs: 99e5dbc1fa1abe750acc8166e4243be8 -> 9860586610cb3d91ae7f4ce33ab22d0b
  custom:scripting/monoscript/fileName/CutTool.cs: e6300f07efa58b123cc9c4077043e15d -> 3a8150d779215dd32fb1063fed27d140
  custom:scripting/monoscript/fileName/RaycastHit.cs: 9675f1dd2c2a246ff2b48ea6c764f6ab -> e6010eda614e0c2e9143a1b5e5ca7a3e
  custom:scripting/monoscript/fileName/MenuActionShortcutAttribute.cs: 8ee1e1f0f987fedec31fbb0f30bf1447 -> 1f77266708d4eb2e88b379ea95d28a89
  custom:scripting/monoscript/fileName/MenuOption.cs: ec547da010b1f775387dac0d6dfc2379 -> 707688870f14f2a3b47b84564d682116
  custom:scripting/monoscript/fileName/ToggleDragRectMode.cs: a6f38316b8f4d3d28669b3b66d64c405 -> b3081d16943219892565319791527824
  custom:scripting/monoscript/fileName/Normals.cs: 2fceabbe4457a8c2cd17103527fc3999 -> 854a9db6009ce4e4e1a5a6a1429ae3a9
  custom:scripting/monoscript/fileName/TMP_SpriteAssetEditor.cs: 8a42af05e85c0eed4128787976375b45 -> 7dcaf47692799a91aa4e5cd439bc54d0
  custom:scripting/monoscript/fileName/TMP_ListPool.cs: 90647cc400823b41df847a6cbfc29026 -> 8f6297df34271fdb1ce2d9607ec6261d
  custom:scripting/monoscript/fileName/ShapeState_InitShape.cs: ecc7de96dd0c9d79cb24f533500a9905 -> 2fa1a3b73afeeeee81eae401c7606511
  custom:scripting/monoscript/fileName/TMP_SpriteCharacterPropertyDrawer.cs: 14565b4e4f9266584dc3194fd967d252 -> 63186d320ccdf4dfa06fbce4e897d3f3
  custom:scripting/monoscript/fileName/SplitVertices.cs: 30ce1208e3cd3ede28dd939c947c561b -> 618078c7e88b5acc189bcd729695f46c
  custom:scripting/monoscript/fileName/EditorGUILayout.cs: af6b60ff05c0a0b5e8b12b58eeee0a3d -> 36777319bd90832c88f578235414dff5
  custom:scripting/monoscript/fileName/ActionResult.cs: 878c00c54fb54c01804190a9d0655ed4 -> 0d60f69bc5e2fca2ac443cde22d11e3e
  custom:scripting/monoscript/fileName/ToggleHandleOrientation.cs: ff423b63e0ebde3f2c92755b6b7ee322 -> 71c78fd74ab7b833d0e267e5c3711105
  custom:scripting/monoscript/fileName/EditorSnapping.cs: df92563ba70f0b4fd00aaa62e5c8ce20 -> 4a87eff127e8d7fbb8723dbf79961300
  custom:scripting/monoscript/fileName/Polygon.cs: 5ac035759c9f8a76e3cbcd97006ade55 -> 4745c5bc7736972bec4ed0e009b03670
  custom:scripting/monoscript/fileName/TMP_BitmapShaderGUI.cs: 2ce3ac811452d1d6d82e565157cac3e2 -> ef806c32b355e8831ed4eb3f5e3400ff
  custom:scripting/monoscript/fileName/MaterialPalette.cs: 6eec2d59c4da6a8a8bfa6297b1bcc8a2 -> 4f05212f130961d08f1275198f3775b2
  custom:scripting/monoscript/fileName/TMP_ColorGradientAssetMenu.cs: 83563be632f8167fcdca7878d36901f9 -> 79ee3689ecabb3de162f43faa3b27adc
  custom:scripting/monoscript/fileName/KdTree.cs: fa1071bf87824d896f817aa60401970b -> a7ae47651017042dc98f27ecf5bc804b
  custom:scripting/monoscript/fileName/UndoUtility.cs: 01e71ce5a533c75551e0a685057d1f5a -> 699a87849619a15bc7d40c3f03f5d21a
  custom:scripting/monoscript/fileName/BevelEdges.cs: 900660c27c5ca8704eace46fcb229e08 -> 64819a0d909bce6850d147d97c08eb3b
  custom:scripting/monoscript/fileName/TextureScaleTool.cs: ada73f928df57eed2635e39d4b904480 -> e8fef69b6ba33a1320f4edf24d19eafa
  custom:scripting/monoscript/fileName/Normal.cs: 8aabbd74ea5a1bafd9f9f458ee31f0ea -> 4565256c89908ad68384ccab8dde842c
  custom:scripting/monoscript/fileName/MaterialReferenceManager.cs: c970e86594a0f568cbda548f2d4462c1 -> eaedc912311d98c6b58e199f6250c848
  custom:scripting/monoscript/fileName/DropdownOptionListDrawer.cs: 4362475bc384312c771d88865ee2f40d -> 342ee3f9c806e60b189c02609042c492
  custom:scripting/monoscript/fileName/WingedEdge.cs: 4d875b987a0abf3c39f7fbca07295966 -> ece2c29cf92323892f2f676ae0ab5f8e
  custom:scripting/monoscript/fileName/PolygonPoint.cs: 5deffe9741b5d71ba54cbaa302167698 -> 175ce7411af6a4d40df44407895d65c7
  custom:scripting/monoscript/fileName/TMP_Character.cs: 015720458ea991fbf07357eae19532db -> 2bff3626198e4d2228876f1e687078e0
  custom:scripting/monoscript/fileName/SelectEdgeLoop.cs: 2335c8d843b8886988200cdd4d6db849 -> c8e14bb119a739eacf384c2ee94cfa4f
  custom:scripting/monoscript/fileName/DimensionsEditor.cs: ec4125bca3b24bfc179b302c1fca5bf2 -> b091bdfa64b173b75503f27592f41570
  custom:scripting/monoscript/fileName/PointGenerator.cs: a1aa7e0803f517e32a9376a405ccf247 -> b0e9595f95e2dc5a9cba5384c6c111d4
  custom:scripting/monoscript/fileName/MeshDebugTool.cs: 37611c9d109cb7f09200abdfa0dae3d7 -> a132f077546caca746258de594424fa7
  custom:scripting/monoscript/fileName/OpenUVEditor.cs: cb3d61ee3cb3d622ab4668fb4c46395b -> b3e0347f921eaa1aed80e7d94dbad98e
  custom:scripting/monoscript/fileName/Pref.cs: 90647cc400823b41df847a6cbfc29026 -> 8f6297df34271fdb1ce2d9607ec6261d
  custom:scripting/monoscript/fileName/ITextPreProcessor.cs: a7aa94de5d5bfce2bdd74516315faaf2 -> 28ed6b2ca482997555fb0291bd20c40d
  custom:scripting/monoscript/fileName/SelectionPicker.cs: 0497fef85e2b96a812879276bdcae9cf -> c921a310dd07cf55e480e808cffb67df
  custom:scripting/monoscript/fileName/ExtrudeEdges.cs: ddb56ecccd06d064cce30e8ec94c3a24 -> 19e260fff6c055728a0721c6c286ef57
  custom:scripting/monoscript/fileName/TypeMath.cs: 90647cc400823b41df847a6cbfc29026 -> 8f6297df34271fdb1ce2d9607ec6261d
  custom:scripting/monoscript/fileName/Torus.cs: 80ba092579159f0ee10eed09283f5118 -> 5f68a512dd3143e54e2414447c81ccce
  custom:scripting/monoscript/fileName/DeleteFaces.cs: 6b563d42d9e83bc675dc19702c968415 -> e1be94c0b7147b4ca322ce14b5886538
  custom:scripting/monoscript/fileName/TMP_GlyphPropertyDrawer.cs: 56b500a16a5c8f635a7bfdd702279864 -> 75006bca208b32d4fc4710404c538acf
  custom:scripting/monoscript/fileName/ProBuilderMeshEditor.cs: 409e7369087b8f191734315fac6dc594 -> ba7cea26e2ee054ce54afeda55e2acbf
  custom:scripting/monoscript/fileName/MainToolbar.cs: 162e661b90bc0601e328b0d9c9a85d04 -> 79e78de572e97d829048a28a265ce89f
  custom:scripting/monoscript/fileName/TMP_SubMesh.cs: 9fd75270af40187985e5c14cc85ebe42 -> ff760a824537d48706351b95c8d4be21
  custom:framework-osx-AVFoundation: e770b220cccbd017edd2c1fefb359320 -> 
  custom:scripting/monoscript/fileName/NewShapeToggle.cs: 5f15e27392c39392c01d85b37192a28d -> 22e82395ce6e7dd83b0ee49932a6239e
  custom:scripting/monoscript/fileName/ConformObjectNormals.cs: ea6076ebe43da4b8ba6bcf8b94771359 -> 4237fecfa7cb9083988c803cf9294e58
  custom:scripting/monoscript/fileName/EditorGUIUtility.cs: 6cbafc8575de9d68c30b4fb135d63bfe -> f3bd9b8b5b6ca69dd3a4b5b66ce54864
  custom:scripting/monoscript/fileName/PolyShapeEditor.cs: fe3b7706705ed3c4dd84e573dcfcf6ed -> 2a86b654592bc26e694909cf5af65305
  custom:scripting/monoscript/fileName/InsertEdgeLoop.cs: 79633fa178da92a5c6294668ef444484 -> 2ae8d1c474b26256ab945d0d24356ef4
  custom:scripting/monoscript/fileName/TMP_SpriteGlyph.cs: cb4cdca5a4c6415e4f27ee5280164c41 -> 52a9bbe662618c4a5697bdefcba63d59
  custom:scripting/monoscript/fileName/SetCollider.cs: eae49933455a2c9b95713257135e4d8f -> cc3abb7dddeab450901f477ce95c40d0
  custom:scripting/monoscript/fileName/VertexManipulationToolSettings.cs: c46b46378b08a08e84560f649870b305 -> 98d6d07bac1309b24551406f82682144
  custom:scripting/monoscript/fileName/TMP_CharacterPropertyDrawer.cs: ddc6f8909fdac3de9238e9b86e411c3e -> 0fc1d1caf2f580e74b2224e6797250e4
  custom:scripting/monoscript/fileName/BezierShape.cs: b5801eb32f53d6731ef1dbd52394d0d7 -> 492afc0ee5d42c626ea1b854fe143d38
  custom:scripting/monoscript/fileName/EditorSceneViewPicker.cs: 13df4fde3106db2f1cf39c7820e34ef1 -> eb67d7fdef944856bd1331ac0db3e899
  custom:scripting/monoscript/fileName/QuadUtility.cs: f80c36f8b1183a738f2c4f7fa2ab27d9 -> adb8691cdbca3794813626448d418031
  custom:scripting/monoscript/fileName/Changelog.cs: 796ad3f3a5d8532b75e1fde95ea4a6fe -> 1122e49c3fdebdba4214b6f13d0abe53
  custom:scripting/monoscript/fileName/TMPro_EditorShaderUtilities.cs: f4cbef9348a73d49f1efb8d10ff07bf0 -> 1203fb3feabf58cb81d888055364f838
  custom:scripting/monoscript/fileName/TMP_FontAssetEditor.cs: e359b61135381f6b1d7b8c7e97a930f3 -> ff94a59ea0ba0aa81aa8a7f307f2efd3
  custom:scripting/monoscript/fileName/pb_Stl_Importer.cs: d65407d7fe02c27f450e320f523317a6 -> ce59d2e546360b5ddadc9d3acb103aaf
  custom:scripting/monoscript/fileName/KdTreeNode.cs: 90647cc400823b41df847a6cbfc29026 -> 8f6297df34271fdb1ce2d9607ec6261d
  custom:scripting/monoscript/fileName/AdvancingFrontNode.cs: 03e5d4b9222c4095e8449306398434f5 -> be7e972b9ebcf3f33ade1e8d7b8fe2a2
  custom:scripting/monoscript/fileName/InternalMeshUtility.cs: 47e64566b64f31667f3ecd22aea855bd -> 0de5a64e33f4d323f20840f87d91eac0
  custom:scripting/monoscript/fileName/TMP_FontAsset_CreationMenu.cs: 1c5caeb31a0df734411a201aca87cb03 -> 18345b423cea91a35f20f73f48aee7e1
  custom:scripting/monoscript/fileName/ITypeMath.cs: 90647cc400823b41df847a6cbfc29026 -> 8f6297df34271fdb1ce2d9607ec6261d
  custom:scripting/monoscript/fileName/ProBuilderize.cs: 006fb89e624c26dbea4b2af78139477c -> b6e77a89ac28a6cbd8f1723f941fdb1b
  custom:scripting/monoscript/fileName/ToggleXRay.cs: 2beaa89293af925965c361a628716eab -> 66d092c0bea39a1303fa5c233fd26486
  custom:scripting/monoscript/fileName/PolyShape.cs: 68d98358b4f6d4a567396bfd2d8fb6a8 -> b90e7a66031592bbe404809c789b99dc
  custom:scripting/monoscript/fileName/pb_ObjectArray.cs: 23d64ec5390756f20b8935c6d27ae727 -> d439f54f1103ffdcf066b930ef0ed002
  custom:scripting/monoscript/fileName/Subdivision.cs: 2d3ed2728b5e862f0b20dccff60f596a -> 4214f7e3c186352799919f680c300ab9
  custom:scripting/monoscript/fileName/ProGridsIgnoreSnap.cs: a6e9a46f7d1ca1bca90f5934e2b8f31e -> 17b54a171d61eb9640a0177ff9a66582
  custom:scripting/monoscript/fileName/TMP_CoroutineTween.cs: 76849b8d6d4ce499ad8ffee762e4a4af -> d4d869f6662b40274a62453f83c8a425
  custom:scripting/monoscript/fileName/SelectFaceLoop.cs: 41e1c4627a230cc32925e760a4ea1602 -> 2fb1c9710c6290c12316023624118d04
  custom:scripting/monoscript/fileName/ColliderBehaviour.cs: facc1ae2f42419fa1146003334c8bf66 -> d451213d21d47b74c407263f33a03ef8
  custom:scripting/monoscript/fileName/DeleteElements.cs: 4c13bc6aa328361166e449ea1ebb36f9 -> cf9b14012964b37f66698ee9c47500c7
  custom:scripting/monoscript/fileName/LicenseEditor.cs: 63763a27e13858a79a8d582236d3aff4 -> ee245f6e173f0d7c8e571bfc7220c407
  custom:scripting/monoscript/fileName/TMP_ScrollbarEventHandler.cs: c015e39b5a3f1a14518ce039f30e10af -> 55de10d862075cd935d8381c309f39e0
  custom:scripting/monoscript/fileName/GlyphMetricsPropertyDrawer.cs: 438b07e6eae795dab04c32f51ac4e752 -> dd0833870bcea17556e6d67c750c6ffc
  custom:scripting/monoscript/fileName/SelectPathFaces.cs: 80c6b565b5df1b6163de14f2f5623788 -> 956e5d9a52c910e4b588c354acd25c57
  custom:scripting/monoscript/fileName/Triangulation.cs: 09054241e6b66b6bff40ad35686c73c1 -> 1e8fcc43754c28019feda244e426966f
  custom:scripting/monoscript/fileName/TMP_ObjectPool.cs: 90647cc400823b41df847a6cbfc29026 -> 8f6297df34271fdb1ce2d9607ec6261d
  custom:scripting/monoscript/fileName/Node.cs: 291859575cb9c6e25dde80dbcd31fe5f -> 8234dc34b4b50e44a11739a21fc7dbb0
  custom:scripting/monoscript/fileName/EditorMaterialUtility.cs: b048d9073a287734afa3e8a672786fb9 -> 84a70b59d1d63e712f67e813ba36d7ae
  custom:scripting/monoscript/fileName/MergeFaces.cs: f0a7123f95ff8b6d8a9b42653a9c0700 -> 478bd082b921878c0faa5fbd914f4623
  custom:scripting/monoscript/fileName/OpenVertexPositionEditor.cs: 8383d3bdff3fd2a102f368cd27c823e5 -> 1c2587ac934db4dcbc17554a467f1939
  custom:scripting/monoscript/fileName/TMP_SpriteAnimator.cs: bf3a797c3a059d3698e93e0031d7f11c -> 126f1482d1430ed8648c2a6d8d693c6d
  custom:scripting/monoscript/fileName/Door.cs: 01c9614e23978f328b71d053948f991a -> cebbdc7207e599ec2335d015d5c88709
  custom:scripting/monoscript/fileName/TMP_FontAssetUtilities.cs: 5b7a9bc9c5c56e3cb5ccc808a2bdd9e4 -> d84a52975d941e769af4ae15b3aaa211
  custom:scripting/monoscript/fileName/VertexEditing.cs: cb46c69b687fb75b59e3367415afaff1 -> 48fa141f1142ca37a0a888ca67e8ef34
  custom:scripting/monoscript/fileName/CombineMeshes.cs: a9ce7a0bc7639b0c1010471275dc600c -> e57faaa9d1f04fee988363e931293786
  custom:scripting/monoscript/fileName/ShapeState.cs: 3749e2c667cecc0f702ff706b018e886 -> e988bef49163d375955329bc9ae0456e
  custom:scripting/monoscript/fileName/PolygonGenerator.cs: 2aafe12f9c6b9da7c8245101147d5dd8 -> fa18afe7d5bd64c8cff6760ef14f2100
  custom:scripting/monoscript/fileName/BezierSplineEditor.cs: 3ad6df2b7420af9029add9cd3b037737 -> f5eedf610dd8f3757db29bab55565da5
  custom:scripting/monoscript/fileName/SelectLoop.cs: 03ac0ad9679c503b1c8b7fe6c371f29c -> 5d42efd8d6620a332d218c45d18a3cd9
  custom:scripting/monoscript/fileName/AutoUnwrapSettings.cs: 505c9e8ec7abeb42e5de8a57e4ff3803 -> 015a471b4dbdaa33489c4d36328c3beb
  custom:scripting/monoscript/fileName/PriorityQueue.cs: 0cdf409b5aa8d4c25876d72b5c6a3b60 -> a53f96815da50de15010b1c479bc70cf
  custom:scripting/monoscript/fileName/MaterialEditor.cs: f530beda68d4162ffebd1ab086eac73e -> acdbf38b336001cc3e985cb342226383
  custom:scripting/monoscript/fileName/Sphere.cs: fc1a890637c16d42bea0288fac0d32cf -> c1a44c6d944741157e928ad0402333e8
  custom:container-muxer-webm: aa71ff27fc2769a1b78a27578f13a17b -> 
  custom:scripting/monoscript/fileName/TMP_TextProcessingStack.cs: 6146dd1b7f9b90aa342ef9794e387c23 -> ef8795fce16f80562f220a2f8bcb6bd2
  custom:scripting/monoscript/fileName/ProBuilderToolManager.cs: b1a465d81a664e6bb35ec8ea83bc4b74 -> efac8a6290fba659fcd8fd21e95506fd
  custom:scripting/monoscript/fileName/VertexPositioning.cs: 72fdeca4b408d9862267b32f667e1074 -> 8173a895fcb8b6774e5176bb1cf53649
  custom:scripting/monoscript/fileName/MeshImporter.cs: bf784b146e3ce8404151198f5cf6434d -> c065f89f4f1bc987d93f1b4ab6189570
  custom:scripting/monoscript/fileName/MeshAndElementSelection.cs: a24a0934fd2aa12cf7e44f99f89ac69e -> ffd56092cae22dd65182d760efae6efd
  custom:scripting/monoscript/fileName/ColorPalette.cs: 1c1b41242ba5ca26499c5f401ccf2446 -> 723bc1c0e0d6b918dfcc308382ccd0a8
  custom:scripting/monoscript/fileName/Sprite.cs: feaf383831c6d8dc30fd1ee62a194252 -> 68532d2c61f6c3b62602737162a2ec1d
  custom:scripting/monoscript/fileName/VectorHash.cs: 73efb1b59aa72f6931fc7c991c4eeae6 -> 0ac05caaee9071a92351b076db254b0e
  custom:scripting/monoscript/fileName/TMP_InputValidator.cs: 5e0d679d98dae60baa87977011e0ed51 -> e99335724872b7fcd0e5352c682debe0
  custom:scripting/monoscript/fileName/ObjExporter.cs: c82ccdbcc64a076a13c2f8aab8afbc5a -> f76ea5992fc1638cd329a47af7421ff2
  custom:scripting/monoscript/fileName/VertexManipulationTool.cs: 285f01fa4b22517173c175fb8dc94e60 -> 6c9885d0c0ce7e91ada99245859b6282
  custom:scripting/monoscript/fileName/VertexUtility.cs: 052e4b725d8884d92d676e6d212b34e9 -> d0165786e6cc9eb484d7ca11d8521f29
  custom:scripting/monoscript/fileName/NewBezierShape.cs: 2b4083186ccd0d651beb42f17f850f7e -> 55ed07965ee19ea782befd50d4e70796
  custom:scripting/monoscript/fileName/TMP_DefaultControls.cs: 2673e29173eb9307fa53ee17c15332ed -> 1798ee96b3c83cf7d4cea690bb04976a
  custom:scripting/monoscript/fileName/TMP_UIStyleManager.cs: 66d96f3fa9ea14a5a6ed3f92d3bbe0f1 -> f54fffa86b286da3a3329c601ca8d03e
  custom:scripting/monoscript/fileName/FlipFaceNormals.cs: b425fafc3a8e4b16ac0ff7feea8fc66b -> 05ee004a25fc472818454f533c58d44a
  custom:scripting/monoscript/fileName/TMP_SelectionCaret.cs: d2a06fefe973175bffa10d62f788c481 -> ed141b1915a10b9c7ff9136666b54ee9
  custom:scripting/monoscript/fileName/AssetIdRemapEditor.cs: c3f34756c8a6598c4cf15f5e847bf414 -> b101c0148ed87c9402e1b92e19874e20
  custom:scripting/monoscript/fileName/EditorToolsContexts.cs: 2d17066c287657c5db318975da74e7af -> 6cd5542a801a031fe071267d10480b9d
  custom:scripting/monoscript/fileName/TriangulateObject.cs: 552194489d8ee542e612ed9b3681ec44 -> 748d938029092e3170c8c658591a67d5
  custom:scripting/monoscript/fileName/DoubleMath.cs: d3a713d6df919a256ea9b090c3b84b43 -> 14977dd02f104c4ff8b45a4a5479c978
  custom:scripting/monoscript/fileName/ProBuilderSettingsProvider.cs: 31c7f11630ae278eb11b8b1b3b44c0ad -> 13beb7e19435cf9f346fa945eea48a58
  custom:scripting/monoscript/fileName/AdvancingFront.cs: ba4e7f8c74fb24a84261ff39b2535119 -> 9f3ce40a422fb6016a318c8ee109c89b
  custom:scripting/monoscript/fileName/Version.cs: 2140673570cb0dbe2b0365f572525f99 -> f0b9c4d54aef1e586fc652cfdc620f4c
  custom:scripting/monoscript/fileName/CollapseVertices.cs: b8f4877fb9cdb02e00dd9b33b403fa7c -> dc3e1016a661dce32e47367904825a91
  custom:scripting/monoscript/fileName/ObjectPool.cs: 90647cc400823b41df847a6cbfc29026 -> 8f6297df34271fdb1ce2d9607ec6261d
TcpMessagingSession - receive error
AssetImportWorkerClient::OnTransportError - code=2 error=End of file
